info: POST en /api/sessions/login- 7/19/2024, 12:59:44 AM
warning: No ingreso todos los datos- (Email , Contraseña)
info: POST en /api/sessions/login- 7/19/2024, 12:59:58 AM
warning: Ingreso un email no valido
info: POST en /api/sessions/login- 7/19/2024, 1:00:04 AM
warning: Ingreso un email no valido
info: POST en /api/sessions/login- 7/19/2024, 1:00:11 AM
info: POST en /api/sessions/login- 7/19/2024, 1:00:51 AM
info: GET en /loggerTest- 7/21/2024, 6:49:29 AM
info: GET en /loggerTest- 7/21/2024, 6:49:29 AM
info: Hola desde el logger-info
info: Hola desde el logger-info
info: GET en /favicon.ico- 7/21/2024, 6:49:29 AM
info: GET en /favicon.ico- 7/21/2024, 6:49:29 AM
info: GET en /loggerTest- 7/21/2024, 6:52:22 AM
info: GET en /loggerTest- 7/21/2024, 6:52:22 AM
info: info desde el /logerTest
info: info desde el /logerTest
http: hhtpp desde el /logerTest
warning: warninrg desde el /logerTest
error: error desde el /logerTest
http: hhtpp desde el /logerTest
warning: warninrg desde el /logerTest
error: error desde el /logerTest
fatal: fatal , desde el /logertest
info: GET en /- 7/24/2024, 3:11:53 AM
info: GET en /- 7/24/2024, 3:11:53 AM
info: GET en /js/login.js- 7/24/2024, 3:11:53 AM
info: GET en /js/login.js- 7/24/2024, 3:11:53 AM
info: GET en /favicon.ico- 7/24/2024, 3:11:53 AM
info: GET en /favicon.ico- 7/24/2024, 3:11:53 AM
info: POST en /api/sessions/login- 7/24/2024, 3:12:04 AM
info: POST en /api/sessions/login- 7/24/2024, 3:12:04 AM
warning: Ingreso un email no valido
warning: Ingreso un email no valido
error: undefined {"cause":"Credenciales invalidas","code":2,"name":"Error al iniciar sesion"}
error: undefined {"cause":"Credenciales invalidas","code":2,"name":"Error al iniciar sesion"}
info: GET en /api/sessions/register- 7/24/2024, 3:12:09 AM
info: GET en /api/sessions/register- 7/24/2024, 3:12:09 AM
info: GET en /js/register.js- 7/24/2024, 3:12:09 AM
info: GET en /js/register.js- 7/24/2024, 3:12:09 AM
info: POST en /api/sessions/register- 7/24/2024, 3:12:40 AM
info: POST en /api/sessions/register- 7/24/2024, 3:12:40 AM
info: GET en /api/views/products- 7/24/2024, 3:12:41 AM
info: GET en /api/views/products- 7/24/2024, 3:12:41 AM
info: GET en /api/views/products- 7/24/2024, 3:12:41 AM
info: GET en /api/views/products- 7/24/2024, 3:12:41 AM
info: GET en /js/products.js- 7/24/2024, 3:12:41 AM
info: GET en /js/products.js- 7/24/2024, 3:12:41 AM
info: GET en /js/cart.js- 7/24/2024, 3:12:41 AM
info: GET en /js/cart.js- 7/24/2024, 3:12:41 AM
info: GET en /api/sessions/edit- 7/24/2024, 3:12:45 AM
info: GET en /api/sessions/edit- 7/24/2024, 3:12:45 AM
info: GET en /favicon.ico- 7/24/2024, 3:23:02 AM
info: GET en /favicon.ico- 7/24/2024, 3:23:02 AM
info: GET en /api/views/products- 7/24/2024, 3:23:41 AM
info: GET en /api/views/products- 7/24/2024, 3:23:41 AM
info: GET en /api/views/products- 7/24/2024, 3:23:41 AM
info: GET en /api/views/products- 7/24/2024, 3:23:41 AM
info: GET en /js/products.js- 7/24/2024, 3:23:41 AM
info: GET en /js/products.js- 7/24/2024, 3:23:41 AM
info: GET en /js/cart.js- 7/24/2024, 3:23:41 AM
info: GET en /js/cart.js- 7/24/2024, 3:23:41 AM
info: GET en /api/views/editPerfil- 7/24/2024, 3:23:43 AM
info: GET en /api/views/editPerfil- 7/24/2024, 3:23:43 AM
info: GET en /api/views/editPerfil- 7/24/2024, 3:24:50 AM
info: GET en /api/views/editPerfil- 7/24/2024, 3:24:50 AM
info: GET en /api/views/editPerfil- 7/24/2024, 3:25:27 AM
info: GET en /api/views/editPerfil- 7/24/2024, 3:25:27 AM
info: GET en /- 7/25/2024, 4:35:54 AM
info: GET en /- 7/25/2024, 4:35:54 AM
info: GET en /js/login.js- 7/25/2024, 4:35:54 AM
info: GET en /js/login.js- 7/25/2024, 4:35:54 AM
info: GET en /favicon.ico- 7/25/2024, 4:35:54 AM
info: GET en /favicon.ico- 7/25/2024, 4:35:54 AM
info: GET en /pruebas/sendmail- 7/25/2024, 4:36:04 AM
info: GET en /pruebas/sendmail- 7/25/2024, 4:36:04 AM
info: GET en /pruebas/mail- 7/25/2024, 4:36:13 AM
info: GET en /pruebas/mail- 7/25/2024, 4:36:13 AM
info: GET en /favicon.ico- 7/25/2024, 4:36:13 AM
info: GET en /favicon.ico- 7/25/2024, 4:36:13 AM
info: GET en /pruebas/mail- 7/25/2024, 5:06:50 AM
info: GET en /pruebas/mail- 7/25/2024, 5:06:50 AM
info: GET en /pruebas/mail- 7/25/2024, 5:09:33 AM
info: GET en /pruebas/mail- 7/25/2024, 5:09:33 AM
info: GET en /pruebas/mail- 7/25/2024, 5:12:10 AM
info: GET en /pruebas/mail- 7/25/2024, 5:12:10 AM
info: GET en /api/views/re-pass- 7/25/2024, 5:13:12 AM
info: GET en /api/views/re-pass- 7/25/2024, 5:13:12 AM
info: GET en /- 7/25/2024, 11:40:27 PM
info: GET en /- 7/25/2024, 11:40:27 PM
info: GET en /js/login.js- 7/25/2024, 11:40:27 PM
info: GET en /js/login.js- 7/25/2024, 11:40:27 PM
info: GET en /favicon.ico- 7/25/2024, 11:40:28 PM
info: GET en /favicon.ico- 7/25/2024, 11:40:28 PM
info: GET en /- 7/25/2024, 11:44:37 PM
info: GET en /- 7/25/2024, 11:44:37 PM
info: GET en /js/login.js- 7/25/2024, 11:44:37 PM
info: GET en /js/login.js- 7/25/2024, 11:44:37 PM
info: GET en /favicon.ico- 7/25/2024, 11:44:37 PM
info: GET en /favicon.ico- 7/25/2024, 11:44:37 PM
info: GET en /- 7/25/2024, 11:48:57 PM
info: GET en /- 7/25/2024, 11:48:57 PM
info: GET en /js/login.js- 7/25/2024, 11:48:57 PM
info: GET en /js/login.js- 7/25/2024, 11:48:57 PM
info: GET en /favicon.ico- 7/25/2024, 11:48:57 PM
info: GET en /favicon.ico- 7/25/2024, 11:48:57 PM
info: GET en /?reset-email=afssafasf%40gmail.com- 7/25/2024, 11:49:06 PM
info: GET en /?reset-email=afssafasf%40gmail.com- 7/25/2024, 11:49:06 PM
info: GET en /js/login.js- 7/25/2024, 11:49:06 PM
info: GET en /js/login.js- 7/25/2024, 11:49:06 PM
info: GET en /?reset-email=afssafasf%40gmail.com- 7/25/2024, 11:49:18 PM
info: GET en /?reset-email=afssafasf%40gmail.com- 7/25/2024, 11:49:18 PM
info: GET en /js/login.js- 7/25/2024, 11:49:19 PM
info: GET en /js/login.js- 7/25/2024, 11:49:19 PM
info: GET en /favicon.ico- 7/25/2024, 11:49:19 PM
info: GET en /favicon.ico- 7/25/2024, 11:49:19 PM
info: GET en /?reset-email=1234%40gmail.com- 7/25/2024, 11:49:25 PM
info: GET en /?reset-email=1234%40gmail.com- 7/25/2024, 11:49:25 PM
info: GET en /js/login.js- 7/25/2024, 11:49:25 PM
info: GET en /js/login.js- 7/25/2024, 11:49:25 PM
info: GET en /?reset-email=1234%40gmail.com- 7/25/2024, 11:50:04 PM
info: GET en /?reset-email=1234%40gmail.com- 7/25/2024, 11:50:04 PM
info: GET en /js/login.js- 7/25/2024, 11:50:04 PM
info: GET en /js/login.js- 7/25/2024, 11:50:04 PM
info: GET en /favicon.ico- 7/25/2024, 11:50:04 PM
info: GET en /favicon.ico- 7/25/2024, 11:50:04 PM
info: GET en /?reset-email=1234%40gmail.com- 7/25/2024, 11:50:51 PM
info: GET en /?reset-email=1234%40gmail.com- 7/25/2024, 11:50:51 PM
info: GET en /js/login.js- 7/25/2024, 11:50:52 PM
info: GET en /js/login.js- 7/25/2024, 11:50:52 PM
info: GET en /favicon.ico- 7/25/2024, 11:50:52 PM
info: GET en /favicon.ico- 7/25/2024, 11:50:52 PM
info: GET en /?reset-email=1234%40gmail.com- 7/26/2024, 12:02:58 AM
info: GET en /?reset-email=1234%40gmail.com- 7/26/2024, 12:02:58 AM
info: GET en /js/login.js- 7/26/2024, 12:02:58 AM
info: GET en /js/login.js- 7/26/2024, 12:02:58 AM
info: GET en /favicon.ico- 7/26/2024, 12:02:59 AM
info: GET en /favicon.ico- 7/26/2024, 12:02:59 AM
info: POST en /api/sessions/forgot-password- 7/26/2024, 12:03:00 AM
info: POST en /api/sessions/forgot-password- 7/26/2024, 12:03:00 AM
info: POST en /api/sessions/forgot-password- 7/26/2024, 12:03:02 AM
info: POST en /api/sessions/forgot-password- 7/26/2024, 12:03:02 AM
info: POST en /api/sessions/forgot-password- 7/26/2024, 12:07:35 AM
info: POST en /api/sessions/forgot-password- 7/26/2024, 12:07:35 AM
info: No ingreso un Email
info: No ingreso un Email
info: POST en /api/sessions/forgot-password- 7/26/2024, 12:08:15 AM
info: POST en /api/sessions/forgot-password- 7/26/2024, 12:08:15 AM
info: No ingreso un Email
info: No ingreso un Email
info: GET en /?reset-email=1234%40gmail.com- 7/26/2024, 12:08:17 AM
info: GET en /?reset-email=1234%40gmail.com- 7/26/2024, 12:08:17 AM
info: GET en /js/login.js- 7/26/2024, 12:08:17 AM
info: GET en /js/login.js- 7/26/2024, 12:08:17 AM
info: GET en /favicon.ico- 7/26/2024, 12:08:18 AM
info: GET en /favicon.ico- 7/26/2024, 12:08:18 AM
info: POST en /api/sessions/forgot-password- 7/26/2024, 12:08:18 AM
info: POST en /api/sessions/forgot-password- 7/26/2024, 12:08:18 AM
info: No ingreso un Email
info: No ingreso un Email
info: POST en /api/sessions/forgot-password- 7/26/2024, 12:08:44 AM
info: POST en /api/sessions/forgot-password- 7/26/2024, 12:08:44 AM
info: No ingreso un Email
info: No ingreso un Email
info: POST en /api/sessions/forgot-password- 7/26/2024, 12:09:22 AM
info: POST en /api/sessions/forgot-password- 7/26/2024, 12:09:22 AM
info: POST en /api/sessions/forgot-password- 7/26/2024, 12:09:51 AM
info: POST en /api/sessions/forgot-password- 7/26/2024, 12:09:51 AM
info: No ingreso un Email
info: No ingreso un Email
info: POST en /api/sessions/forgot-password- 7/26/2024, 12:10:07 AM
info: POST en /api/sessions/forgot-password- 7/26/2024, 12:10:07 AM
info: No ingreso un Email
info: No ingreso un Email
info: GET en /?reset-email=1234%40gmail.com- 7/26/2024, 12:10:11 AM
info: GET en /?reset-email=1234%40gmail.com- 7/26/2024, 12:10:11 AM
info: GET en /js/login.js- 7/26/2024, 12:10:11 AM
info: GET en /js/login.js- 7/26/2024, 12:10:11 AM
info: GET en /favicon.ico- 7/26/2024, 12:10:12 AM
info: GET en /favicon.ico- 7/26/2024, 12:10:12 AM
info: POST en /api/sessions/forgot-password- 7/26/2024, 12:10:12 AM
info: POST en /api/sessions/forgot-password- 7/26/2024, 12:10:12 AM
info: No ingreso un Email
info: No ingreso un Email
info: POST en /api/sessions/forgot-password- 7/26/2024, 12:14:53 AM
info: POST en /api/sessions/forgot-password- 7/26/2024, 12:14:53 AM
info: Ingreso un email no valido
info: Ingreso un email no valido
info: POST en /api/sessions/forgot-password- 7/26/2024, 12:15:04 AM
info: POST en /api/sessions/forgot-password- 7/26/2024, 12:15:04 AM
info: Ingreso un email no valido
info: Ingreso un email no valido
info: POST en /api/sessions/forgot-password- 7/26/2024, 12:15:06 AM
info: POST en /api/sessions/forgot-password- 7/26/2024, 12:15:06 AM
info: Ingreso un email no valido
info: Ingreso un email no valido
info: POST en /api/sessions/forgot-password- 7/26/2024, 12:19:19 AM
info: POST en /api/sessions/forgot-password- 7/26/2024, 12:19:19 AM
info: Ingreso un email no valido
info: Ingreso un email no valido
info: POST en /api/sessions/forgot-password- 7/26/2024, 12:20:48 AM
info: POST en /api/sessions/forgot-password- 7/26/2024, 12:20:48 AM
info: POST en /api/sessions/forgot-password- 7/26/2024, 12:21:08 AM
info: POST en /api/sessions/forgot-password- 7/26/2024, 12:21:08 AM
info: GET en /api/views/re-pass- 7/26/2024, 12:22:47 AM
info: GET en /api/views/re-pass- 7/26/2024, 12:22:47 AM
info: GET en /api/views/re-pass- 7/26/2024, 12:29:12 AM
info: GET en /api/views/re-pass- 7/26/2024, 12:29:12 AM
info: GET en /api/views/resetPassword- 7/26/2024, 12:31:48 AM
info: GET en /api/views/resetPassword- 7/26/2024, 12:31:48 AM
info: GET en /js/reset-password.js- 7/26/2024, 12:31:48 AM
info: GET en /js/reset-password.js- 7/26/2024, 12:31:48 AM
info: GET en /js/reset-password.js- 7/26/2024, 12:31:48 AM
info: GET en /js/reset-password.js- 7/26/2024, 12:31:48 AM
info: GET en /favicon.ico- 7/26/2024, 12:31:48 AM
info: GET en /favicon.ico- 7/26/2024, 12:31:48 AM
info: GET en /api/views/resetPassword- 7/26/2024, 12:33:54 AM
info: GET en /api/views/resetPassword- 7/26/2024, 12:33:54 AM
info: GET en /api/views/resetPassword- 7/26/2024, 12:35:37 AM
info: GET en /api/views/resetPassword- 7/26/2024, 12:35:37 AM
info: GET en /api/views/resetPassword?new-password=12345- 7/26/2024, 12:35:39 AM
info: GET en /api/views/resetPassword?new-password=12345- 7/26/2024, 12:35:39 AM
info: GET en /api/views/resetPassword?new-password=12345- 7/26/2024, 12:36:15 AM
info: GET en /api/views/resetPassword?new-password=12345- 7/26/2024, 12:36:15 AM
info: GET en /favicon.ico- 7/26/2024, 12:36:15 AM
info: GET en /favicon.ico- 7/26/2024, 12:36:15 AM
info: GET en /api/views/resetPassword?new-password=123456- 7/26/2024, 12:36:17 AM
info: GET en /api/views/resetPassword?new-password=123456- 7/26/2024, 12:36:17 AM
info: GET en /favicon.ico- 7/26/2024, 12:36:18 AM
info: GET en /favicon.ico- 7/26/2024, 12:36:18 AM
info: GET en /api/views/resetPassword?new-password=123- 7/26/2024, 12:36:21 AM
info: GET en /api/views/resetPassword?new-password=123- 7/26/2024, 12:36:21 AM
info: GET en /api/views/resetPassword?new-password=123- 7/26/2024, 12:39:01 AM
info: GET en /api/views/resetPassword?new-password=123- 7/26/2024, 12:39:01 AM
info: GET en /favicon.ico- 7/26/2024, 12:39:01 AM
info: GET en /favicon.ico- 7/26/2024, 12:39:01 AM
info: GET en /api/views/resetPassword?new-password=2333- 7/26/2024, 12:39:03 AM
info: GET en /api/views/resetPassword?new-password=2333- 7/26/2024, 12:39:03 AM
info: GET en /favicon.ico- 7/26/2024, 12:39:03 AM
info: GET en /favicon.ico- 7/26/2024, 12:39:03 AM
info: GET en /api/views/resetPassword?new-password=2333- 7/26/2024, 12:40:29 AM
info: GET en /api/views/resetPassword?new-password=2333- 7/26/2024, 12:40:29 AM
info: GET en /favicon.ico- 7/26/2024, 12:40:29 AM
info: GET en /favicon.ico- 7/26/2024, 12:40:29 AM
info: POST en /api/sessions/forgot-password- 7/26/2024, 1:12:27 AM
info: POST en /api/sessions/forgot-password- 7/26/2024, 1:12:27 AM
info: GET en /?reset-email=1234%40gmail.com- 7/26/2024, 1:12:34 AM
info: GET en /?reset-email=1234%40gmail.com- 7/26/2024, 1:12:34 AM
info: GET en /js/login.js- 7/26/2024, 1:12:34 AM
info: GET en /js/login.js- 7/26/2024, 1:12:34 AM
info: GET en /favicon.ico- 7/26/2024, 1:12:35 AM
info: GET en /favicon.ico- 7/26/2024, 1:12:35 AM
info: POST en /api/sessions/forgot-password- 7/26/2024, 1:16:29 AM
info: POST en /api/sessions/forgot-password- 7/26/2024, 1:16:29 AM
info: POST en /api/sessions/forgot-password- 7/26/2024, 1:23:55 AM
info: POST en /api/sessions/forgot-password- 7/26/2024, 1:23:55 AM
info: POST en /api/sessions/forgot-password- 7/26/2024, 1:57:00 AM
info: POST en /api/sessions/forgot-password- 7/26/2024, 1:57:00 AM
info: GET en /api/views/resetPassword/eyJhbGciOiJIUzI1NiIsInR5cCI6IkpXVCJ9.eyJlbWFpbCI6ImdvbnphbG9pc21hZWxjYXNpbWlyb0BnbWFpbC5jb20iLCJpYXQiOjE3MjE5Njk4MjAsImV4cCI6MTcyMTk3MzQyMH0.b6O0SGZhSQZcWVXdX9s-Hh7J9r__Yf8_o0WQ50as9WA- 7/26/2024, 1:57:16 AM
info: GET en /api/views/resetPassword/eyJhbGciOiJIUzI1NiIsInR5cCI6IkpXVCJ9.eyJlbWFpbCI6ImdvbnphbG9pc21hZWxjYXNpbWlyb0BnbWFpbC5jb20iLCJpYXQiOjE3MjE5Njk4MjAsImV4cCI6MTcyMTk3MzQyMH0.b6O0SGZhSQZcWVXdX9s-Hh7J9r__Yf8_o0WQ50as9WA- 7/26/2024, 1:57:16 AM
info: GET en /api/views/resetPassword/eyJhbGciOiJIUzI1NiIsInR5cCI6IkpXVCJ9.eyJlbWFpbCI6ImdvbnphbG9pc21hZWxjYXNpbWlyb0BnbWFpbC5jb20iLCJpYXQiOjE3MjE5Njk4MjAsImV4cCI6MTcyMTk3MzQyMH0.b6O0SGZhSQZcWVXdX9s-Hh7J9r__Yf8_o0WQ50as9WA- 7/26/2024, 1:58:06 AM
info: GET en /api/views/resetPassword/eyJhbGciOiJIUzI1NiIsInR5cCI6IkpXVCJ9.eyJlbWFpbCI6ImdvbnphbG9pc21hZWxjYXNpbWlyb0BnbWFpbC5jb20iLCJpYXQiOjE3MjE5Njk4MjAsImV4cCI6MTcyMTk3MzQyMH0.b6O0SGZhSQZcWVXdX9s-Hh7J9r__Yf8_o0WQ50as9WA- 7/26/2024, 1:58:06 AM
info: GET en /?reset-email=1234%40gmail.com- 7/26/2024, 2:02:52 AM
info: GET en /?reset-email=1234%40gmail.com- 7/26/2024, 2:02:52 AM
info: GET en /js/login.js- 7/26/2024, 2:02:52 AM
info: GET en /js/login.js- 7/26/2024, 2:02:52 AM
info: GET en /favicon.ico- 7/26/2024, 2:02:53 AM
info: GET en /favicon.ico- 7/26/2024, 2:02:53 AM
info: GET en /api/views/resetPassword/eyJhbGciOiJIUzI1NiIsInR5cCI6IkpXVCJ9.eyJlbWFpbCI6ImdvbnphbG9pc21hZWxjYXNpbWlyb0BnbWFpbC5jb20iLCJpYXQiOjE3MjE5Njk4MjAsImV4cCI6MTcyMTk3MzQyMH0.b6O0SGZhSQZcWVXdX9s-Hh7J9r__Yf8_o0WQ50as9WA- 7/26/2024, 2:03:12 AM
info: GET en /api/views/resetPassword/eyJhbGciOiJIUzI1NiIsInR5cCI6IkpXVCJ9.eyJlbWFpbCI6ImdvbnphbG9pc21hZWxjYXNpbWlyb0BnbWFpbC5jb20iLCJpYXQiOjE3MjE5Njk4MjAsImV4cCI6MTcyMTk3MzQyMH0.b6O0SGZhSQZcWVXdX9s-Hh7J9r__Yf8_o0WQ50as9WA- 7/26/2024, 2:03:12 AM
info: GET en /api/views/resetPassword/eyJhbGciOiJIUzI1NiIsInR5cCI6IkpXVCJ9.eyJlbWFpbCI6ImdvbnphbG9pc21hZWxjYXNpbWlyb0BnbWFpbC5jb20iLCJpYXQiOjE3MjE5Njk4MjAsImV4cCI6MTcyMTk3MzQyMH0.b6O0SGZhSQZcWVXdX9s-Hh7J9r__Yf8_o0WQ50as9WA- 7/26/2024, 2:07:55 AM
info: GET en /api/views/resetPassword/eyJhbGciOiJIUzI1NiIsInR5cCI6IkpXVCJ9.eyJlbWFpbCI6ImdvbnphbG9pc21hZWxjYXNpbWlyb0BnbWFpbC5jb20iLCJpYXQiOjE3MjE5Njk4MjAsImV4cCI6MTcyMTk3MzQyMH0.b6O0SGZhSQZcWVXdX9s-Hh7J9r__Yf8_o0WQ50as9WA- 7/26/2024, 2:07:55 AM
info: GET en /api/views/resetPassword/eyJhbGciOiJIUzI1NiIsInR5cCI6IkpXVCJ9.eyJlbWFpbCI6ImdvbnphbG9pc21hZWxjYXNpbWlyb0BnbWFpbC5jb20iLCJpYXQiOjE3MjE5Njk4MjAsImV4cCI6MTcyMTk3MzQyMH0.b6O0SGZhSQZcWVXdX9s-Hh7J9r__Yf8_o0WQ50as9WA- 7/26/2024, 2:17:26 AM
info: GET en /api/views/resetPassword/eyJhbGciOiJIUzI1NiIsInR5cCI6IkpXVCJ9.eyJlbWFpbCI6ImdvbnphbG9pc21hZWxjYXNpbWlyb0BnbWFpbC5jb20iLCJpYXQiOjE3MjE5Njk4MjAsImV4cCI6MTcyMTk3MzQyMH0.b6O0SGZhSQZcWVXdX9s-Hh7J9r__Yf8_o0WQ50as9WA- 7/26/2024, 2:17:26 AM
info: GET en /api/views/resetPassword/eyJhbGciOiJIo0WQ50as9WA- 7/26/2024, 2:17:35 AM
info: GET en /api/views/resetPassword/eyJhbGciOiJIo0WQ50as9WA- 7/26/2024, 2:17:35 AM
info: GET en /api/views/resetPassword/eyJhbGciOiJIo0WQ50as9WA- 7/26/2024, 2:18:30 AM
info: GET en /api/views/resetPassword/eyJhbGciOiJIo0WQ50as9WA- 7/26/2024, 2:18:30 AM
info: GET en /api/views/resetPassword/eyJhbGciOiJIo0WQ50as9WA- 7/26/2024, 2:19:38 AM
info: GET en /api/views/resetPassword/eyJhbGciOiJIo0WQ50as9WA- 7/26/2024, 2:19:38 AM
info: Token expirado
info: Token expirado
info: GET en /api/views/resetPassword/eyJhbGciOiJIUzI1NiIsInR5cCI6IkpXVCJ9.eyJlbWFpbCI6ImdvbnphbG9pc21hZWxjYXNpbWlyb0BnbWFpbC5jb20iLCJpYXQiOjE3MjE5Njk4MjAsImV4cCI6MTcyMTk3MzQyMH0.b6O0SGZhSQZcWVXdX9s-Hh7J9r__Yf8_o0WQ50as9WA- 7/26/2024, 2:23:34 AM
info: GET en /api/views/resetPassword/eyJhbGciOiJIUzI1NiIsInR5cCI6IkpXVCJ9.eyJlbWFpbCI6ImdvbnphbG9pc21hZWxjYXNpbWlyb0BnbWFpbC5jb20iLCJpYXQiOjE3MjE5Njk4MjAsImV4cCI6MTcyMTk3MzQyMH0.b6O0SGZhSQZcWVXdX9s-Hh7J9r__Yf8_o0WQ50as9WA- 7/26/2024, 2:23:34 AM
info: POST en /api/sessions/reset-password- 7/26/2024, 2:23:40 AM
info: POST en /api/sessions/reset-password- 7/26/2024, 2:23:40 AM
info: POST en /api/sessions/reset-password- 7/26/2024, 2:23:43 AM
info: POST en /api/sessions/reset-password- 7/26/2024, 2:23:43 AM
info: POST en /api/sessions/reset-password- 7/26/2024, 2:23:44 AM
info: POST en /api/sessions/reset-password- 7/26/2024, 2:23:44 AM
info: POST en /api/sessions/reset-password- 7/26/2024, 2:23:44 AM
info: POST en /api/sessions/reset-password- 7/26/2024, 2:23:44 AM
info: POST en /api/sessions/reset-password- 7/26/2024, 2:23:45 AM
info: POST en /api/sessions/reset-password- 7/26/2024, 2:23:45 AM
info: POST en /api/sessions/reset-password- 7/26/2024, 2:23:45 AM
info: POST en /api/sessions/reset-password- 7/26/2024, 2:23:45 AM
info: POST en /api/sessions/reset-password- 7/26/2024, 2:23:45 AM
info: POST en /api/sessions/reset-password- 7/26/2024, 2:23:45 AM
info: POST en /api/sessions/reset-password- 7/26/2024, 2:23:48 AM
info: POST en /api/sessions/reset-password- 7/26/2024, 2:23:48 AM
info: POST en /api/sessions/reset-password- 7/26/2024, 2:23:48 AM
info: POST en /api/sessions/reset-password- 7/26/2024, 2:23:48 AM
info: POST en /api/sessions/reset-password- 7/26/2024, 2:23:48 AM
info: POST en /api/sessions/reset-password- 7/26/2024, 2:23:48 AM
info: GET en /api/views/resetPassword/eyJhbGciOiJIUzI1NiIsInR5cCI6IkpXVCJ9.eyJlbWFpbCI6ImdvbnphbG9pc21hZWxjYXNpbWlyb0BnbWFpbC5jb20iLCJpYXQiOjE3MjE5Njk4MjAsImV4cCI6MTcyMTk3MzQyMH0.b6O0SGZhSQZcWVXdX9s-Hh7J9r__Yf8_o0WQ50as9WA- 7/26/2024, 2:25:57 AM
info: GET en /api/views/resetPassword/eyJhbGciOiJIUzI1NiIsInR5cCI6IkpXVCJ9.eyJlbWFpbCI6ImdvbnphbG9pc21hZWxjYXNpbWlyb0BnbWFpbC5jb20iLCJpYXQiOjE3MjE5Njk4MjAsImV4cCI6MTcyMTk3MzQyMH0.b6O0SGZhSQZcWVXdX9s-Hh7J9r__Yf8_o0WQ50as9WA- 7/26/2024, 2:25:57 AM
info: POST en /api/sessions/reset-password- 7/26/2024, 2:26:03 AM
info: POST en /api/sessions/reset-password- 7/26/2024, 2:26:03 AM
info: No ingreso Contraseña
info: No ingreso Contraseña
info: POST en /api/sessions/reset-password- 7/26/2024, 2:26:30 AM
info: POST en /api/sessions/reset-password- 7/26/2024, 2:26:30 AM
info: No ingreso Contraseña
info: No ingreso Contraseña
info: POST en /api/sessions/reset-password- 7/26/2024, 2:26:46 AM
info: POST en /api/sessions/reset-password- 7/26/2024, 2:26:46 AM
info: No ingreso Contraseña
info: No ingreso Contraseña
info: GET en /api/views/resetPassword/eyJhbGciOiJIUzI1NiIsInR5cCI6IkpXVCJ9.eyJlbWFpbCI6ImdvbnphbG9pc21hZWxjYXNpbWlyb0BnbWFpbC5jb20iLCJpYXQiOjE3MjE5Njk4MjAsImV4cCI6MTcyMTk3MzQyMH0.b6O0SGZhSQZcWVXdX9s-Hh7J9r__Yf8_o0WQ50as9WA- 7/26/2024, 2:26:48 AM
info: GET en /api/views/resetPassword/eyJhbGciOiJIUzI1NiIsInR5cCI6IkpXVCJ9.eyJlbWFpbCI6ImdvbnphbG9pc21hZWxjYXNpbWlyb0BnbWFpbC5jb20iLCJpYXQiOjE3MjE5Njk4MjAsImV4cCI6MTcyMTk3MzQyMH0.b6O0SGZhSQZcWVXdX9s-Hh7J9r__Yf8_o0WQ50as9WA- 7/26/2024, 2:26:48 AM
info: POST en /api/sessions/reset-password- 7/26/2024, 2:26:50 AM
info: POST en /api/sessions/reset-password- 7/26/2024, 2:26:50 AM
info: No ingreso Contraseña
info: No ingreso Contraseña
info: POST en /api/sessions/reset-password- 7/26/2024, 2:26:51 AM
info: POST en /api/sessions/reset-password- 7/26/2024, 2:26:51 AM
info: No ingreso Contraseña
info: No ingreso Contraseña
info: GET en /api/views/resetPassword/eyJhbGciOiJIUzI1NiIsInR5cCI6IkpXVCJ9.eyJlbWFpbCI6ImdvbnphbG9pc21hZWxjYXNpbWlyb0BnbWFpbC5jb20iLCJpYXQiOjE3MjE5Njk4MjAsImV4cCI6MTcyMTk3MzQyMH0.b6O0SGZhSQZcWVXdX9s-Hh7J9r__Yf8_o0WQ50as9WA- 7/26/2024, 2:27:35 AM
info: GET en /api/views/resetPassword/eyJhbGciOiJIUzI1NiIsInR5cCI6IkpXVCJ9.eyJlbWFpbCI6ImdvbnphbG9pc21hZWxjYXNpbWlyb0BnbWFpbC5jb20iLCJpYXQiOjE3MjE5Njk4MjAsImV4cCI6MTcyMTk3MzQyMH0.b6O0SGZhSQZcWVXdX9s-Hh7J9r__Yf8_o0WQ50as9WA- 7/26/2024, 2:27:35 AM
info: GET en /favicon.ico- 7/26/2024, 2:27:36 AM
info: GET en /favicon.ico- 7/26/2024, 2:27:36 AM
info: POST en /api/sessions/reset-password- 7/26/2024, 2:27:38 AM
info: POST en /api/sessions/reset-password- 7/26/2024, 2:27:38 AM
info: POST en /api/sessions/reset-password- 7/26/2024, 2:27:57 AM
info: POST en /api/sessions/reset-password- 7/26/2024, 2:27:57 AM
info: No ingreso Contraseña
info: No ingreso Contraseña
info: GET en /api/views/resetPassword/eyJhbGciOiJIUzI1NiIsInR5cCI6IkpXVCJ9.eyJlbWFpbCI6ImdvbnphbG9pc21hZWxjYXNpbWlyb0BnbWFpbC5jb20iLCJpYXQiOjE3MjE5Njk4MjAsImV4cCI6MTcyMTk3MzQyMH0.b6O0SGZhSQZcWVXdX9s-Hh7J9r__Yf8_o0WQ50as9WA- 7/26/2024, 2:48:36 AM
info: GET en /api/views/resetPassword/eyJhbGciOiJIUzI1NiIsInR5cCI6IkpXVCJ9.eyJlbWFpbCI6ImdvbnphbG9pc21hZWxjYXNpbWlyb0BnbWFpbC5jb20iLCJpYXQiOjE3MjE5Njk4MjAsImV4cCI6MTcyMTk3MzQyMH0.b6O0SGZhSQZcWVXdX9s-Hh7J9r__Yf8_o0WQ50as9WA- 7/26/2024, 2:48:36 AM
info: GET en /favicon.ico- 7/26/2024, 2:48:36 AM
info: GET en /favicon.ico- 7/26/2024, 2:48:36 AM
info: POST en /api/sessions/reset-password- 7/26/2024, 2:48:40 AM
info: POST en /api/sessions/reset-password- 7/26/2024, 2:48:40 AM
info: Contraseña restablecida correctamente, email : gonzaloismaelcasimiro@gmail.com
info: Contraseña restablecida correctamente, email : gonzaloismaelcasimiro@gmail.com
info: GET en /api/sessions/login- 7/26/2024, 2:49:25 AM
info: GET en /api/sessions/login- 7/26/2024, 2:49:25 AM
info: GET en /js/login.js- 7/26/2024, 2:49:25 AM
info: GET en /js/login.js- 7/26/2024, 2:49:25 AM
info: GET en /favicon.ico- 7/26/2024, 2:49:25 AM
info: GET en /favicon.ico- 7/26/2024, 2:49:25 AM
info: POST en /api/sessions/login- 7/26/2024, 2:49:35 AM
info: POST en /api/sessions/login- 7/26/2024, 2:49:35 AM
info: Inicio sesion correctamente, usuario email : gonzaloismaelcasimiro@gmail.com
info: Inicio sesion correctamente, usuario email : gonzaloismaelcasimiro@gmail.com
info: GET en /api/views/products- 7/26/2024, 2:49:35 AM
info: GET en /api/views/products- 7/26/2024, 2:49:35 AM
info: GET en /api/views/products- 7/26/2024, 2:49:36 AM
info: GET en /api/views/products- 7/26/2024, 2:49:36 AM
info: GET en /js/products.js- 7/26/2024, 2:49:36 AM
info: GET en /js/products.js- 7/26/2024, 2:49:36 AM
info: GET en /js/cart.js- 7/26/2024, 2:49:36 AM
info: GET en /js/cart.js- 7/26/2024, 2:49:36 AM
info: GET en /favicon.ico- 7/26/2024, 2:49:36 AM
info: GET en /favicon.ico- 7/26/2024, 2:49:36 AM
info: GET en /api/sessions/logout- 7/26/2024, 2:49:38 AM
info: GET en /api/sessions/logout- 7/26/2024, 2:49:38 AM
info: GET en /- 7/26/2024, 2:49:38 AM
info: GET en /- 7/26/2024, 2:49:38 AM
info: GET en /js/login.js- 7/26/2024, 2:49:38 AM
info: GET en /js/login.js- 7/26/2024, 2:49:38 AM
info: GET en /api/views/resetPassword/eyJhbGciOiJIUzI1NiIsInR5cCI6IkpXVCJ9.eyJlbWFpbCI6ImdvbnphbG9pc21hZWxjYXNpbWlyb0BnbWFpbC5jb20iLCJpYXQiOjE3MjE5Njk4MjAsImV4cCI6MTcyMTk3MzQyMH0.b6O0SGZhSQZcWVXdX9s-Hh7J9r__Yf8_o0WQ50as9WA- 7/26/2024, 2:54:27 AM
info: GET en /api/views/resetPassword/eyJhbGciOiJIUzI1NiIsInR5cCI6IkpXVCJ9.eyJlbWFpbCI6ImdvbnphbG9pc21hZWxjYXNpbWlyb0BnbWFpbC5jb20iLCJpYXQiOjE3MjE5Njk4MjAsImV4cCI6MTcyMTk3MzQyMH0.b6O0SGZhSQZcWVXdX9s-Hh7J9r__Yf8_o0WQ50as9WA- 7/26/2024, 2:54:27 AM
info: GET en /favicon.ico- 7/26/2024, 2:54:28 AM
info: GET en /favicon.ico- 7/26/2024, 2:54:28 AM
info: POST en /api/sessions/reset-password- 7/26/2024, 2:54:32 AM
info: POST en /api/sessions/reset-password- 7/26/2024, 2:54:32 AM
info: No ha ingresado una contraseña distinta a la registrada
info: No ha ingresado una contraseña distinta a la registrada
info: GET en /api/views/resetPassword/eyJhbGciOiJIUzI1NiIsInR5cCI6IkpXVCJ9.eyJlbWFpbCI6ImdvbnphbG9pc21hZWxjYXNpbWlyb0BnbWFpbC5jb20iLCJpYXQiOjE3MjE5Njk4MjAsImV4cCI6MTcyMTk3MzQyMH0.b6O0SGZhSQZcWVXdX9s-Hh7J9r__Yf8_o0WQ50as9WA- 7/26/2024, 2:55:58 AM
info: GET en /api/views/resetPassword/eyJhbGciOiJIUzI1NiIsInR5cCI6IkpXVCJ9.eyJlbWFpbCI6ImdvbnphbG9pc21hZWxjYXNpbWlyb0BnbWFpbC5jb20iLCJpYXQiOjE3MjE5Njk4MjAsImV4cCI6MTcyMTk3MzQyMH0.b6O0SGZhSQZcWVXdX9s-Hh7J9r__Yf8_o0WQ50as9WA- 7/26/2024, 2:55:58 AM
info: POST en /api/sessions/reset-password- 7/26/2024, 2:56:08 AM
info: POST en /api/sessions/reset-password- 7/26/2024, 2:56:08 AM
info: No ha ingresado una contraseña distinta a la registrada
info: No ha ingresado una contraseña distinta a la registrada
info: POST en /api/sessions/reset-password- 7/26/2024, 2:56:18 AM
info: POST en /api/sessions/reset-password- 7/26/2024, 2:56:18 AM
info: Contraseña restablecida correctamente, email : gonzaloismaelcasimiro@gmail.com
info: Contraseña restablecida correctamente, email : gonzaloismaelcasimiro@gmail.com
info: GET en /- 7/26/2024, 2:56:19 AM
info: GET en /- 7/26/2024, 2:56:19 AM
info: GET en /js/login.js- 7/26/2024, 2:56:19 AM
info: GET en /js/login.js- 7/26/2024, 2:56:19 AM
info: GET en /api/views/resetPassword/eyJhbGciOiJIUzI1NiIsInR5cCI6IkpXVCJ9.eyJlbWFpbCI6ImdvbnphbG9pc21hZWxjYXNpbWlyb0BnbWFpbC5jb20iLCJpYXQiOjE3MjE5Njk4MjAsImV4cCI6MTcyMTk3MzQyMH0.b6O0SGZhSQZcWVXdX9s-Hh7J9r__Yf8_o0WQ50as9WA- 7/26/2024, 3:06:55 AM
info: GET en /api/views/resetPassword/eyJhbGciOiJIUzI1NiIsInR5cCI6IkpXVCJ9.eyJlbWFpbCI6ImdvbnphbG9pc21hZWxjYXNpbWlyb0BnbWFpbC5jb20iLCJpYXQiOjE3MjE5Njk4MjAsImV4cCI6MTcyMTk3MzQyMH0.b6O0SGZhSQZcWVXdX9s-Hh7J9r__Yf8_o0WQ50as9WA- 7/26/2024, 3:06:55 AM
info: Token expirado
info: Token expirado
info: GET en /js/login.js- 7/26/2024, 3:06:55 AM
info: GET en /js/login.js- 7/26/2024, 3:06:55 AM
info: GET en /favicon.ico- 7/26/2024, 3:06:55 AM
info: GET en /favicon.ico- 7/26/2024, 3:06:55 AM
info: GET en /api/views/resetPassword/eyJhbGciOiJIUzI1NiIsInR5cCI6IkpXVCJ9.eyJlbWFpbCI6ImdvbnphbG9pc21hZWxjYXNpbWlyb0BnbWFpbC5jb20iLCJpYXQiOjE3MjE5Njk4MjAsImV4cCI6MTcyMTk3MzQyMH0.b6O0SGZhSQZcWVXdX9s-Hh7J9r__Yf8_o0WQ50as9WA- 7/26/2024, 3:07:16 AM
info: GET en /api/views/resetPassword/eyJhbGciOiJIUzI1NiIsInR5cCI6IkpXVCJ9.eyJlbWFpbCI6ImdvbnphbG9pc21hZWxjYXNpbWlyb0BnbWFpbC5jb20iLCJpYXQiOjE3MjE5Njk4MjAsImV4cCI6MTcyMTk3MzQyMH0.b6O0SGZhSQZcWVXdX9s-Hh7J9r__Yf8_o0WQ50as9WA- 7/26/2024, 3:07:16 AM
info: Token expirado
info: Token expirado
info: GET en /js/login.js- 7/26/2024, 3:07:16 AM
info: GET en /js/login.js- 7/26/2024, 3:07:16 AM
info: GET en /api/views/resetPassword/eyJhbGciOiJIUzI1NiIsInR5cCI6IkpXVCJ9.eyJlbWFpbCI6ImdvbnphbG9pc21hZWxjYXNpbWlyb0BnbWFpbC5jb20iLCJpYXQiOjE3MjE5Njk4MjAsImV4cCI6MTcyMTk3MzQyMH0.b6O0SGZhSQZcWVXdX9s-Hh7J9r__Yf8_o0WQ50as9WA- 7/26/2024, 3:08:01 AM
info: GET en /api/views/resetPassword/eyJhbGciOiJIUzI1NiIsInR5cCI6IkpXVCJ9.eyJlbWFpbCI6ImdvbnphbG9pc21hZWxjYXNpbWlyb0BnbWFpbC5jb20iLCJpYXQiOjE3MjE5Njk4MjAsImV4cCI6MTcyMTk3MzQyMH0.b6O0SGZhSQZcWVXdX9s-Hh7J9r__Yf8_o0WQ50as9WA- 7/26/2024, 3:08:01 AM
info: Token expirado
info: Token expirado
info: GET en /js/login.js- 7/26/2024, 3:08:01 AM
info: GET en /js/login.js- 7/26/2024, 3:08:01 AM
info: GET en /api/views/resetPassword/eyJhbGciOiJIUzI1NiIsInR5cCI6IkpXVCJ9.eyJlbWFpbCI6ImdvbnphbG9pc21hZWxjYXNpbWlyb0BnbWFpbC5jb20iLCJpYXQiOjE3MjE5Njk4MjAsImV4cCI6MTcyMTk3MzQyMH0.b6O0SGZhSQZcWVXdX9s-Hh7J9r__Yf8_o0WQ50as9WA- 7/26/2024, 3:08:28 AM
info: GET en /api/views/resetPassword/eyJhbGciOiJIUzI1NiIsInR5cCI6IkpXVCJ9.eyJlbWFpbCI6ImdvbnphbG9pc21hZWxjYXNpbWlyb0BnbWFpbC5jb20iLCJpYXQiOjE3MjE5Njk4MjAsImV4cCI6MTcyMTk3MzQyMH0.b6O0SGZhSQZcWVXdX9s-Hh7J9r__Yf8_o0WQ50as9WA- 7/26/2024, 3:08:28 AM
info: Token expirado
info: Token expirado
info: GET en /js/login.js- 7/26/2024, 3:08:28 AM
info: GET en /js/login.js- 7/26/2024, 3:08:28 AM
info: GET en /- 7/27/2024, 6:01:16 AM
info: GET en /- 7/27/2024, 6:01:16 AM
info: GET en /js/login.js- 7/27/2024, 6:01:16 AM
info: GET en /js/login.js- 7/27/2024, 6:01:16 AM
info: GET en /favicon.ico- 7/27/2024, 6:01:16 AM
info: GET en /favicon.ico- 7/27/2024, 6:01:16 AM
info: POST en /api/sessions/login- 7/27/2024, 6:01:22 AM
info: POST en /api/sessions/login- 7/27/2024, 6:01:22 AM
info: Inicio sesion correctamente, usuario email : admin@gmail.com
info: Inicio sesion correctamente, usuario email : admin@gmail.com
info: GET en /api/views/admin- 7/27/2024, 6:01:22 AM
info: GET en /api/views/admin- 7/27/2024, 6:01:22 AM
info: GET en /api/views/admin- 7/27/2024, 6:01:23 AM
info: GET en /api/views/admin- 7/27/2024, 6:01:23 AM
info: GET en /favicon.ico- 7/27/2024, 6:01:23 AM
info: GET en /favicon.ico- 7/27/2024, 6:01:23 AM
info: GET en /api/views/admin/products- 7/27/2024, 6:05:13 AM
info: GET en /api/views/admin/products- 7/27/2024, 6:05:13 AM
info: GET en /js/admin/adminProducts.js- 7/27/2024, 6:05:13 AM
info: GET en /js/admin/adminProducts.js- 7/27/2024, 6:05:13 AM
info: GET en /api/sessions/logout- 7/27/2024, 6:06:53 AM
info: GET en /api/sessions/logout- 7/27/2024, 6:06:53 AM
info: GET en /- 7/27/2024, 6:06:53 AM
info: GET en /- 7/27/2024, 6:06:53 AM
info: GET en /js/login.js- 7/27/2024, 6:06:53 AM
info: GET en /js/login.js- 7/27/2024, 6:06:53 AM
info: GET en /api/sessions/register- 7/27/2024, 6:07:01 AM
info: GET en /api/sessions/register- 7/27/2024, 6:07:01 AM
info: GET en /js/register.js- 7/27/2024, 6:07:01 AM
info: GET en /js/register.js- 7/27/2024, 6:07:01 AM
info: POST en /api/sessions/register- 7/27/2024, 6:08:09 AM
info: POST en /api/sessions/register- 7/27/2024, 6:08:09 AM
info: GET en /- 7/27/2024, 6:09:07 AM
info: GET en /- 7/27/2024, 6:09:07 AM
info: GET en /- 7/27/2024, 6:11:25 AM
info: GET en /- 7/27/2024, 6:11:25 AM
info: GET en /- 7/27/2024, 6:12:40 AM
info: GET en /- 7/27/2024, 6:12:40 AM
info: GET en /api/views/products- 7/27/2024, 6:12:40 AM
info: GET en /api/views/products- 7/27/2024, 6:12:40 AM
info: GET en /js/products.js- 7/27/2024, 6:12:41 AM
info: GET en /js/products.js- 7/27/2024, 6:12:41 AM
info: GET en /js/cart.js- 7/27/2024, 6:12:41 AM
info: GET en /js/cart.js- 7/27/2024, 6:12:41 AM
info: GET en /api/views/products- 7/27/2024, 6:12:41 AM
info: GET en /api/views/products- 7/27/2024, 6:12:41 AM
info: GET en /api/views/products- 7/27/2024, 6:12:42 AM
info: GET en /api/views/products- 7/27/2024, 6:12:42 AM
info: GET en /favicon.ico- 7/27/2024, 6:12:42 AM
info: GET en /favicon.ico- 7/27/2024, 6:12:42 AM
info: GET en /api/views/products- 7/27/2024, 6:27:46 AM
info: GET en /api/views/products- 7/27/2024, 6:27:46 AM
info: GET en /favicon.ico- 7/27/2024, 6:27:46 AM
info: GET en /favicon.ico- 7/27/2024, 6:27:46 AM
info: GET en /api/views/products- 7/27/2024, 6:27:51 AM
info: GET en /api/views/products- 7/27/2024, 6:27:51 AM
info: GET en /favicon.ico- 7/27/2024, 6:27:52 AM
info: GET en /favicon.ico- 7/27/2024, 6:27:52 AM
info: GET en /favicon.ico- 7/27/2024, 6:27:53 AM
info: GET en /favicon.ico- 7/27/2024, 6:27:53 AM
info: GET en /api/views/admin/products- 7/27/2024, 6:28:29 AM
info: GET en /api/views/admin/products- 7/27/2024, 6:28:29 AM
info: GET en /favicon.ico- 7/27/2024, 6:28:29 AM
info: GET en /favicon.ico- 7/27/2024, 6:28:29 AM
info: GET en /favicon.ico- 7/27/2024, 6:28:33 AM
info: GET en /favicon.ico- 7/27/2024, 6:28:33 AM
info: GET en /- 7/27/2024, 6:28:36 AM
info: GET en /- 7/27/2024, 6:28:36 AM
info: GET en /api/views/products- 7/27/2024, 6:28:36 AM
info: GET en /api/views/products- 7/27/2024, 6:28:36 AM
info: GET en /favicon.ico- 7/27/2024, 6:28:36 AM
info: GET en /favicon.ico- 7/27/2024, 6:28:36 AM
info: GET en /api/views/products- 7/27/2024, 6:28:38 AM
info: GET en /api/views/products- 7/27/2024, 6:28:38 AM
info: GET en /favicon.ico- 7/27/2024, 6:28:38 AM
info: GET en /favicon.ico- 7/27/2024, 6:28:38 AM
info: GET en /- 7/27/2024, 6:28:42 AM
info: GET en /- 7/27/2024, 6:28:42 AM
info: GET en /api/views/products- 7/27/2024, 6:28:42 AM
info: GET en /api/views/products- 7/27/2024, 6:28:42 AM
info: GET en /favicon.ico- 7/27/2024, 6:28:42 AM
info: GET en /favicon.ico- 7/27/2024, 6:28:42 AM
info: GET en /api/views/products- 7/27/2024, 6:29:03 AM
info: GET en /api/views/products- 7/27/2024, 6:29:03 AM
info: GET en /js/products.js- 7/27/2024, 6:29:04 AM
info: GET en /js/products.js- 7/27/2024, 6:29:04 AM
info: GET en /js/cart.js- 7/27/2024, 6:29:04 AM
info: GET en /js/cart.js- 7/27/2024, 6:29:04 AM
info: GET en /api/views/products- 7/27/2024, 6:29:04 AM
info: GET en /api/views/products- 7/27/2024, 6:29:04 AM
info: GET en /api/views/products- 7/27/2024, 6:29:04 AM
info: GET en /api/views/products- 7/27/2024, 6:29:04 AM
info: GET en /favicon.ico- 7/27/2024, 6:29:04 AM
info: GET en /favicon.ico- 7/27/2024, 6:29:04 AM
info: GET en /api/views/products- 7/27/2024, 6:29:21 AM
info: GET en /api/views/products- 7/27/2024, 6:29:21 AM
info: GET en /favicon.ico- 7/27/2024, 6:29:21 AM
info: GET en /favicon.ico- 7/27/2024, 6:29:21 AM
info: GET en /api/views/products- 7/27/2024, 6:29:48 AM
info: GET en /api/views/products- 7/27/2024, 6:29:48 AM
info: GET en /js/products.js- 7/27/2024, 6:29:48 AM
info: GET en /js/products.js- 7/27/2024, 6:29:48 AM
info: GET en /js/cart.js- 7/27/2024, 6:29:48 AM
info: GET en /js/cart.js- 7/27/2024, 6:29:48 AM
info: GET en /api/views/products- 7/27/2024, 6:29:48 AM
info: GET en /api/views/products- 7/27/2024, 6:29:48 AM
info: GET en /api/views/products- 7/27/2024, 6:29:49 AM
info: GET en /api/views/products- 7/27/2024, 6:29:49 AM
info: GET en /favicon.ico- 7/27/2024, 6:29:49 AM
info: GET en /favicon.ico- 7/27/2024, 6:29:49 AM
info: GET en /api/views/products- 7/27/2024, 6:31:44 AM
info: GET en /api/views/products- 7/27/2024, 6:31:44 AM
info: GET en /js/products.js- 7/27/2024, 6:31:45 AM
info: GET en /js/products.js- 7/27/2024, 6:31:45 AM
info: GET en /js/cart.js- 7/27/2024, 6:31:45 AM
info: GET en /js/cart.js- 7/27/2024, 6:31:45 AM
info: GET en /api/views/products- 7/27/2024, 6:31:45 AM
info: GET en /api/views/products- 7/27/2024, 6:31:45 AM
info: GET en /api/views/products- 7/27/2024, 6:31:45 AM
info: GET en /api/views/products- 7/27/2024, 6:31:45 AM
info: GET en /favicon.ico- 7/27/2024, 6:31:45 AM
info: GET en /favicon.ico- 7/27/2024, 6:31:45 AM
info: GET en /api/views/products- 7/27/2024, 6:32:24 AM
info: GET en /api/views/products- 7/27/2024, 6:32:24 AM
info: GET en /js/products.js- 7/27/2024, 6:32:24 AM
info: GET en /js/products.js- 7/27/2024, 6:32:24 AM
info: GET en /js/cart.js- 7/27/2024, 6:32:24 AM
info: GET en /js/cart.js- 7/27/2024, 6:32:24 AM
info: GET en /api/views/products- 7/27/2024, 6:32:24 AM
info: GET en /api/views/products- 7/27/2024, 6:32:24 AM
info: GET en /api/views/products- 7/27/2024, 6:32:25 AM
info: GET en /api/views/products- 7/27/2024, 6:32:25 AM
info: GET en /favicon.ico- 7/27/2024, 6:32:25 AM
info: GET en /favicon.ico- 7/27/2024, 6:32:25 AM
info: GET en /api/views/products- 7/27/2024, 6:34:27 AM
info: GET en /api/views/products- 7/27/2024, 6:34:27 AM
info: GET en /js/products.js- 7/27/2024, 6:34:27 AM
info: GET en /js/products.js- 7/27/2024, 6:34:27 AM
info: GET en /js/cart.js- 7/27/2024, 6:34:27 AM
info: GET en /js/cart.js- 7/27/2024, 6:34:27 AM
info: GET en /api/views/products- 7/27/2024, 6:34:27 AM
info: GET en /api/views/products- 7/27/2024, 6:34:27 AM
info: GET en /api/views/products- 7/27/2024, 6:34:27 AM
info: GET en /api/views/products- 7/27/2024, 6:34:27 AM
info: GET en /favicon.ico- 7/27/2024, 6:34:28 AM
info: GET en /favicon.ico- 7/27/2024, 6:34:28 AM
info: GET en /api/views/products- 7/27/2024, 6:34:36 AM
info: GET en /api/views/products- 7/27/2024, 6:34:36 AM
info: GET en /api/views/products- 7/27/2024, 6:34:37 AM
info: GET en /api/views/products- 7/27/2024, 6:34:37 AM
info: GET en /js/products.js- 7/27/2024, 6:34:37 AM
info: GET en /js/products.js- 7/27/2024, 6:34:37 AM
info: GET en /js/cart.js- 7/27/2024, 6:34:37 AM
info: GET en /js/cart.js- 7/27/2024, 6:34:37 AM
info: GET en /api/views/products- 7/27/2024, 6:34:37 AM
info: GET en /api/views/products- 7/27/2024, 6:34:37 AM
info: GET en /favicon.ico- 7/27/2024, 6:34:37 AM
info: GET en /favicon.ico- 7/27/2024, 6:34:37 AM
info: GET en /api/views/products- 7/27/2024, 6:36:38 AM
info: GET en /api/views/products- 7/27/2024, 6:36:38 AM
info: GET en /js/products.js- 7/27/2024, 6:36:38 AM
info: GET en /js/products.js- 7/27/2024, 6:36:38 AM
info: GET en /js/cart.js- 7/27/2024, 6:36:38 AM
info: GET en /js/cart.js- 7/27/2024, 6:36:38 AM
info: GET en /api/views/products- 7/27/2024, 6:36:38 AM
info: GET en /api/views/products- 7/27/2024, 6:36:38 AM
info: GET en /api/views/products- 7/27/2024, 6:36:39 AM
info: GET en /api/views/products- 7/27/2024, 6:36:39 AM
info: GET en /favicon.ico- 7/27/2024, 6:36:39 AM
info: GET en /favicon.ico- 7/27/2024, 6:36:39 AM
info: GET en /api/views/products- 7/27/2024, 6:36:48 AM
info: GET en /api/views/products- 7/27/2024, 6:36:48 AM
info: GET en /api/views/products- 7/27/2024, 6:36:48 AM
info: GET en /api/views/products- 7/27/2024, 6:36:48 AM
info: GET en /js/products.js- 7/27/2024, 6:36:48 AM
info: GET en /js/products.js- 7/27/2024, 6:36:48 AM
info: GET en /js/cart.js- 7/27/2024, 6:36:48 AM
info: GET en /js/cart.js- 7/27/2024, 6:36:48 AM
info: GET en /api/views/products- 7/27/2024, 6:36:49 AM
info: GET en /api/views/products- 7/27/2024, 6:36:49 AM
info: GET en /favicon.ico- 7/27/2024, 6:36:49 AM
info: GET en /favicon.ico- 7/27/2024, 6:36:49 AM
info: GET en /api/views/products- 7/27/2024, 6:39:01 AM
info: GET en /api/views/products- 7/27/2024, 6:39:01 AM
info: GET en /favicon.ico- 7/27/2024, 6:39:01 AM
info: GET en /favicon.ico- 7/27/2024, 6:39:01 AM
info: GET en /api/views/products- 7/27/2024, 6:39:13 AM
info: GET en /api/views/products- 7/27/2024, 6:39:13 AM
info: GET en /js/products.js- 7/27/2024, 6:39:13 AM
info: GET en /js/products.js- 7/27/2024, 6:39:13 AM
info: GET en /js/cart.js- 7/27/2024, 6:39:13 AM
info: GET en /js/cart.js- 7/27/2024, 6:39:13 AM
info: GET en /api/views/products- 7/27/2024, 6:39:13 AM
info: GET en /api/views/products- 7/27/2024, 6:39:13 AM
info: GET en /api/views/products- 7/27/2024, 6:39:14 AM
info: GET en /api/views/products- 7/27/2024, 6:39:14 AM
info: GET en /favicon.ico- 7/27/2024, 6:39:14 AM
info: GET en /favicon.ico- 7/27/2024, 6:39:14 AM
info: GET en /api/views/admin/products- 7/27/2024, 6:39:17 AM
info: GET en /api/views/admin/products- 7/27/2024, 6:39:17 AM
info: GET en /favicon.ico- 7/27/2024, 6:39:17 AM
info: GET en /favicon.ico- 7/27/2024, 6:39:17 AM
info: GET en /api/views/admin/products- 7/27/2024, 6:59:58 AM
info: GET en /api/views/admin/products- 7/27/2024, 6:59:58 AM
info: GET en /favicon.ico- 7/27/2024, 6:59:58 AM
info: GET en /favicon.ico- 7/27/2024, 6:59:58 AM
info: GET en /api/views/admin/products- 7/27/2024, 7:00:20 AM
info: GET en /api/views/admin/products- 7/27/2024, 7:00:20 AM
info: GET en /favicon.ico- 7/27/2024, 7:00:20 AM
info: GET en /favicon.ico- 7/27/2024, 7:00:20 AM
info: GET en /api/views/admin/products- 7/27/2024, 7:01:26 AM
info: GET en /api/views/admin/products- 7/27/2024, 7:01:26 AM
info: GET en /favicon.ico- 7/27/2024, 7:01:26 AM
info: GET en /favicon.ico- 7/27/2024, 7:01:26 AM
info: GET en /api/views/admin/products- 7/27/2024, 7:01:28 AM
info: GET en /api/views/admin/products- 7/27/2024, 7:01:28 AM
info: GET en /favicon.ico- 7/27/2024, 7:01:29 AM
info: GET en /favicon.ico- 7/27/2024, 7:01:29 AM
info: GET en /api/views/admin/products- 7/27/2024, 7:01:30 AM
info: GET en /api/views/admin/products- 7/27/2024, 7:01:30 AM
info: GET en /favicon.ico- 7/27/2024, 7:01:30 AM
info: GET en /favicon.ico- 7/27/2024, 7:01:30 AM
info: GET en /api/views/admin/products- 7/27/2024, 7:01:50 AM
info: GET en /api/views/admin/products- 7/27/2024, 7:01:50 AM
info: GET en /favicon.ico- 7/27/2024, 7:01:50 AM
info: GET en /favicon.ico- 7/27/2024, 7:01:50 AM
info: GET en /api/views/admin/products- 7/27/2024, 7:02:59 AM
info: GET en /api/views/admin/products- 7/27/2024, 7:02:59 AM
info: GET en /js/admin/adminProducts.js- 7/27/2024, 7:03:00 AM
info: GET en /js/admin/adminProducts.js- 7/27/2024, 7:03:00 AM
info: GET en /favicon.ico- 7/27/2024, 7:03:00 AM
info: GET en /favicon.ico- 7/27/2024, 7:03:00 AM
info: GET en /api/views/admin/products- 7/27/2024, 7:05:58 AM
info: GET en /api/views/admin/products- 7/27/2024, 7:05:58 AM
info: GET en /js/admin/adminProducts.js- 7/27/2024, 7:05:58 AM
info: GET en /js/admin/adminProducts.js- 7/27/2024, 7:05:58 AM
info: GET en /favicon.ico- 7/27/2024, 7:05:59 AM
info: GET en /favicon.ico- 7/27/2024, 7:05:59 AM
info: GET en /api/views/admin/products- 7/27/2024, 7:06:30 AM
info: GET en /api/views/admin/products- 7/27/2024, 7:06:30 AM
info: GET en /js/admin/adminProducts.js- 7/27/2024, 7:06:30 AM
info: GET en /js/admin/adminProducts.js- 7/27/2024, 7:06:30 AM
info: GET en /favicon.ico- 7/27/2024, 7:06:31 AM
info: GET en /favicon.ico- 7/27/2024, 7:06:31 AM
info: GET en /api/views/admin/products- 7/27/2024, 7:06:46 AM
info: GET en /api/views/admin/products- 7/27/2024, 7:06:46 AM
info: GET en /js/admin/adminProducts.js- 7/27/2024, 7:06:46 AM
info: GET en /js/admin/adminProducts.js- 7/27/2024, 7:06:46 AM
info: GET en /favicon.ico- 7/27/2024, 7:06:46 AM
info: GET en /favicon.ico- 7/27/2024, 7:06:46 AM
info: GET en /api/views/admin/products- 7/27/2024, 7:30:20 AM
info: GET en /api/views/admin/products- 7/27/2024, 7:30:20 AM
info: GET en /js/admin/adminProducts.js- 7/27/2024, 7:30:20 AM
info: GET en /js/admin/adminProducts.js- 7/27/2024, 7:30:20 AM
info: GET en /favicon.ico- 7/27/2024, 7:30:20 AM
info: GET en /favicon.ico- 7/27/2024, 7:30:20 AM
info: GET en /api/views/admin/products- 7/27/2024, 7:32:49 AM
info: GET en /api/views/admin/products- 7/27/2024, 7:32:49 AM
info: GET en /favicon.ico- 7/27/2024, 7:32:49 AM
info: GET en /favicon.ico- 7/27/2024, 7:32:49 AM
info: GET en /api/views/admin/products- 7/27/2024, 7:32:50 AM
info: GET en /api/views/admin/products- 7/27/2024, 7:32:50 AM
info: GET en /favicon.ico- 7/27/2024, 7:32:50 AM
info: GET en /favicon.ico- 7/27/2024, 7:32:50 AM
info: GET en /api/views/admin/products- 7/27/2024, 7:33:07 AM
info: GET en /api/views/admin/products- 7/27/2024, 7:33:07 AM
info: GET en /js/admin/adminProducts.js- 7/27/2024, 7:33:07 AM
info: GET en /js/admin/adminProducts.js- 7/27/2024, 7:33:07 AM
info: GET en /favicon.ico- 7/27/2024, 7:33:07 AM
info: GET en /favicon.ico- 7/27/2024, 7:33:07 AM
info: GET en /api/views/admin/products- 7/27/2024, 7:37:34 AM
info: GET en /api/views/admin/products- 7/27/2024, 7:37:34 AM
info: GET en /js/admin/adminProducts.js- 7/27/2024, 7:37:34 AM
info: GET en /js/admin/adminProducts.js- 7/27/2024, 7:37:34 AM
info: GET en /favicon.ico- 7/27/2024, 7:37:35 AM
info: GET en /favicon.ico- 7/27/2024, 7:37:35 AM
info: GET en /api/views/admin/products- 7/27/2024, 7:37:44 AM
info: GET en /api/views/admin/products- 7/27/2024, 7:37:44 AM
info: GET en /js/admin/adminProducts.js- 7/27/2024, 7:37:44 AM
info: GET en /js/admin/adminProducts.js- 7/27/2024, 7:37:44 AM
info: GET en /favicon.ico- 7/27/2024, 7:37:44 AM
info: GET en /favicon.ico- 7/27/2024, 7:37:44 AM
info: GET en /api/views/admin/products- 7/27/2024, 7:37:46 AM
info: GET en /api/views/admin/products- 7/27/2024, 7:37:46 AM
info: GET en /js/admin/adminProducts.js- 7/27/2024, 7:37:46 AM
info: GET en /js/admin/adminProducts.js- 7/27/2024, 7:37:46 AM
info: GET en /favicon.ico- 7/27/2024, 7:37:47 AM
info: GET en /favicon.ico- 7/27/2024, 7:37:47 AM
info: GET en /api/views/admin/products- 7/27/2024, 7:39:47 AM
info: GET en /api/views/admin/products- 7/27/2024, 7:39:47 AM
info: GET en /js/admin/adminProducts.js- 7/27/2024, 7:39:47 AM
info: GET en /js/admin/adminProducts.js- 7/27/2024, 7:39:47 AM
info: GET en /favicon.ico- 7/27/2024, 7:39:47 AM
info: GET en /favicon.ico- 7/27/2024, 7:39:47 AM
info: POST en /api/views/products- 7/27/2024, 7:48:47 AM
info: POST en /api/views/products- 7/27/2024, 7:48:47 AM
info: GET en /products/code/66a4d08f3d496a0aff87d55d- 7/27/2024, 7:49:01 AM
info: GET en /products/code/66a4d08f3d496a0aff87d55d- 7/27/2024, 7:49:01 AM
info: GET en /products/code/66a4d08f3d496a0aff87d55d- 7/27/2024, 7:49:13 AM
info: GET en /products/code/66a4d08f3d496a0aff87d55d- 7/27/2024, 7:49:13 AM
info: POST en /api/views/products- 7/27/2024, 7:50:39 AM
info: POST en /api/views/products- 7/27/2024, 7:50:39 AM
info: POST en /api/views/products- 7/27/2024, 7:51:20 AM
info: POST en /api/views/products- 7/27/2024, 7:51:20 AM
info: GET en /api/views/admin/products- 7/27/2024, 7:51:42 AM
info: GET en /api/views/admin/products- 7/27/2024, 7:51:42 AM
info: GET en /js/admin/adminProducts.js- 7/27/2024, 7:51:42 AM
info: GET en /js/admin/adminProducts.js- 7/27/2024, 7:51:42 AM
info: GET en /favicon.ico- 7/27/2024, 7:51:42 AM
info: GET en /favicon.ico- 7/27/2024, 7:51:42 AM
info: GET en /api/views/admin/products- 7/27/2024, 7:52:24 AM
info: GET en /api/views/admin/products- 7/27/2024, 7:52:24 AM
info: GET en /js/admin/adminProducts.js- 7/27/2024, 7:52:24 AM
info: GET en /js/admin/adminProducts.js- 7/27/2024, 7:52:24 AM
info: GET en /favicon.ico- 7/27/2024, 7:52:24 AM
info: GET en /favicon.ico- 7/27/2024, 7:52:24 AM
info: POST en /api/views/products- 7/27/2024, 7:52:30 AM
info: POST en /api/views/products- 7/27/2024, 7:52:30 AM
info: POST en /api/views/products- 7/27/2024, 7:53:31 AM
info: POST en /api/views/products- 7/27/2024, 7:53:31 AM
info: GET en /products/code/66a4d08f3d496a0aff87d55d- 7/27/2024, 7:53:41 AM
info: GET en /products/code/66a4d08f3d496a0aff87d55d- 7/27/2024, 7:53:41 AM
info: DELETE en /products- 7/27/2024, 7:53:46 AM
info: DELETE en /products- 7/27/2024, 7:53:46 AM
info: GET en /api/views/admin/products- 7/27/2024, 7:54:08 AM
info: GET en /api/views/admin/products- 7/27/2024, 7:54:08 AM
info: GET en /js/admin/adminProducts.js- 7/27/2024, 7:54:08 AM
info: GET en /js/admin/adminProducts.js- 7/27/2024, 7:54:08 AM
info: GET en /favicon.ico- 7/27/2024, 7:54:09 AM
info: GET en /favicon.ico- 7/27/2024, 7:54:09 AM
info: POST en /api/views/products- 7/27/2024, 7:54:15 AM
info: POST en /api/views/products- 7/27/2024, 7:54:15 AM
info: GET en /products/code/66a4d1d7388264f61a320bb0- 7/27/2024, 7:54:28 AM
info: GET en /products/code/66a4d1d7388264f61a320bb0- 7/27/2024, 7:54:28 AM
info: GET en /products/code/66a4d1d7388264f61a320bb0- 7/27/2024, 7:59:16 AM
info: GET en /products/code/66a4d1d7388264f61a320bb0- 7/27/2024, 7:59:16 AM
info: GET en /products/code/123BCDA- 7/27/2024, 7:59:39 AM
info: GET en /products/code/123BCDA- 7/27/2024, 7:59:39 AM
info: GET en /api/views/update/66a4d1d7388264f61a320bb0- 7/27/2024, 7:59:42 AM
info: GET en /api/views/update/66a4d1d7388264f61a320bb0- 7/27/2024, 7:59:42 AM
info: GET en /favicon.ico- 7/27/2024, 7:59:43 AM
info: GET en /favicon.ico- 7/27/2024, 7:59:43 AM
info: GET en /api/views/update/66a4d1d7388264f61a320bb0- 7/27/2024, 8:40:37 AM
info: GET en /api/views/update/66a4d1d7388264f61a320bb0- 7/27/2024, 8:40:37 AM
info: GET en /js/admin/editProduct.js- 7/27/2024, 8:40:37 AM
info: GET en /js/admin/editProduct.js- 7/27/2024, 8:40:37 AM
info: GET en /api/views/update/URL_DE_LA_IMAGEN- 7/27/2024, 8:40:37 AM
info: GET en /api/views/update/URL_DE_LA_IMAGEN- 7/27/2024, 8:40:37 AM
info: GET en /favicon.ico- 7/27/2024, 8:40:37 AM
info: GET en /favicon.ico- 7/27/2024, 8:40:37 AM
info: GET en /favicon.ico- 7/27/2024, 8:40:52 AM
info: GET en /favicon.ico- 7/27/2024, 8:40:52 AM
info: GET en /products/code/123BCDA- 7/27/2024, 8:40:53 AM
info: GET en /products/code/123BCDA- 7/27/2024, 8:40:53 AM
info: GET en /api/views/update/66a4d1d7388264f61a320bb0- 7/27/2024, 8:40:55 AM
info: GET en /api/views/update/66a4d1d7388264f61a320bb0- 7/27/2024, 8:40:55 AM
info: GET en /api/views/update/URL_DE_LA_IMAGEN- 7/27/2024, 8:40:55 AM
info: GET en /api/views/update/URL_DE_LA_IMAGEN- 7/27/2024, 8:40:55 AM
info: GET en /js/admin/editProduct.js- 7/27/2024, 8:40:55 AM
info: GET en /js/admin/editProduct.js- 7/27/2024, 8:40:55 AM
info: GET en /favicon.ico- 7/27/2024, 8:40:55 AM
info: GET en /favicon.ico- 7/27/2024, 8:40:55 AM
info: GET en /favicon.ico- 7/27/2024, 8:42:45 AM
info: GET en /favicon.ico- 7/27/2024, 8:42:45 AM
info: GET en /api/views/admin/products- 7/27/2024, 8:42:46 AM
info: GET en /api/views/admin/products- 7/27/2024, 8:42:46 AM
info: GET en /js/admin/adminProducts.js- 7/27/2024, 8:42:46 AM
info: GET en /js/admin/adminProducts.js- 7/27/2024, 8:42:46 AM
info: GET en /favicon.ico- 7/27/2024, 8:42:47 AM
info: GET en /favicon.ico- 7/27/2024, 8:42:47 AM
info: GET en /products/code/123BCDA- 7/27/2024, 8:42:48 AM
info: GET en /products/code/123BCDA- 7/27/2024, 8:42:48 AM
info: GET en /api/views/update/undefined- 7/27/2024, 8:42:50 AM
info: GET en /api/views/update/undefined- 7/27/2024, 8:42:50 AM
info: GET en /favicon.ico- 7/27/2024, 8:42:50 AM
info: GET en /favicon.ico- 7/27/2024, 8:42:50 AM
info: GET en /api/views/update/undefined- 7/27/2024, 8:43:00 AM
info: GET en /api/views/update/undefined- 7/27/2024, 8:43:00 AM
info: GET en /favicon.ico- 7/27/2024, 8:43:01 AM
info: GET en /favicon.ico- 7/27/2024, 8:43:01 AM
info: GET en /favicon.ico- 7/27/2024, 8:43:03 AM
info: GET en /favicon.ico- 7/27/2024, 8:43:03 AM
info: GET en /api/views/admin/products- 7/27/2024, 8:43:08 AM
info: GET en /api/views/admin/products- 7/27/2024, 8:43:08 AM
info: GET en /js/admin/adminProducts.js- 7/27/2024, 8:43:08 AM
info: GET en /js/admin/adminProducts.js- 7/27/2024, 8:43:08 AM
info: GET en /favicon.ico- 7/27/2024, 8:43:09 AM
info: GET en /favicon.ico- 7/27/2024, 8:43:09 AM
info: GET en /products/code/123BCDA- 7/27/2024, 8:43:09 AM
info: GET en /products/code/123BCDA- 7/27/2024, 8:43:09 AM
info: GET en /api/views/update/66a4d1d7388264f61a320bb0- 7/27/2024, 8:43:11 AM
info: GET en /api/views/update/66a4d1d7388264f61a320bb0- 7/27/2024, 8:43:11 AM
info: GET en /api/views/update/URL_DE_LA_IMAGEN- 7/27/2024, 8:43:11 AM
info: GET en /api/views/update/URL_DE_LA_IMAGEN- 7/27/2024, 8:43:11 AM
info: GET en /js/admin/editProduct.js- 7/27/2024, 8:43:11 AM
info: GET en /js/admin/editProduct.js- 7/27/2024, 8:43:11 AM
info: GET en /favicon.ico- 7/27/2024, 8:43:11 AM
info: GET en /favicon.ico- 7/27/2024, 8:43:11 AM
info: GET en /api/views/update/66a4d1d7388264f61a320bb0- 7/27/2024, 8:44:58 AM
info: GET en /api/views/update/66a4d1d7388264f61a320bb0- 7/27/2024, 8:44:58 AM
info: {
  _id: new ObjectId('66a4d1d7388264f61a320bb0'),
  title: 'probando',
  description: 'probando productos',
  price: 10,
  code: '123BCDA',
  category: 'samsung',
  thumbnail: '#',
  stock: 15,
  owner: 'premium@gmail.com',
  __v: 0
}
info: {
  _id: new ObjectId('66a4d1d7388264f61a320bb0'),
  title: 'probando',
  description: 'probando productos',
  price: 10,
  code: '123BCDA',
  category: 'samsung',
  thumbnail: '#',
  stock: 15,
  owner: 'premium@gmail.com',
  __v: 0
}
info: GET en /js/admin/editProduct.js- 7/27/2024, 8:44:59 AM
info: GET en /js/admin/editProduct.js- 7/27/2024, 8:44:59 AM
info: GET en /api/views/update/URL_DE_LA_IMAGEN- 7/27/2024, 8:44:59 AM
info: GET en /api/views/update/URL_DE_LA_IMAGEN- 7/27/2024, 8:44:59 AM
info: GET en /favicon.ico- 7/27/2024, 8:45:00 AM
info: GET en /favicon.ico- 7/27/2024, 8:45:00 AM
info: GET en /api/views/update/66a4d1d7388264f61a320bb0- 7/27/2024, 8:45:30 AM
info: GET en /api/views/update/66a4d1d7388264f61a320bb0- 7/27/2024, 8:45:30 AM
info: {
  _id: new ObjectId('66a4d1d7388264f61a320bb0'),
  title: 'probando',
  description: 'probando productos',
  price: 10,
  code: '123BCDA',
  category: 'samsung',
  thumbnail: '#',
  stock: 15,
  owner: 'premium@gmail.com',
  __v: 0
}
info: {
  _id: new ObjectId('66a4d1d7388264f61a320bb0'),
  title: 'probando',
  description: 'probando productos',
  price: 10,
  code: '123BCDA',
  category: 'samsung',
  thumbnail: '#',
  stock: 15,
  owner: 'premium@gmail.com',
  __v: 0
}
info: GET en /js/admin/editProduct.js- 7/27/2024, 8:45:30 AM
info: GET en /js/admin/editProduct.js- 7/27/2024, 8:45:30 AM
info: GET en /api/views/update/URL_DE_LA_IMAGEN- 7/27/2024, 8:45:30 AM
info: GET en /api/views/update/URL_DE_LA_IMAGEN- 7/27/2024, 8:45:30 AM
info: GET en /favicon.ico- 7/27/2024, 8:45:31 AM
info: GET en /favicon.ico- 7/27/2024, 8:45:31 AM
info: GET en /api/views/update/66a4d1d7388264f61a320bb0- 7/27/2024, 8:45:54 AM
info: GET en /api/views/update/66a4d1d7388264f61a320bb0- 7/27/2024, 8:45:54 AM
info: {
  _id: new ObjectId('66a4d1d7388264f61a320bb0'),
  title: 'probando',
  description: 'probando productos',
  price: 10,
  code: '123BCDA',
  category: 'samsung',
  thumbnail: '#',
  stock: 15,
  owner: 'premium@gmail.com',
  __v: 0
}
info: {
  _id: new ObjectId('66a4d1d7388264f61a320bb0'),
  title: 'probando',
  description: 'probando productos',
  price: 10,
  code: '123BCDA',
  category: 'samsung',
  thumbnail: '#',
  stock: 15,
  owner: 'premium@gmail.com',
  __v: 0
}
info: GET en /api/views/update/URL_DE_LA_IMAGEN- 7/27/2024, 8:45:54 AM
info: GET en /api/views/update/URL_DE_LA_IMAGEN- 7/27/2024, 8:45:54 AM
info: GET en /js/admin/editProduct.js- 7/27/2024, 8:45:54 AM
info: GET en /js/admin/editProduct.js- 7/27/2024, 8:45:54 AM
info: GET en /favicon.ico- 7/27/2024, 8:45:55 AM
info: GET en /favicon.ico- 7/27/2024, 8:45:55 AM
info: GET en /api/views/update/66a4d1d7388264f61a320bb0- 7/27/2024, 8:46:25 AM
info: GET en /api/views/update/66a4d1d7388264f61a320bb0- 7/27/2024, 8:46:25 AM
info: [object Object]
info: [object Object]
info: GET en /js/admin/editProduct.js- 7/27/2024, 8:46:25 AM
info: GET en /js/admin/editProduct.js- 7/27/2024, 8:46:25 AM
info: GET en /api/views/update/URL_DE_LA_IMAGEN- 7/27/2024, 8:46:25 AM
info: GET en /api/views/update/URL_DE_LA_IMAGEN- 7/27/2024, 8:46:25 AM
info: GET en /favicon.ico- 7/27/2024, 8:46:25 AM
info: GET en /favicon.ico- 7/27/2024, 8:46:25 AM
info: GET en /api/views/update/66a4d1d7388264f61a320bb0- 7/27/2024, 9:04:24 AM
info: GET en /api/views/update/66a4d1d7388264f61a320bb0- 7/27/2024, 9:04:24 AM
info: [object Object]
info: [object Object]
info: GET en /js/admin/editProduct.js- 7/27/2024, 9:04:24 AM
info: GET en /js/admin/editProduct.js- 7/27/2024, 9:04:24 AM
info: GET en /api/views/update/URL_DE_LA_IMAGEN- 7/27/2024, 9:04:24 AM
info: GET en /api/views/update/URL_DE_LA_IMAGEN- 7/27/2024, 9:04:24 AM
info: GET en /favicon.ico- 7/27/2024, 9:04:25 AM
info: GET en /favicon.ico- 7/27/2024, 9:04:25 AM
info: GET en /api/views/update/66a4d1d7388264f61a320bb0- 7/27/2024, 9:04:58 AM
info: GET en /api/views/update/66a4d1d7388264f61a320bb0- 7/27/2024, 9:04:58 AM
info: [object Object]
info: [object Object]
info: GET en /js/admin/editProduct.js- 7/27/2024, 9:04:59 AM
info: GET en /js/admin/editProduct.js- 7/27/2024, 9:04:59 AM
info: GET en /api/views/update/URL_DE_LA_IMAGEN- 7/27/2024, 9:04:59 AM
info: GET en /api/views/update/URL_DE_LA_IMAGEN- 7/27/2024, 9:04:59 AM
info: GET en /favicon.ico- 7/27/2024, 9:04:59 AM
info: GET en /favicon.ico- 7/27/2024, 9:04:59 AM
info: GET en /api/views/update/66a4d1d7388264f61a320bb0- 7/27/2024, 9:05:35 AM
info: GET en /api/views/update/66a4d1d7388264f61a320bb0- 7/27/2024, 9:05:35 AM
info: [object Object]
info: [object Object]
info: GET en /js/admin/editProduct.js- 7/27/2024, 9:05:35 AM
info: GET en /js/admin/editProduct.js- 7/27/2024, 9:05:35 AM
info: GET en /api/views/update/URL_DE_LA_IMAGEN- 7/27/2024, 9:05:36 AM
info: GET en /api/views/update/URL_DE_LA_IMAGEN- 7/27/2024, 9:05:36 AM
info: GET en /favicon.ico- 7/27/2024, 9:05:36 AM
info: GET en /favicon.ico- 7/27/2024, 9:05:36 AM
info: GET en /api/views/update/66a4d1d7388264f61a320bb0- 7/27/2024, 9:06:12 AM
info: GET en /api/views/update/66a4d1d7388264f61a320bb0- 7/27/2024, 9:06:12 AM
info: [object Object]
info: [object Object]
info: GET en /js/admin/editProduct.js- 7/27/2024, 9:06:12 AM
info: GET en /js/admin/editProduct.js- 7/27/2024, 9:06:12 AM
info: GET en /api/views/update/URL_DE_LA_IMAGEN- 7/27/2024, 9:06:12 AM
info: GET en /api/views/update/URL_DE_LA_IMAGEN- 7/27/2024, 9:06:12 AM
info: GET en /favicon.ico- 7/27/2024, 9:06:12 AM
info: GET en /favicon.ico- 7/27/2024, 9:06:12 AM
info: GET en /api/views/update/66a4d1d7388264f61a320bb0- 7/27/2024, 9:06:26 AM
info: GET en /api/views/update/66a4d1d7388264f61a320bb0- 7/27/2024, 9:06:26 AM
info: [object Object]
info: [object Object]
info: GET en /api/views/update/URL_DE_LA_IMAGEN- 7/27/2024, 9:06:26 AM
info: GET en /api/views/update/URL_DE_LA_IMAGEN- 7/27/2024, 9:06:26 AM
info: GET en /js/admin/editProduct.js- 7/27/2024, 9:06:26 AM
info: GET en /js/admin/editProduct.js- 7/27/2024, 9:06:26 AM
info: GET en /favicon.ico- 7/27/2024, 9:06:27 AM
info: GET en /favicon.ico- 7/27/2024, 9:06:27 AM
info: GET en /api/views/update/66a4d1d7388264f61a320bb0- 7/27/2024, 9:07:53 AM
info: GET en /api/views/update/66a4d1d7388264f61a320bb0- 7/27/2024, 9:07:53 AM
info: [object Object]
info: [object Object]
info: GET en /js/admin/editProduct.js- 7/27/2024, 9:07:54 AM
info: GET en /js/admin/editProduct.js- 7/27/2024, 9:07:54 AM
info: GET en /api/views/update/URL_DE_LA_IMAGEN- 7/27/2024, 9:07:54 AM
info: GET en /api/views/update/URL_DE_LA_IMAGEN- 7/27/2024, 9:07:54 AM
info: GET en /favicon.ico- 7/27/2024, 9:07:54 AM
info: GET en /favicon.ico- 7/27/2024, 9:07:54 AM
info: PUT en /products- 7/27/2024, 9:30:38 AM
info: PUT en /products- 7/27/2024, 9:30:38 AM
info: GET en /api/views/update/66a4d1d7388264f61a320bb0- 7/27/2024, 9:30:41 AM
info: GET en /api/views/update/66a4d1d7388264f61a320bb0- 7/27/2024, 9:30:41 AM
info: [object Object]
info: [object Object]
info: GET en /js/admin/editProduct.js- 7/27/2024, 9:30:41 AM
info: GET en /js/admin/editProduct.js- 7/27/2024, 9:30:41 AM
info: GET en /api/views/update/URL_DE_LA_IMAGEN- 7/27/2024, 9:30:42 AM
info: GET en /api/views/update/URL_DE_LA_IMAGEN- 7/27/2024, 9:30:42 AM
info: GET en /favicon.ico- 7/27/2024, 9:30:42 AM
info: GET en /favicon.ico- 7/27/2024, 9:30:42 AM
info: PUT en /products- 7/27/2024, 9:31:12 AM
info: PUT en /products- 7/27/2024, 9:31:12 AM
info: PUT en /products- 7/27/2024, 9:31:12 AM
info: PUT en /products- 7/27/2024, 9:31:12 AM
info: GET en /api/views/update/66a4d1d7388264f61a320bb0- 7/27/2024, 9:31:13 AM
info: GET en /api/views/update/66a4d1d7388264f61a320bb0- 7/27/2024, 9:31:13 AM
info: [object Object]
info: [object Object]
info: GET en /js/admin/editProduct.js- 7/27/2024, 9:31:13 AM
info: GET en /js/admin/editProduct.js- 7/27/2024, 9:31:13 AM
info: GET en /api/views/update/URL_DE_LA_IMAGEN- 7/27/2024, 9:31:14 AM
info: GET en /api/views/update/URL_DE_LA_IMAGEN- 7/27/2024, 9:31:14 AM
info: GET en /favicon.ico- 7/27/2024, 9:31:14 AM
info: GET en /favicon.ico- 7/27/2024, 9:31:14 AM
info: PUT en /products- 7/27/2024, 9:31:15 AM
info: PUT en /products- 7/27/2024, 9:31:15 AM
info: GET en /api/views/update/66a4d1d7388264f61a320bb0- 7/27/2024, 9:31:18 AM
info: GET en /api/views/update/66a4d1d7388264f61a320bb0- 7/27/2024, 9:31:18 AM
info: [object Object]
info: [object Object]
info: GET en /api/views/update/URL_DE_LA_IMAGEN- 7/27/2024, 9:31:18 AM
info: GET en /api/views/update/URL_DE_LA_IMAGEN- 7/27/2024, 9:31:18 AM
info: GET en /js/admin/editProduct.js- 7/27/2024, 9:31:18 AM
info: GET en /js/admin/editProduct.js- 7/27/2024, 9:31:18 AM
info: GET en /favicon.ico- 7/27/2024, 9:31:18 AM
info: GET en /favicon.ico- 7/27/2024, 9:31:18 AM
info: GET en /api/views/update/66a4d1d7388264f61a320bb0- 7/27/2024, 9:31:20 AM
info: GET en /api/views/update/66a4d1d7388264f61a320bb0- 7/27/2024, 9:31:20 AM
info: [object Object]
info: [object Object]
info: GET en /api/views/update/URL_DE_LA_IMAGEN- 7/27/2024, 9:31:20 AM
info: GET en /api/views/update/URL_DE_LA_IMAGEN- 7/27/2024, 9:31:20 AM
info: GET en /js/admin/editProduct.js- 7/27/2024, 9:31:20 AM
info: GET en /js/admin/editProduct.js- 7/27/2024, 9:31:20 AM
info: GET en /favicon.ico- 7/27/2024, 9:31:20 AM
info: GET en /favicon.ico- 7/27/2024, 9:31:20 AM
info: GET en /api/views/update/66a4d1d7388264f61a320bb0- 7/27/2024, 9:33:14 AM
info: GET en /api/views/update/66a4d1d7388264f61a320bb0- 7/27/2024, 9:33:14 AM
info: [object Object]
info: [object Object]
info: GET en /js/admin/editProduct.js- 7/27/2024, 9:33:15 AM
info: GET en /js/admin/editProduct.js- 7/27/2024, 9:33:15 AM
info: GET en /api/views/update/URL_DE_LA_IMAGEN- 7/27/2024, 9:33:15 AM
info: GET en /api/views/update/URL_DE_LA_IMAGEN- 7/27/2024, 9:33:15 AM
info: GET en /favicon.ico- 7/27/2024, 9:33:15 AM
info: GET en /favicon.ico- 7/27/2024, 9:33:15 AM
info: PUT en /products- 7/27/2024, 9:33:17 AM
info: PUT en /products- 7/27/2024, 9:33:17 AM
info: PUT en /products- 7/27/2024, 9:33:45 AM
info: PUT en /products- 7/27/2024, 9:33:45 AM
info: PUT en /products- 7/27/2024, 9:33:50 AM
info: PUT en /products- 7/27/2024, 9:33:50 AM
info: PUT en /products- 7/27/2024, 9:33:51 AM
info: PUT en /products- 7/27/2024, 9:33:51 AM
info: PUT en /products- 7/27/2024, 9:33:51 AM
info: PUT en /products- 7/27/2024, 9:33:51 AM
info: PUT en /products- 7/27/2024, 9:34:20 AM
info: PUT en /products- 7/27/2024, 9:34:20 AM
info: PUT en /products- 7/27/2024, 9:34:35 AM
info: PUT en /products- 7/27/2024, 9:34:35 AM
info: PUT en /products- 7/27/2024, 9:34:56 AM
info: PUT en /products- 7/27/2024, 9:34:56 AM
info: GET en /api/views/update/66a4d1d7388264f61a320bb0- 7/27/2024, 9:35:27 AM
info: GET en /api/views/update/66a4d1d7388264f61a320bb0- 7/27/2024, 9:35:27 AM
info: [object Object]
info: [object Object]
info: GET en /js/admin/editProduct.js- 7/27/2024, 9:35:27 AM
info: GET en /js/admin/editProduct.js- 7/27/2024, 9:35:27 AM
info: GET en /api/views/update/URL_DE_LA_IMAGEN- 7/27/2024, 9:35:27 AM
info: GET en /api/views/update/URL_DE_LA_IMAGEN- 7/27/2024, 9:35:27 AM
info: GET en /favicon.ico- 7/27/2024, 9:35:27 AM
info: GET en /favicon.ico- 7/27/2024, 9:35:27 AM
info: PUT en /products- 7/27/2024, 9:35:29 AM
info: PUT en /products- 7/27/2024, 9:35:29 AM
info: PUT en /products- 7/27/2024, 9:35:55 AM
info: PUT en /products- 7/27/2024, 9:35:55 AM
info: PUT en /products- 7/27/2024, 9:36:09 AM
info: PUT en /products- 7/27/2024, 9:36:09 AM
info: PUT en /products- 7/27/2024, 9:36:28 AM
info: PUT en /products- 7/27/2024, 9:36:28 AM
info: PUT en /products- 7/27/2024, 9:37:12 AM
info: PUT en /products- 7/27/2024, 9:37:12 AM
info: premium@gmail.com
info: premium@gmail.com
info: PUT en /products- 7/27/2024, 9:37:38 AM
info: PUT en /products- 7/27/2024, 9:37:38 AM
info: premium@gmail.com
info: premium@gmail.com
info: PUT en /products- 7/27/2024, 9:37:53 AM
info: PUT en /products- 7/27/2024, 9:37:53 AM
info: premium@gmail.com
info: premium@gmail.com
info: PUT en /products- 7/27/2024, 9:37:59 AM
info: PUT en /products- 7/27/2024, 9:37:59 AM
info: premium@gmail.com
info: premium@gmail.com
info: GET en /api/views/update/66a4d1d7388264f61a320bb0- 7/27/2024, 9:38:09 AM
info: GET en /api/views/update/66a4d1d7388264f61a320bb0- 7/27/2024, 9:38:09 AM
info: [object Object]
info: [object Object]
info: GET en /js/admin/editProduct.js- 7/27/2024, 9:38:09 AM
info: GET en /js/admin/editProduct.js- 7/27/2024, 9:38:09 AM
info: GET en /api/views/update/URL_DE_LA_IMAGEN- 7/27/2024, 9:38:10 AM
info: GET en /api/views/update/URL_DE_LA_IMAGEN- 7/27/2024, 9:38:10 AM
info: GET en /favicon.ico- 7/27/2024, 9:38:10 AM
info: GET en /favicon.ico- 7/27/2024, 9:38:10 AM
info: GET en /api/views/update/66a4d1d7388264f61a320bb0- 7/27/2024, 9:38:11 AM
info: GET en /api/views/update/66a4d1d7388264f61a320bb0- 7/27/2024, 9:38:11 AM
info: [object Object]
info: [object Object]
info: GET en /api/views/update/URL_DE_LA_IMAGEN- 7/27/2024, 9:38:11 AM
info: GET en /api/views/update/URL_DE_LA_IMAGEN- 7/27/2024, 9:38:11 AM
info: GET en /js/admin/editProduct.js- 7/27/2024, 9:38:11 AM
info: GET en /js/admin/editProduct.js- 7/27/2024, 9:38:11 AM
info: GET en /favicon.ico- 7/27/2024, 9:38:12 AM
info: GET en /favicon.ico- 7/27/2024, 9:38:12 AM
info: PUT en /products- 7/27/2024, 9:38:28 AM
info: PUT en /products- 7/27/2024, 9:38:28 AM
info: premium@gmail.com
info: premium@gmail.com
info: PUT en /products- 7/27/2024, 9:38:50 AM
info: PUT en /products- 7/27/2024, 9:38:50 AM
info: premium@gmail.com
info: premium@gmail.com
info: {
  _id: new ObjectId('66a4d1d7388264f61a320bb0'),
  title: 'probando',
  description: 'probando productos',
  price: 10,
  code: '123BCDA',
  category: 'samsung',
  thumbnail: '#',
  stock: 15,
  owner: 'premium@gmail.com',
  __v: 0
}
info: {
  _id: new ObjectId('66a4d1d7388264f61a320bb0'),
  title: 'probando',
  description: 'probando productos',
  price: 10,
  code: '123BCDA',
  category: 'samsung',
  thumbnail: '#',
  stock: 15,
  owner: 'premium@gmail.com',
  __v: 0
}
info: PUT en /products- 7/27/2024, 9:38:52 AM
info: PUT en /products- 7/27/2024, 9:38:52 AM
info: premium@gmail.com
info: premium@gmail.com
info: {
  _id: new ObjectId('66a4d1d7388264f61a320bb0'),
  title: 'probando',
  description: 'probando productos',
  price: 10,
  code: '123BCDA',
  category: 'samsung',
  thumbnail: '#',
  stock: 15,
  owner: 'premium@gmail.com',
  __v: 0
}
info: {
  _id: new ObjectId('66a4d1d7388264f61a320bb0'),
  title: 'probando',
  description: 'probando productos',
  price: 10,
  code: '123BCDA',
  category: 'samsung',
  thumbnail: '#',
  stock: 15,
  owner: 'premium@gmail.com',
  __v: 0
}
info: PUT en /products- 7/27/2024, 9:39:16 AM
info: PUT en /products- 7/27/2024, 9:39:16 AM
info: premium@gmail.com
info: premium@gmail.com
info: PUT en /products- 7/27/2024, 9:39:22 AM
info: PUT en /products- 7/27/2024, 9:39:22 AM
info: premium@gmail.com
info: premium@gmail.com
info: PUT en /products- 7/27/2024, 9:39:23 AM
info: PUT en /products- 7/27/2024, 9:39:23 AM
info: premium@gmail.com
info: premium@gmail.com
info: PUT en /products- 7/27/2024, 9:39:23 AM
info: PUT en /products- 7/27/2024, 9:39:23 AM
info: premium@gmail.com
info: premium@gmail.com
info: PUT en /products- 7/27/2024, 9:39:23 AM
info: PUT en /products- 7/27/2024, 9:39:23 AM
info: premium@gmail.com
info: premium@gmail.com
info: PUT en /products- 7/27/2024, 9:42:21 AM
info: PUT en /products- 7/27/2024, 9:42:21 AM
info: premium@gmail.com
info: premium@gmail.com
info: Producto actualizado {"$__":{"activePaths":{"paths":{"__v":"init","_id":"init","category":"init","code":"init","description":"init","owner":"init","price":"init","stock":"init","thumbnail":"init","title":"init"},"states":{"default":{},"init":{"__v":true,"_id":true,"category":true,"code":true,"description":true,"owner":true,"price":true,"stock":true,"thumbnail":true,"title":true},"require":{}}},"skipId":true},"$isNew":false,"_doc":{"__v":0,"_id":"66a4d1d7388264f61a320bb0","category":"samsung","code":"123BCDA","description":"productos probando","owner":"premium@gmail.com","price":10,"stock":15,"thumbnail":"#","title":"probando"}}
info: Producto actualizado {"$__":{"activePaths":{"paths":{"__v":"init","_id":"init","category":"init","code":"init","description":"init","owner":"init","price":"init","stock":"init","thumbnail":"init","title":"init"},"states":{"default":{},"init":{"__v":true,"_id":true,"category":true,"code":true,"description":true,"owner":true,"price":true,"stock":true,"thumbnail":true,"title":true},"require":{}}},"skipId":true},"$isNew":false,"_doc":{"__v":0,"_id":"66a4d1d7388264f61a320bb0","category":"samsung","code":"123BCDA","description":"productos probando","owner":"premium@gmail.com","price":10,"stock":15,"thumbnail":"#","title":"probando"}}
info: GET en /api/views/update/66a4d1d7388264f61a320bb0- 7/27/2024, 9:42:24 AM
info: GET en /api/views/update/66a4d1d7388264f61a320bb0- 7/27/2024, 9:42:24 AM
info: [object Object]
info: [object Object]
info: GET en /js/admin/editProduct.js- 7/27/2024, 9:42:25 AM
info: GET en /js/admin/editProduct.js- 7/27/2024, 9:42:25 AM
info: GET en /api/views/update/URL_DE_LA_IMAGEN- 7/27/2024, 9:42:25 AM
info: GET en /api/views/update/URL_DE_LA_IMAGEN- 7/27/2024, 9:42:25 AM
info: GET en /favicon.ico- 7/27/2024, 9:42:25 AM
info: GET en /favicon.ico- 7/27/2024, 9:42:25 AM
info: GET en /pruebas/updateProducts- 7/27/2024, 10:03:52 AM
info: GET en /pruebas/updateProducts- 7/27/2024, 10:03:52 AM
info: GET en /pruebas/setProducts- 7/27/2024, 10:04:02 AM
info: GET en /pruebas/setProducts- 7/27/2024, 10:04:02 AM
info: GET en /pruebas/setProducts- 7/27/2024, 10:05:02 AM
info: GET en /pruebas/setProducts- 7/27/2024, 10:05:02 AM
info: GET en /pruebas/setProducts- 7/27/2024, 10:05:16 AM
info: GET en /pruebas/setProducts- 7/27/2024, 10:05:16 AM
info: GET en /pruebas/setProducts- 7/27/2024, 10:06:20 AM
info: GET en /pruebas/setProducts- 7/27/2024, 10:06:20 AM
info: GET en /pruebas/setProducts- 7/27/2024, 10:06:33 AM
info: GET en /pruebas/setProducts- 7/27/2024, 10:06:33 AM
info: GET en /pruebas/setProducts- 7/27/2024, 10:07:02 AM
info: GET en /pruebas/setProducts- 7/27/2024, 10:07:02 AM
info: GET en /pruebas/setProducts- 7/27/2024, 10:09:49 AM
info: GET en /pruebas/setProducts- 7/27/2024, 10:09:49 AM
info: GET en /api/views/update/66a4d1d7388264f61a320bb0- 7/27/2024, 10:10:39 AM
info: GET en /api/views/update/66a4d1d7388264f61a320bb0- 7/27/2024, 10:10:39 AM
info: [object Object]
info: [object Object]
info: GET en /js/admin/editProduct.js- 7/27/2024, 10:10:39 AM
info: GET en /js/admin/editProduct.js- 7/27/2024, 10:10:39 AM
info: GET en /api/views/update/URL_DE_LA_IMAGEN- 7/27/2024, 10:10:39 AM
info: GET en /api/views/update/URL_DE_LA_IMAGEN- 7/27/2024, 10:10:39 AM
info: GET en /favicon.ico- 7/27/2024, 10:10:40 AM
info: GET en /favicon.ico- 7/27/2024, 10:10:40 AM
info: PUT en /products- 7/27/2024, 10:10:46 AM
info: PUT en /products- 7/27/2024, 10:10:46 AM
info: premium@gmail.com
info: premium@gmail.com
info: Producto actualizado {"$__":{"activePaths":{"paths":{"__v":"init","_id":"init","category":"init","code":"init","description":"init","owner":"init","price":"init","stock":"init","thumbnail":"init","title":"init"},"states":{"default":{},"init":{"__v":true,"_id":true,"category":true,"code":true,"description":true,"owner":true,"price":true,"stock":true,"thumbnail":true,"title":true},"require":{}}},"skipId":true},"$isNew":false,"_doc":{"__v":0,"_id":"66a4d1d7388264f61a320bb0","category":"samsung","code":"123BCDA","description":"productos probando","owner":"premium@gmail.com","price":10,"stock":15,"thumbnail":"#","title":"probando"}}
info: Producto actualizado {"$__":{"activePaths":{"paths":{"__v":"init","_id":"init","category":"init","code":"init","description":"init","owner":"init","price":"init","stock":"init","thumbnail":"init","title":"init"},"states":{"default":{},"init":{"__v":true,"_id":true,"category":true,"code":true,"description":true,"owner":true,"price":true,"stock":true,"thumbnail":true,"title":true},"require":{}}},"skipId":true},"$isNew":false,"_doc":{"__v":0,"_id":"66a4d1d7388264f61a320bb0","category":"samsung","code":"123BCDA","description":"productos probando","owner":"premium@gmail.com","price":10,"stock":15,"thumbnail":"#","title":"probando"}}
info: PUT en /products- 7/27/2024, 10:10:52 AM
info: PUT en /products- 7/27/2024, 10:10:52 AM
info: premium@gmail.com
info: premium@gmail.com
info: Producto actualizado {"$__":{"activePaths":{"paths":{"__v":"init","_id":"init","category":"init","code":"init","description":"init","owner":"init","price":"init","stock":"init","thumbnail":"init","title":"init"},"states":{"default":{},"init":{"__v":true,"_id":true,"category":true,"code":true,"description":true,"owner":true,"price":true,"stock":true,"thumbnail":true,"title":true},"require":{}}},"skipId":true},"$isNew":false,"_doc":{"__v":0,"_id":"66a4d1d7388264f61a320bb0","category":"samsung","code":"123BCDA","description":"productos probando2","owner":"premium@gmail.com","price":10,"stock":15,"thumbnail":"#","title":"probando"}}
info: Producto actualizado {"$__":{"activePaths":{"paths":{"__v":"init","_id":"init","category":"init","code":"init","description":"init","owner":"init","price":"init","stock":"init","thumbnail":"init","title":"init"},"states":{"default":{},"init":{"__v":true,"_id":true,"category":true,"code":true,"description":true,"owner":true,"price":true,"stock":true,"thumbnail":true,"title":true},"require":{}}},"skipId":true},"$isNew":false,"_doc":{"__v":0,"_id":"66a4d1d7388264f61a320bb0","category":"samsung","code":"123BCDA","description":"productos probando2","owner":"premium@gmail.com","price":10,"stock":15,"thumbnail":"#","title":"probando"}}
info: GET en /api/views/update/66a4d1d7388264f61a320bb0- 7/27/2024, 10:10:54 AM
info: GET en /api/views/update/66a4d1d7388264f61a320bb0- 7/27/2024, 10:10:54 AM
info: [object Object]
info: [object Object]
info: GET en /api/views/update/URL_DE_LA_IMAGEN- 7/27/2024, 10:10:55 AM
info: GET en /api/views/update/URL_DE_LA_IMAGEN- 7/27/2024, 10:10:55 AM
info: GET en /js/admin/editProduct.js- 7/27/2024, 10:10:55 AM
info: GET en /js/admin/editProduct.js- 7/27/2024, 10:10:55 AM
info: GET en /favicon.ico- 7/27/2024, 10:10:55 AM
info: GET en /favicon.ico- 7/27/2024, 10:10:55 AM
info: PUT en /products- 7/27/2024, 10:11:02 AM
info: PUT en /products- 7/27/2024, 10:11:02 AM
info: premium@gmail.com
info: premium@gmail.com
info: Producto actualizado {"$__":{"activePaths":{"paths":{"__v":"init","_id":"init","category":"init","code":"init","description":"init","owner":"init","price":"init","stock":"init","thumbnail":"init","title":"init"},"states":{"default":{},"init":{"__v":true,"_id":true,"category":true,"code":true,"description":true,"owner":true,"price":true,"stock":true,"thumbnail":true,"title":true},"require":{}}},"skipId":true},"$isNew":false,"_doc":{"__v":0,"_id":"66a4d1d7388264f61a320bb0","category":"samsung","code":"123BCDA","description":"productos probando23","owner":"premium@gmail.com","price":10,"stock":15,"thumbnail":"#","title":"probando"}}
info: Producto actualizado {"$__":{"activePaths":{"paths":{"__v":"init","_id":"init","category":"init","code":"init","description":"init","owner":"init","price":"init","stock":"init","thumbnail":"init","title":"init"},"states":{"default":{},"init":{"__v":true,"_id":true,"category":true,"code":true,"description":true,"owner":true,"price":true,"stock":true,"thumbnail":true,"title":true},"require":{}}},"skipId":true},"$isNew":false,"_doc":{"__v":0,"_id":"66a4d1d7388264f61a320bb0","category":"samsung","code":"123BCDA","description":"productos probando23","owner":"premium@gmail.com","price":10,"stock":15,"thumbnail":"#","title":"probando"}}
info: GET en /pruebas/setProducts- 7/27/2024, 10:12:34 AM
info: GET en /pruebas/setProducts- 7/27/2024, 10:12:34 AM
info: GET en /pruebas/setProducts- 7/27/2024, 10:15:45 AM
info: GET en /pruebas/setProducts- 7/27/2024, 10:15:45 AM
info: GET en /api/views/update/66a4d1d7388264f61a320bb0- 7/27/2024, 10:16:14 AM
info: GET en /api/views/update/66a4d1d7388264f61a320bb0- 7/27/2024, 10:16:14 AM
info: [object Object]
info: [object Object]
info: GET en /js/admin/editProduct.js- 7/27/2024, 10:16:15 AM
info: GET en /js/admin/editProduct.js- 7/27/2024, 10:16:15 AM
info: GET en /api/views/update/URL_DE_LA_IMAGEN- 7/27/2024, 10:16:15 AM
info: GET en /api/views/update/URL_DE_LA_IMAGEN- 7/27/2024, 10:16:15 AM
info: GET en /favicon.ico- 7/27/2024, 10:16:15 AM
info: GET en /favicon.ico- 7/27/2024, 10:16:15 AM
info: PUT en /products- 7/27/2024, 10:16:27 AM
info: PUT en /products- 7/27/2024, 10:16:27 AM
info: premium@gmail.com
info: premium@gmail.com
info: No es propietario del producto que intenta actualizar
info: No es propietario del producto que intenta actualizar
info: PUT en /products- 7/27/2024, 10:16:29 AM
info: PUT en /products- 7/27/2024, 10:16:29 AM
info: premium@gmail.com
info: premium@gmail.com
info: No es propietario del producto que intenta actualizar
info: No es propietario del producto que intenta actualizar
info: PUT en /products- 7/27/2024, 10:18:03 AM
info: PUT en /products- 7/27/2024, 10:18:03 AM
info: premium@gmail.com
info: premium@gmail.com
info: No es propietario del producto que intenta actualizar
info: No es propietario del producto que intenta actualizar
info: undefined {"cause":"No puedes actualizar un producto que no ha sido creado por ti.","code":5,"name":"Error al actualizar producto"}
info: undefined {"cause":"No puedes actualizar un producto que no ha sido creado por ti.","code":5,"name":"Error al actualizar producto"}
info: PUT en /products- 7/27/2024, 10:20:46 AM
info: PUT en /products- 7/27/2024, 10:20:46 AM
info: premium@gmail.com
info: premium@gmail.com
info: No es propietario del producto que intenta actualizar
info: No es propietario del producto que intenta actualizar
info: undefined {"cause":"No puedes actualizar un producto que no ha sido creado por ti.","code":5,"name":"Error al actualizar producto"}
info: undefined {"cause":"No puedes actualizar un producto que no ha sido creado por ti.","code":5,"name":"Error al actualizar producto"}
info: GET en /api/sessions/logout- 7/27/2024, 10:21:07 AM
info: GET en /api/sessions/logout- 7/27/2024, 10:21:07 AM
info: GET en /- 7/27/2024, 10:21:07 AM
info: GET en /- 7/27/2024, 10:21:07 AM
info: GET en /js/login.js- 7/27/2024, 10:21:07 AM
info: GET en /js/login.js- 7/27/2024, 10:21:07 AM
info: GET en /favicon.ico- 7/27/2024, 10:21:08 AM
info: GET en /favicon.ico- 7/27/2024, 10:21:08 AM
info: POST en /api/sessions/login- 7/27/2024, 10:21:19 AM
info: POST en /api/sessions/login- 7/27/2024, 10:21:19 AM
info: Inicio sesion correctamente, usuario email : admin@gmail.com
info: Inicio sesion correctamente, usuario email : admin@gmail.com
info: GET en /api/views/admin- 7/27/2024, 10:21:19 AM
info: GET en /api/views/admin- 7/27/2024, 10:21:19 AM
info: GET en /api/views/admin- 7/27/2024, 10:21:20 AM
info: GET en /api/views/admin- 7/27/2024, 10:21:20 AM
info: GET en /favicon.ico- 7/27/2024, 10:21:20 AM
info: GET en /favicon.ico- 7/27/2024, 10:21:20 AM
info: GET en /api/views/update/66a4d1d7388264f61a320bb0- 7/27/2024, 10:21:22 AM
info: GET en /api/views/update/66a4d1d7388264f61a320bb0- 7/27/2024, 10:21:22 AM
info: [object Object]
info: [object Object]
info: GET en /api/views/update/URL_DE_LA_IMAGEN- 7/27/2024, 10:21:22 AM
info: GET en /api/views/update/URL_DE_LA_IMAGEN- 7/27/2024, 10:21:22 AM
info: GET en /js/admin/editProduct.js- 7/27/2024, 10:21:22 AM
info: GET en /js/admin/editProduct.js- 7/27/2024, 10:21:22 AM
info: GET en /favicon.ico- 7/27/2024, 10:21:23 AM
info: GET en /favicon.ico- 7/27/2024, 10:21:23 AM
info: GET en /api/views/update/66a4d1d7388264f61a320bb0- 7/27/2024, 10:25:16 AM
info: GET en /api/views/update/66a4d1d7388264f61a320bb0- 7/27/2024, 10:25:16 AM
info: [object Object]
info: [object Object]
info: GET en /js/admin/editProduct.js- 7/27/2024, 10:25:16 AM
info: GET en /js/admin/editProduct.js- 7/27/2024, 10:25:16 AM
info: GET en /api/views/update/URL_DE_LA_IMAGEN- 7/27/2024, 10:25:16 AM
info: GET en /api/views/update/URL_DE_LA_IMAGEN- 7/27/2024, 10:25:16 AM
info: GET en /favicon.ico- 7/27/2024, 10:25:17 AM
info: GET en /favicon.ico- 7/27/2024, 10:25:17 AM
info: GET en /api/views/update/66a4d1d7388264f61a320bb0- 7/27/2024, 10:25:51 AM
info: GET en /api/views/update/66a4d1d7388264f61a320bb0- 7/27/2024, 10:25:51 AM
info: [object Object]
info: [object Object]
info: GET en /js/admin/editProduct.js- 7/27/2024, 10:25:51 AM
info: GET en /js/admin/editProduct.js- 7/27/2024, 10:25:51 AM
info: GET en /api/views/update/URL_DE_LA_IMAGEN- 7/27/2024, 10:25:52 AM
info: GET en /api/views/update/URL_DE_LA_IMAGEN- 7/27/2024, 10:25:52 AM
info: GET en /favicon.ico- 7/27/2024, 10:25:52 AM
info: GET en /favicon.ico- 7/27/2024, 10:25:52 AM
info: GET en /api/views/update/66a4d1d7388264f61a320bb0- 7/27/2024, 10:29:37 AM
info: GET en /api/views/update/66a4d1d7388264f61a320bb0- 7/27/2024, 10:29:37 AM
info: [object Object]
info: [object Object]
info: GET en /js/admin/editProduct.js- 7/27/2024, 10:29:37 AM
info: GET en /js/admin/editProduct.js- 7/27/2024, 10:29:37 AM
info: GET en /api/views/update/URL_DE_LA_IMAGEN- 7/27/2024, 10:29:37 AM
info: GET en /api/views/update/URL_DE_LA_IMAGEN- 7/27/2024, 10:29:37 AM
info: GET en /favicon.ico- 7/27/2024, 10:29:37 AM
info: GET en /favicon.ico- 7/27/2024, 10:29:37 AM
info: GET en /api/views/update/66a4d1d7388264f61a320bb0- 7/27/2024, 10:31:39 AM
info: GET en /api/views/update/66a4d1d7388264f61a320bb0- 7/27/2024, 10:31:39 AM
info: [object Object]
info: [object Object]
info: GET en /js/admin/editProduct.js- 7/27/2024, 10:31:39 AM
info: GET en /js/admin/editProduct.js- 7/27/2024, 10:31:39 AM
info: GET en /api/views/update/URL_DE_LA_IMAGEN- 7/27/2024, 10:31:39 AM
info: GET en /api/views/update/URL_DE_LA_IMAGEN- 7/27/2024, 10:31:39 AM
info: GET en /favicon.ico- 7/27/2024, 10:31:39 AM
info: GET en /favicon.ico- 7/27/2024, 10:31:39 AM
info: PUT en /products- 7/27/2024, 10:31:41 AM
info: PUT en /products- 7/27/2024, 10:31:41 AM
info: undefined
info: undefined
info: undefined
info: undefined
info: GET en /api/views/update/66a4d1d7388264f61a320bb0- 7/27/2024, 10:31:50 AM
info: GET en /api/views/update/66a4d1d7388264f61a320bb0- 7/27/2024, 10:31:50 AM
info: [object Object]
info: [object Object]
info: GET en /api/views/update/URL_DE_LA_IMAGEN- 7/27/2024, 10:31:50 AM
info: GET en /api/views/update/URL_DE_LA_IMAGEN- 7/27/2024, 10:31:50 AM
info: GET en /js/admin/editProduct.js- 7/27/2024, 10:31:50 AM
info: GET en /js/admin/editProduct.js- 7/27/2024, 10:31:50 AM
info: GET en /favicon.ico- 7/27/2024, 10:31:50 AM
info: GET en /favicon.ico- 7/27/2024, 10:31:50 AM
info: GET en /api/views/update/66a4d1d7388264f61a320bb0- 7/27/2024, 10:31:52 AM
info: GET en /api/views/update/66a4d1d7388264f61a320bb0- 7/27/2024, 10:31:52 AM
info: [object Object]
info: [object Object]
info: GET en /api/views/update/URL_DE_LA_IMAGEN- 7/27/2024, 10:31:52 AM
info: GET en /api/views/update/URL_DE_LA_IMAGEN- 7/27/2024, 10:31:52 AM
info: GET en /js/admin/editProduct.js- 7/27/2024, 10:31:52 AM
info: GET en /js/admin/editProduct.js- 7/27/2024, 10:31:52 AM
info: GET en /favicon.ico- 7/27/2024, 10:31:52 AM
info: GET en /favicon.ico- 7/27/2024, 10:31:52 AM
info: PUT en /products- 7/27/2024, 10:32:41 AM
info: PUT en /products- 7/27/2024, 10:32:41 AM
info: undefined
info: undefined
info: PUT en /products- 7/27/2024, 10:33:24 AM
info: PUT en /products- 7/27/2024, 10:33:24 AM
info: undefined
info: undefined
info: PUT en /products- 7/27/2024, 10:33:52 AM
info: PUT en /products- 7/27/2024, 10:33:52 AM
info: Producto actualizado {"$__":{"activePaths":{"paths":{"__v":"init","_id":"init","category":"init","code":"init","description":"init","owner":"init","price":"init","stock":"init","thumbnail":"init","title":"init"},"states":{"default":{},"init":{"__v":true,"_id":true,"category":true,"code":true,"description":true,"owner":true,"price":true,"stock":true,"thumbnail":true,"title":true},"require":{}}},"skipId":true},"$isNew":false,"_doc":{"__v":0,"_id":"66a4d1d7388264f61a320bb0","category":"samsung","code":"123BCDA","description":"probando la wea","owner":"admin","price":10,"stock":15,"thumbnail":"#","title":"probando"}}
info: Producto actualizado {"$__":{"activePaths":{"paths":{"__v":"init","_id":"init","category":"init","code":"init","description":"init","owner":"init","price":"init","stock":"init","thumbnail":"init","title":"init"},"states":{"default":{},"init":{"__v":true,"_id":true,"category":true,"code":true,"description":true,"owner":true,"price":true,"stock":true,"thumbnail":true,"title":true},"require":{}}},"skipId":true},"$isNew":false,"_doc":{"__v":0,"_id":"66a4d1d7388264f61a320bb0","category":"samsung","code":"123BCDA","description":"probando la wea","owner":"admin","price":10,"stock":15,"thumbnail":"#","title":"probando"}}
info: GET en /api/views/update/66a4d1d7388264f61a320bb0- 7/27/2024, 10:33:57 AM
info: GET en /api/views/update/66a4d1d7388264f61a320bb0- 7/27/2024, 10:33:57 AM
info: [object Object]
info: [object Object]
info: GET en /js/admin/editProduct.js- 7/27/2024, 10:33:57 AM
info: GET en /js/admin/editProduct.js- 7/27/2024, 10:33:57 AM
info: GET en /api/views/update/URL_DE_LA_IMAGEN- 7/27/2024, 10:33:57 AM
info: GET en /api/views/update/URL_DE_LA_IMAGEN- 7/27/2024, 10:33:57 AM
info: GET en /favicon.ico- 7/27/2024, 10:33:57 AM
info: GET en /favicon.ico- 7/27/2024, 10:33:57 AM
info: PUT en /products- 7/27/2024, 10:34:06 AM
info: PUT en /products- 7/27/2024, 10:34:06 AM
info: Producto actualizado {"$__":{"activePaths":{"paths":{"__v":"init","_id":"init","category":"init","code":"init","description":"init","owner":"init","price":"init","stock":"init","thumbnail":"init","title":"init"},"states":{"default":{},"init":{"__v":true,"_id":true,"category":true,"code":true,"description":true,"owner":true,"price":true,"stock":true,"thumbnail":true,"title":true},"require":{}}},"skipId":true},"$isNew":false,"_doc":{"__v":0,"_id":"66a4d1d7388264f61a320bb0","category":"samsung","code":"123BCDA","description":"probando de nuevo","owner":"admin","price":10,"stock":15,"thumbnail":"#","title":"probando"}}
info: Producto actualizado {"$__":{"activePaths":{"paths":{"__v":"init","_id":"init","category":"init","code":"init","description":"init","owner":"init","price":"init","stock":"init","thumbnail":"init","title":"init"},"states":{"default":{},"init":{"__v":true,"_id":true,"category":true,"code":true,"description":true,"owner":true,"price":true,"stock":true,"thumbnail":true,"title":true},"require":{}}},"skipId":true},"$isNew":false,"_doc":{"__v":0,"_id":"66a4d1d7388264f61a320bb0","category":"samsung","code":"123BCDA","description":"probando de nuevo","owner":"admin","price":10,"stock":15,"thumbnail":"#","title":"probando"}}
info: PUT en /products- 7/27/2024, 10:35:14 AM
info: PUT en /products- 7/27/2024, 10:35:14 AM
info: Producto de un usuario premium,un admin no puede actualizarlo
info: Producto de un usuario premium,un admin no puede actualizarlo
info: undefined {"cause":"Este producto pertenece a un usuario premium, no puedes actualizarlo.","code":5,"name":"Error al actualizar producto"}
info: undefined {"cause":"Este producto pertenece a un usuario premium, no puedes actualizarlo.","code":5,"name":"Error al actualizar producto"}
info: PUT en /products- 7/27/2024, 10:35:18 AM
info: PUT en /products- 7/27/2024, 10:35:18 AM
info: Producto de un usuario premium,un admin no puede actualizarlo
info: Producto de un usuario premium,un admin no puede actualizarlo
info: undefined {"cause":"Este producto pertenece a un usuario premium, no puedes actualizarlo.","code":5,"name":"Error al actualizar producto"}
info: undefined {"cause":"Este producto pertenece a un usuario premium, no puedes actualizarlo.","code":5,"name":"Error al actualizar producto"}
info: PUT en /products- 7/27/2024, 10:35:21 AM
info: PUT en /products- 7/27/2024, 10:35:21 AM
info: Producto de un usuario premium,un admin no puede actualizarlo
info: Producto de un usuario premium,un admin no puede actualizarlo
info: undefined {"cause":"Este producto pertenece a un usuario premium, no puedes actualizarlo.","code":5,"name":"Error al actualizar producto"}
info: undefined {"cause":"Este producto pertenece a un usuario premium, no puedes actualizarlo.","code":5,"name":"Error al actualizar producto"}
info: GET en /api/sessions/logout- 7/27/2024, 10:35:51 AM
info: GET en /api/sessions/logout- 7/27/2024, 10:35:51 AM
info: GET en /- 7/27/2024, 10:35:51 AM
info: GET en /- 7/27/2024, 10:35:51 AM
info: GET en /js/login.js- 7/27/2024, 10:35:51 AM
info: GET en /js/login.js- 7/27/2024, 10:35:51 AM
info: GET en /favicon.ico- 7/27/2024, 10:35:52 AM
info: GET en /favicon.ico- 7/27/2024, 10:35:52 AM
info: POST en /api/sessions/login- 7/27/2024, 10:36:01 AM
info: POST en /api/sessions/login- 7/27/2024, 10:36:01 AM
info: Inicio sesion correctamente, usuario email : premium@gmail.com
info: Inicio sesion correctamente, usuario email : premium@gmail.com
info: GET en /- 7/27/2024, 10:37:02 AM
info: GET en /- 7/27/2024, 10:37:02 AM
info: GET en /api/views/products- 7/27/2024, 10:37:03 AM
info: GET en /api/views/products- 7/27/2024, 10:37:03 AM
info: GET en /js/products.js- 7/27/2024, 10:37:04 AM
info: GET en /js/products.js- 7/27/2024, 10:37:04 AM
info: GET en /js/cart.js- 7/27/2024, 10:37:04 AM
info: GET en /js/cart.js- 7/27/2024, 10:37:04 AM
info: GET en /api/views/products- 7/27/2024, 10:37:04 AM
info: GET en /api/views/products- 7/27/2024, 10:37:04 AM
info: GET en /api/views/products- 7/27/2024, 10:37:04 AM
info: GET en /api/views/products- 7/27/2024, 10:37:04 AM
info: GET en /favicon.ico- 7/27/2024, 10:37:04 AM
info: GET en /favicon.ico- 7/27/2024, 10:37:04 AM
info: GET en /api/sessions/logout- 7/27/2024, 10:37:08 AM
info: GET en /api/sessions/logout- 7/27/2024, 10:37:08 AM
info: GET en /- 7/27/2024, 10:37:08 AM
info: GET en /- 7/27/2024, 10:37:08 AM
info: GET en /js/login.js- 7/27/2024, 10:37:08 AM
info: GET en /js/login.js- 7/27/2024, 10:37:08 AM
info: GET en /favicon.ico- 7/27/2024, 10:37:09 AM
info: GET en /favicon.ico- 7/27/2024, 10:37:09 AM
info: POST en /api/sessions/login- 7/27/2024, 10:37:18 AM
info: POST en /api/sessions/login- 7/27/2024, 10:37:18 AM
info: Inicio sesion correctamente, usuario email : premium@gmail.com
info: Inicio sesion correctamente, usuario email : premium@gmail.com
info: GET en /api/views/products- 7/27/2024, 10:37:19 AM
info: GET en /api/views/products- 7/27/2024, 10:37:19 AM
info: GET en /api/views/products- 7/27/2024, 10:37:19 AM
info: GET en /api/views/products- 7/27/2024, 10:37:19 AM
info: GET en /js/products.js- 7/27/2024, 10:37:19 AM
info: GET en /js/products.js- 7/27/2024, 10:37:19 AM
info: GET en /js/cart.js- 7/27/2024, 10:37:19 AM
info: GET en /js/cart.js- 7/27/2024, 10:37:19 AM
info: GET en /api/views/products- 7/27/2024, 10:37:19 AM
info: GET en /api/views/products- 7/27/2024, 10:37:19 AM
info: GET en /favicon.ico- 7/27/2024, 10:37:20 AM
info: GET en /favicon.ico- 7/27/2024, 10:37:20 AM
info: GET en /api/views/admin/products- 7/27/2024, 10:37:24 AM
info: GET en /api/views/admin/products- 7/27/2024, 10:37:24 AM
info: GET en /js/admin/adminProducts.js- 7/27/2024, 10:37:24 AM
info: GET en /js/admin/adminProducts.js- 7/27/2024, 10:37:24 AM
info: GET en /favicon.ico- 7/27/2024, 10:37:25 AM
info: GET en /favicon.ico- 7/27/2024, 10:37:25 AM
info: GET en /api/views/admin/products- 7/27/2024, 10:46:12 AM
info: GET en /api/views/admin/products- 7/27/2024, 10:46:12 AM
info: GET en /js/admin/adminProducts.js- 7/27/2024, 10:46:12 AM
info: GET en /js/admin/adminProducts.js- 7/27/2024, 10:46:12 AM
info: GET en /favicon.ico- 7/27/2024, 10:46:13 AM
info: GET en /favicon.ico- 7/27/2024, 10:46:13 AM
info: DELETE en /products- 7/27/2024, 10:58:09 AM
info: DELETE en /products- 7/27/2024, 10:58:09 AM
info: GET en /pruebas/setProducts- 7/27/2024, 10:58:26 AM
info: GET en /pruebas/setProducts- 7/27/2024, 10:58:26 AM
info: GET en /pruebas/setProducts- 7/27/2024, 10:58:28 AM
info: GET en /pruebas/setProducts- 7/27/2024, 10:58:28 AM
info: GET en /pruebas/setProducts- 7/27/2024, 10:58:28 AM
info: GET en /pruebas/setProducts- 7/27/2024, 10:58:28 AM
info: GET en /pruebas/setProducts- 7/27/2024, 10:58:29 AM
info: GET en /pruebas/setProducts- 7/27/2024, 10:58:29 AM
info: GET en /pruebas/setProducts- 7/27/2024, 10:58:29 AM
info: GET en /pruebas/setProducts- 7/27/2024, 10:58:29 AM
info: GET en /pruebas/setProducts- 7/27/2024, 10:58:29 AM
info: GET en /pruebas/setProducts- 7/27/2024, 10:58:29 AM
info: GET en /pruebas/setProducts- 7/27/2024, 10:58:29 AM
info: GET en /pruebas/setProducts- 7/27/2024, 10:58:29 AM
info: DELETE en /products- 7/27/2024, 10:59:58 AM
info: DELETE en /products- 7/27/2024, 10:59:58 AM
info: DELETE en /products- 7/27/2024, 11:00:00 AM
info: DELETE en /products- 7/27/2024, 11:00:00 AM
info: DELETE en /products- 7/27/2024, 11:00:17 AM
info: DELETE en /products- 7/27/2024, 11:00:17 AM
info: GET en /api/views/admin/products- 7/27/2024, 11:02:10 AM
info: GET en /api/views/admin/products- 7/27/2024, 11:02:10 AM
info: GET en /js/admin/adminProducts.js- 7/27/2024, 11:02:10 AM
info: GET en /js/admin/adminProducts.js- 7/27/2024, 11:02:10 AM
info: GET en /favicon.ico- 7/27/2024, 11:02:11 AM
info: GET en /favicon.ico- 7/27/2024, 11:02:11 AM
info: GET en /api/views/admin/products- 7/27/2024, 11:03:39 AM
info: GET en /api/views/admin/products- 7/27/2024, 11:03:39 AM
info: GET en /js/admin/adminProducts.js- 7/27/2024, 11:03:39 AM
info: GET en /js/admin/adminProducts.js- 7/27/2024, 11:03:39 AM
info: GET en /favicon.ico- 7/27/2024, 11:03:40 AM
info: GET en /favicon.ico- 7/27/2024, 11:03:40 AM
info: DELETE en /products- 7/27/2024, 11:03:41 AM
info: DELETE en /products- 7/27/2024, 11:03:41 AM
info: DELETE en /products- 7/27/2024, 11:05:10 AM
info: DELETE en /products- 7/27/2024, 11:05:10 AM
info: Producto eliminado {"$__":{"activePaths":{"paths":{"__v":"init","_id":"init","category":"init","code":"init","description":"init","owner":"init","price":"init","stock":"init","thumbnail":"init","title":"init"},"states":{"default":{},"init":{"__v":true,"_id":true,"category":true,"code":true,"description":true,"owner":true,"price":true,"stock":true,"thumbnail":true,"title":true},"require":{}}},"skipId":true},"$isNew":false,"_doc":{"__v":0,"_id":"66a4d1d7388264f61a320bb0","category":"samsung","code":"123BCDA","description":"probando de nuevo","owner":"premium@gmail.com","price":10,"stock":15,"thumbnail":"#","title":"probando"}}
info: Producto eliminado {"$__":{"activePaths":{"paths":{"__v":"init","_id":"init","category":"init","code":"init","description":"init","owner":"init","price":"init","stock":"init","thumbnail":"init","title":"init"},"states":{"default":{},"init":{"__v":true,"_id":true,"category":true,"code":true,"description":true,"owner":true,"price":true,"stock":true,"thumbnail":true,"title":true},"require":{}}},"skipId":true},"$isNew":false,"_doc":{"__v":0,"_id":"66a4d1d7388264f61a320bb0","category":"samsung","code":"123BCDA","description":"probando de nuevo","owner":"premium@gmail.com","price":10,"stock":15,"thumbnail":"#","title":"probando"}}
info: DELETE en /products- 7/27/2024, 11:07:00 AM
info: DELETE en /products- 7/27/2024, 11:07:00 AM
info: DELETE en /products- 7/27/2024, 11:07:13 AM
info: DELETE en /products- 7/27/2024, 11:07:13 AM
info: DELETE en /products- 7/27/2024, 11:07:14 AM
info: DELETE en /products- 7/27/2024, 11:07:14 AM
info: DELETE en /products- 7/27/2024, 11:07:14 AM
info: DELETE en /products- 7/27/2024, 11:07:14 AM
info: DELETE en /products- 7/27/2024, 11:07:14 AM
info: DELETE en /products- 7/27/2024, 11:07:14 AM
info: DELETE en /products- 7/27/2024, 11:07:18 AM
info: DELETE en /products- 7/27/2024, 11:07:18 AM
info: DELETE en /products- 7/27/2024, 11:07:18 AM
info: DELETE en /products- 7/27/2024, 11:07:18 AM
info: DELETE en /products- 7/27/2024, 11:07:18 AM
info: DELETE en /products- 7/27/2024, 11:07:18 AM
info: DELETE en /products- 7/27/2024, 11:07:19 AM
info: DELETE en /products- 7/27/2024, 11:07:19 AM
info: DELETE en /products- 7/27/2024, 11:07:19 AM
info: DELETE en /products- 7/27/2024, 11:07:19 AM
info: DELETE en /products- 7/27/2024, 11:07:19 AM
info: DELETE en /products- 7/27/2024, 11:07:19 AM
info: DELETE en /products- 7/27/2024, 11:07:19 AM
info: DELETE en /products- 7/27/2024, 11:07:19 AM
info: DELETE en /products- 7/27/2024, 11:07:42 AM
info: DELETE en /products- 7/27/2024, 11:07:42 AM
info: DELETE en /products- 7/27/2024, 11:08:04 AM
info: DELETE en /products- 7/27/2024, 11:08:04 AM
info: POST en /api/views/products- 7/27/2024, 11:08:49 AM
info: POST en /api/views/products- 7/27/2024, 11:08:49 AM
info: DELETE en /products- 7/27/2024, 11:09:45 AM
info: DELETE en /products- 7/27/2024, 11:09:45 AM
info: No es propietario del producto que intenta eliminar
info: No es propietario del producto que intenta eliminar
info: DELETE en /products- 7/27/2024, 11:10:35 AM
info: DELETE en /products- 7/27/2024, 11:10:35 AM
info: No es propietario del producto que intenta eliminar
info: No es propietario del producto que intenta eliminar
info: DELETE en /products- 7/27/2024, 11:11:11 AM
info: DELETE en /products- 7/27/2024, 11:11:11 AM
info: No es propietario del producto que intenta eliminar
info: No es propietario del producto que intenta eliminar
info: DELETE en /products- 7/27/2024, 11:11:52 AM
info: DELETE en /products- 7/27/2024, 11:11:52 AM
info: No es propietario del producto que intenta eliminar
info: No es propietario del producto que intenta eliminar
info: DELETE en /products- 7/27/2024, 11:12:14 AM
info: DELETE en /products- 7/27/2024, 11:12:14 AM
info: Producto eliminado {"$__":{"activePaths":{"paths":{"__v":"init","_id":"init","category":"init","code":"init","description":"init","owner":"init","price":"init","stock":"init","thumbnail":"init","title":"init"},"states":{"default":{},"init":{"__v":true,"_id":true,"category":true,"code":true,"description":true,"owner":true,"price":true,"stock":true,"thumbnail":true,"title":true},"require":{}}},"skipId":true},"$isNew":false,"_doc":{"__v":0,"_id":"66a4ff71d43e8e09a2368e8c","category":"samsung","code":"4433322","description":"producos prueba","owner":"premium@gmail.com","price":2,"stock":5,"thumbnail":"#","title":"producto para prueba"}}
info: Producto eliminado {"$__":{"activePaths":{"paths":{"__v":"init","_id":"init","category":"init","code":"init","description":"init","owner":"init","price":"init","stock":"init","thumbnail":"init","title":"init"},"states":{"default":{},"init":{"__v":true,"_id":true,"category":true,"code":true,"description":true,"owner":true,"price":true,"stock":true,"thumbnail":true,"title":true},"require":{}}},"skipId":true},"$isNew":false,"_doc":{"__v":0,"_id":"66a4ff71d43e8e09a2368e8c","category":"samsung","code":"4433322","description":"producos prueba","owner":"premium@gmail.com","price":2,"stock":5,"thumbnail":"#","title":"producto para prueba"}}
info: POST en /api/views/products- 7/27/2024, 11:12:17 AM
info: POST en /api/views/products- 7/27/2024, 11:12:17 AM
info: GET en /api/sessions/logout- 7/27/2024, 11:12:31 AM
info: GET en /api/sessions/logout- 7/27/2024, 11:12:31 AM
info: GET en /- 7/27/2024, 11:12:31 AM
info: GET en /- 7/27/2024, 11:12:31 AM
info: GET en /js/login.js- 7/27/2024, 11:12:31 AM
info: GET en /js/login.js- 7/27/2024, 11:12:31 AM
info: GET en /favicon.ico- 7/27/2024, 11:12:32 AM
info: GET en /favicon.ico- 7/27/2024, 11:12:32 AM
info: POST en /api/sessions/login- 7/27/2024, 11:12:49 AM
info: POST en /api/sessions/login- 7/27/2024, 11:12:49 AM
info: Inicio sesion correctamente, usuario email : admin@gmail.com
info: Inicio sesion correctamente, usuario email : admin@gmail.com
info: GET en /api/views/admin- 7/27/2024, 11:12:49 AM
info: GET en /api/views/admin- 7/27/2024, 11:12:49 AM
info: GET en /api/views/admin- 7/27/2024, 11:12:49 AM
info: GET en /api/views/admin- 7/27/2024, 11:12:49 AM
info: GET en /favicon.ico- 7/27/2024, 11:12:49 AM
info: GET en /favicon.ico- 7/27/2024, 11:12:49 AM
info: GET en /api/views/admin/products- 7/27/2024, 11:12:51 AM
info: GET en /api/views/admin/products- 7/27/2024, 11:12:51 AM
info: GET en /js/admin/adminProducts.js- 7/27/2024, 11:12:51 AM
info: GET en /js/admin/adminProducts.js- 7/27/2024, 11:12:51 AM
info: GET en /favicon.ico- 7/27/2024, 11:12:51 AM
info: GET en /favicon.ico- 7/27/2024, 11:12:51 AM
info: DELETE en /products- 7/27/2024, 11:12:55 AM
info: DELETE en /products- 7/27/2024, 11:12:55 AM
info: Producto de un usuario premium, un admin no puede eliminarlo
info: Producto de un usuario premium, un admin no puede eliminarlo
info: DELETE en /products- 7/27/2024, 11:13:02 AM
info: DELETE en /products- 7/27/2024, 11:13:02 AM
info: DELETE en /products- 7/27/2024, 11:13:56 AM
info: DELETE en /products- 7/27/2024, 11:13:56 AM
info: DELETE en /products- 7/27/2024, 11:14:25 AM
info: DELETE en /products- 7/27/2024, 11:14:25 AM
info: DELETE en /products- 7/27/2024, 11:14:28 AM
info: DELETE en /products- 7/27/2024, 11:14:28 AM
info: DELETE en /products- 7/27/2024, 11:14:32 AM
info: DELETE en /products- 7/27/2024, 11:14:32 AM
info: DELETE en /products- 7/27/2024, 11:14:45 AM
info: DELETE en /products- 7/27/2024, 11:14:45 AM
info: DELETE en /products- 7/27/2024, 11:15:05 AM
info: DELETE en /products- 7/27/2024, 11:15:05 AM
info: DELETE en /products- 7/27/2024, 11:15:08 AM
info: DELETE en /products- 7/27/2024, 11:15:08 AM
info: DELETE en /products- 7/27/2024, 11:16:02 AM
info: DELETE en /products- 7/27/2024, 11:16:02 AM
info: DELETE en /products- 7/27/2024, 11:16:14 AM
info: DELETE en /products- 7/27/2024, 11:16:14 AM
info: DELETE en /products- 7/27/2024, 11:16:14 AM
info: DELETE en /products- 7/27/2024, 11:16:14 AM
info: DELETE en /products- 7/27/2024, 11:16:14 AM
info: DELETE en /products- 7/27/2024, 11:16:14 AM
info: DELETE en /products- 7/27/2024, 11:16:14 AM
info: DELETE en /products- 7/27/2024, 11:16:14 AM
info: DELETE en /products- 7/27/2024, 11:16:17 AM
info: DELETE en /products- 7/27/2024, 11:16:17 AM
info: DELETE en /products- 7/27/2024, 11:16:48 AM
info: DELETE en /products- 7/27/2024, 11:16:48 AM
info: DELETE en /products- 7/27/2024, 11:16:51 AM
info: DELETE en /products- 7/27/2024, 11:16:51 AM
info: DELETE en /products- 7/27/2024, 11:16:59 AM
info: DELETE en /products- 7/27/2024, 11:16:59 AM
info: DELETE en /products- 7/27/2024, 11:17:11 AM
info: DELETE en /products- 7/27/2024, 11:17:11 AM
info: DELETE en /products- 7/27/2024, 11:18:00 AM
info: DELETE en /products- 7/27/2024, 11:18:00 AM
info: DELETE en /products- 7/27/2024, 11:18:04 AM
info: DELETE en /products- 7/27/2024, 11:18:04 AM
info: DELETE en /products- 7/27/2024, 11:18:04 AM
info: DELETE en /products- 7/27/2024, 11:18:04 AM
info: DELETE en /products- 7/27/2024, 11:18:04 AM
info: DELETE en /products- 7/27/2024, 11:18:04 AM
info: DELETE en /products- 7/27/2024, 11:18:04 AM
info: DELETE en /products- 7/27/2024, 11:18:04 AM
info: DELETE en /products- 7/27/2024, 11:18:04 AM
info: DELETE en /products- 7/27/2024, 11:18:04 AM
info: DELETE en /products- 7/27/2024, 11:18:33 AM
info: DELETE en /products- 7/27/2024, 11:18:33 AM
info: DELETE en /products- 7/27/2024, 11:18:35 AM
info: DELETE en /products- 7/27/2024, 11:18:35 AM
info: DELETE en /products- 7/27/2024, 11:18:35 AM
info: DELETE en /products- 7/27/2024, 11:18:35 AM
info: DELETE en /products- 7/27/2024, 11:18:35 AM
info: DELETE en /products- 7/27/2024, 11:18:35 AM
info: DELETE en /products- 7/27/2024, 11:18:36 AM
info: DELETE en /products- 7/27/2024, 11:18:36 AM
info: DELETE en /products- 7/27/2024, 11:18:36 AM
info: DELETE en /products- 7/27/2024, 11:18:36 AM
info: DELETE en /products- 7/27/2024, 11:18:57 AM
info: DELETE en /products- 7/27/2024, 11:18:57 AM
info: DELETE en /products- 7/27/2024, 11:22:19 AM
info: DELETE en /products- 7/27/2024, 11:22:19 AM
info: DELETE en /products- 7/27/2024, 11:22:33 AM
info: DELETE en /products- 7/27/2024, 11:22:33 AM
info: DELETE en /products- 7/27/2024, 11:22:34 AM
info: DELETE en /products- 7/27/2024, 11:22:34 AM
info: DELETE en /products- 7/27/2024, 11:22:34 AM
info: DELETE en /products- 7/27/2024, 11:22:34 AM
info: DELETE en /products- 7/27/2024, 11:22:46 AM
info: DELETE en /products- 7/27/2024, 11:22:46 AM
info: DELETE en /products- 7/27/2024, 11:23:00 AM
info: DELETE en /products- 7/27/2024, 11:23:00 AM
info: DELETE en /products- 7/27/2024, 11:23:00 AM
info: DELETE en /products- 7/27/2024, 11:23:00 AM
info: DELETE en /products- 7/27/2024, 11:23:00 AM
info: DELETE en /products- 7/27/2024, 11:23:00 AM
info: DELETE en /products- 7/27/2024, 11:23:45 AM
info: DELETE en /products- 7/27/2024, 11:23:45 AM
info: DELETE en /products- 7/27/2024, 11:27:59 AM
info: DELETE en /products- 7/27/2024, 11:27:59 AM
info: DELETE en /products- 7/27/2024, 11:28:53 AM
info: DELETE en /products- 7/27/2024, 11:28:53 AM
info: No ha ingresado un id valido
info: No ha ingresado un id valido
info: DELETE en /products- 7/27/2024, 11:28:56 AM
info: DELETE en /products- 7/27/2024, 11:28:56 AM
info: No ha ingresado un id valido
info: No ha ingresado un id valido
info: GET en /api/views/admin/products- 7/27/2024, 11:37:21 AM
info: GET en /api/views/admin/products- 7/27/2024, 11:37:21 AM
info: GET en /js/admin/adminProducts.js- 7/27/2024, 11:37:21 AM
info: GET en /js/admin/adminProducts.js- 7/27/2024, 11:37:21 AM
info: GET en /favicon.ico- 7/27/2024, 11:37:21 AM
info: GET en /favicon.ico- 7/27/2024, 11:37:21 AM
info: POST en /api/views/products- 7/27/2024, 11:37:24 AM
info: POST en /api/views/products- 7/27/2024, 11:37:24 AM
info: DELETE en /products- 7/27/2024, 11:37:41 AM
info: DELETE en /products- 7/27/2024, 11:37:41 AM
info: No ha ingresado un id valido
info: No ha ingresado un id valido
info: DELETE en /products- 7/27/2024, 11:37:43 AM
info: DELETE en /products- 7/27/2024, 11:37:43 AM
info: No ha ingresado un id valido
info: No ha ingresado un id valido
info: DELETE en /products- 7/27/2024, 11:38:41 AM
info: DELETE en /products- 7/27/2024, 11:38:41 AM
info: GET en /api/sessions/logout- 7/27/2024, 11:39:31 AM
info: GET en /api/sessions/logout- 7/27/2024, 11:39:31 AM
info: GET en /- 7/27/2024, 11:39:31 AM
info: GET en /- 7/27/2024, 11:39:31 AM
info: GET en /js/login.js- 7/27/2024, 11:39:31 AM
info: GET en /js/login.js- 7/27/2024, 11:39:31 AM
info: GET en /favicon.ico- 7/27/2024, 11:39:32 AM
info: GET en /favicon.ico- 7/27/2024, 11:39:32 AM
info: GET en /- 7/28/2024, 12:41:08 AM
info: GET en /- 7/28/2024, 12:41:08 AM
info: GET en /js/login.js- 7/28/2024, 12:41:08 AM
info: GET en /js/login.js- 7/28/2024, 12:41:08 AM
info: POST en /api/sessions/login- 7/28/2024, 12:41:18 AM
info: POST en /api/sessions/login- 7/28/2024, 12:41:18 AM
info: Inicio sesion correctamente, usuario email : premium@gmail.com
info: Inicio sesion correctamente, usuario email : premium@gmail.com
info: GET en /api/views/products- 7/28/2024, 12:41:18 AM
info: GET en /api/views/products- 7/28/2024, 12:41:18 AM
info: GET en /api/views/products- 7/28/2024, 12:41:18 AM
info: GET en /api/views/products- 7/28/2024, 12:41:18 AM
info: GET en /js/products.js- 7/28/2024, 12:41:18 AM
info: GET en /js/products.js- 7/28/2024, 12:41:18 AM
info: GET en /js/cart.js- 7/28/2024, 12:41:18 AM
info: GET en /js/cart.js- 7/28/2024, 12:41:18 AM
info: GET en /api/views/products/?sort=1- 7/28/2024, 12:43:02 AM
info: GET en /api/views/products/?sort=1- 7/28/2024, 12:43:02 AM
info: GET en /api/views/products/?sort=1- 7/28/2024, 12:43:02 AM
info: GET en /api/views/products/?sort=1- 7/28/2024, 12:43:02 AM
info: GET en /js/products.js- 7/28/2024, 12:43:02 AM
info: GET en /js/products.js- 7/28/2024, 12:43:02 AM
info: GET en /js/cart.js- 7/28/2024, 12:43:02 AM
info: GET en /js/cart.js- 7/28/2024, 12:43:02 AM
info: GET en /api/views/products/?sort=-1- 7/28/2024, 12:43:09 AM
info: GET en /api/views/products/?sort=-1- 7/28/2024, 12:43:09 AM
info: GET en /api/views/products/?sort=-1- 7/28/2024, 12:43:09 AM
info: GET en /api/views/products/?sort=-1- 7/28/2024, 12:43:09 AM
info: GET en /js/products.js- 7/28/2024, 12:43:09 AM
info: GET en /js/products.js- 7/28/2024, 12:43:09 AM
info: GET en /js/cart.js- 7/28/2024, 12:43:09 AM
info: GET en /js/cart.js- 7/28/2024, 12:43:09 AM
info: GET en /favicon.ico- 7/28/2024, 12:43:10 AM
info: GET en /favicon.ico- 7/28/2024, 12:43:10 AM
info: GET en /api/views/products/?sort=1- 7/28/2024, 12:43:23 AM
info: GET en /api/views/products/?sort=1- 7/28/2024, 12:43:23 AM
info: GET en /api/views/products/?sort=1- 7/28/2024, 12:43:23 AM
info: GET en /api/views/products/?sort=1- 7/28/2024, 12:43:23 AM
info: GET en /js/products.js- 7/28/2024, 12:43:23 AM
info: GET en /js/products.js- 7/28/2024, 12:43:23 AM
info: GET en /js/cart.js- 7/28/2024, 12:43:23 AM
info: GET en /js/cart.js- 7/28/2024, 12:43:23 AM
info: GET en /favicon.ico- 7/28/2024, 12:43:23 AM
info: GET en /favicon.ico- 7/28/2024, 12:43:23 AM
info: GET en /api/views/products/?sort=2- 7/28/2024, 12:43:32 AM
info: GET en /api/views/products/?sort=2- 7/28/2024, 12:43:32 AM
info: GET en /api/views/products/?sort=2- 7/28/2024, 12:43:32 AM
info: GET en /api/views/products/?sort=2- 7/28/2024, 12:43:32 AM
info: GET en /js/products.js- 7/28/2024, 12:43:32 AM
info: GET en /js/products.js- 7/28/2024, 12:43:32 AM
info: GET en /js/cart.js- 7/28/2024, 12:43:32 AM
info: GET en /js/cart.js- 7/28/2024, 12:43:32 AM
info: GET en /favicon.ico- 7/28/2024, 12:43:33 AM
info: GET en /favicon.ico- 7/28/2024, 12:43:33 AM
info: GET en /api/views/products/?sort=0- 7/28/2024, 12:43:37 AM
info: GET en /api/views/products/?sort=0- 7/28/2024, 12:43:37 AM
info: GET en /api/views/products/?sort=0- 7/28/2024, 12:43:37 AM
info: GET en /api/views/products/?sort=0- 7/28/2024, 12:43:37 AM
info: GET en /js/products.js- 7/28/2024, 12:43:37 AM
info: GET en /js/products.js- 7/28/2024, 12:43:37 AM
info: GET en /js/cart.js- 7/28/2024, 12:43:37 AM
info: GET en /js/cart.js- 7/28/2024, 12:43:37 AM
info: GET en /api/views/products/?sort=-1- 7/28/2024, 12:43:42 AM
info: GET en /api/views/products/?sort=-1- 7/28/2024, 12:43:42 AM
info: GET en /api/views/products/?sort=-1- 7/28/2024, 12:43:42 AM
info: GET en /api/views/products/?sort=-1- 7/28/2024, 12:43:42 AM
info: GET en /js/products.js- 7/28/2024, 12:43:42 AM
info: GET en /js/products.js- 7/28/2024, 12:43:42 AM
info: GET en /js/cart.js- 7/28/2024, 12:43:42 AM
info: GET en /js/cart.js- 7/28/2024, 12:43:42 AM
info: GET en /favicon.ico- 7/28/2024, 12:43:42 AM
info: GET en /favicon.ico- 7/28/2024, 12:43:42 AM
info: GET en /api/views/products/?sort=-1- 7/28/2024, 12:44:16 AM
info: GET en /api/views/products/?sort=-1- 7/28/2024, 12:44:16 AM
info: GET en /api/views/products/?sort=-1- 7/28/2024, 12:44:16 AM
info: GET en /api/views/products/?sort=-1- 7/28/2024, 12:44:16 AM
info: GET en /js/products.js- 7/28/2024, 12:44:16 AM
info: GET en /js/products.js- 7/28/2024, 12:44:16 AM
info: GET en /js/cart.js- 7/28/2024, 12:44:16 AM
info: GET en /js/cart.js- 7/28/2024, 12:44:16 AM
info: GET en /favicon.ico- 7/28/2024, 12:44:16 AM
info: GET en /favicon.ico- 7/28/2024, 12:44:16 AM
info: GET en /api/views/products/?sort=1- 7/28/2024, 12:44:21 AM
info: GET en /api/views/products/?sort=1- 7/28/2024, 12:44:21 AM
info: GET en /api/views/products/?sort=1- 7/28/2024, 12:44:22 AM
info: GET en /api/views/products/?sort=1- 7/28/2024, 12:44:22 AM
info: GET en /js/products.js- 7/28/2024, 12:44:22 AM
info: GET en /js/products.js- 7/28/2024, 12:44:22 AM
info: GET en /js/cart.js- 7/28/2024, 12:44:22 AM
info: GET en /js/cart.js- 7/28/2024, 12:44:22 AM
info: GET en /favicon.ico- 7/28/2024, 12:44:22 AM
info: GET en /favicon.ico- 7/28/2024, 12:44:22 AM
info: GET en /api/views/products/?sort=-1- 7/28/2024, 12:44:29 AM
info: GET en /api/views/products/?sort=-1- 7/28/2024, 12:44:29 AM
info: GET en /api/views/products/?sort=-1- 7/28/2024, 12:44:29 AM
info: GET en /api/views/products/?sort=-1- 7/28/2024, 12:44:29 AM
info: GET en /js/products.js- 7/28/2024, 12:44:29 AM
info: GET en /js/products.js- 7/28/2024, 12:44:29 AM
info: GET en /js/cart.js- 7/28/2024, 12:44:29 AM
info: GET en /js/cart.js- 7/28/2024, 12:44:29 AM
info: GET en /favicon.ico- 7/28/2024, 12:44:30 AM
info: GET en /favicon.ico- 7/28/2024, 12:44:30 AM
info: POST en /api/carts/66a4b8f9fa14924e6d8e772a/product/664b0220bda9e82892bdbcb8- 7/28/2024, 12:45:50 AM
info: POST en /api/carts/66a4b8f9fa14924e6d8e772a/product/664b0220bda9e82892bdbcb8- 7/28/2024, 12:45:50 AM
info: GET en /api/views/products/?sort=-1- 7/28/2024, 12:46:14 AM
info: GET en /api/views/products/?sort=-1- 7/28/2024, 12:46:14 AM
info: GET en /api/views/products/?sort=-1- 7/28/2024, 12:46:15 AM
info: GET en /api/views/products/?sort=-1- 7/28/2024, 12:46:15 AM
info: GET en /js/products.js- 7/28/2024, 12:46:15 AM
info: GET en /js/products.js- 7/28/2024, 12:46:15 AM
info: GET en /js/cart.js- 7/28/2024, 12:46:15 AM
info: GET en /js/cart.js- 7/28/2024, 12:46:15 AM
info: GET en /favicon.ico- 7/28/2024, 12:46:15 AM
info: GET en /favicon.ico- 7/28/2024, 12:46:15 AM
info: POST en /api/carts/66a4b8f9fa14924e6d8e772a/product/664b0292bda9e82892bdbcd4- 7/28/2024, 12:46:17 AM
info: POST en /api/carts/66a4b8f9fa14924e6d8e772a/product/664b0292bda9e82892bdbcd4- 7/28/2024, 12:46:17 AM
info: POST en /api/carts/66a4b8f9fa14924e6d8e772a/product/664b0292bda9e82892bdbcd4- 7/28/2024, 12:48:13 AM
info: POST en /api/carts/66a4b8f9fa14924e6d8e772a/product/664b0292bda9e82892bdbcd4- 7/28/2024, 12:48:13 AM
info: POST en /api/carts/66a4b8f9fa14924e6d8e772a/product/664b0220bda9e82892bdbcb8- 7/28/2024, 12:49:05 AM
info: POST en /api/carts/66a4b8f9fa14924e6d8e772a/product/664b0220bda9e82892bdbcb8- 7/28/2024, 12:49:05 AM
info: POST en /api/carts/66a4b8f9fa14924e6d8e772a/product/664b0207bda9e82892bdbcae- 7/28/2024, 12:50:57 AM
info: POST en /api/carts/66a4b8f9fa14924e6d8e772a/product/664b0207bda9e82892bdbcae- 7/28/2024, 12:50:57 AM
info: POST en /api/carts/66a4b8f9fa14924e6d8e772a/product/664b0220bda9e82892bdbcb8- 7/28/2024, 12:51:56 AM
info: POST en /api/carts/66a4b8f9fa14924e6d8e772a/product/664b0220bda9e82892bdbcb8- 7/28/2024, 12:51:56 AM
info: GET en /api/views/product/664b0292bda9e82892bdbcd4- 7/28/2024, 12:53:04 AM
info: GET en /api/views/product/664b0292bda9e82892bdbcd4- 7/28/2024, 12:53:04 AM
info: POST en /api/carts/66a4b8f9fa14924e6d8e772a/product/664b0292bda9e82892bdbcd4- 7/28/2024, 12:53:04 AM
info: POST en /api/carts/66a4b8f9fa14924e6d8e772a/product/664b0292bda9e82892bdbcd4- 7/28/2024, 12:53:04 AM
info: GET en /favicon.ico- 7/28/2024, 12:53:05 AM
info: GET en /favicon.ico- 7/28/2024, 12:53:05 AM
info: POST en /api/carts/66a4b8f9fa14924e6d8e772a/product/664b0220bda9e82892bdbcb8- 7/28/2024, 12:53:08 AM
info: POST en /api/carts/66a4b8f9fa14924e6d8e772a/product/664b0220bda9e82892bdbcb8- 7/28/2024, 12:53:08 AM
info: POST en /api/carts/66a4b8f9fa14924e6d8e772a/product/664b0220bda9e82892bdbcb8- 7/28/2024, 12:54:45 AM
info: POST en /api/carts/66a4b8f9fa14924e6d8e772a/product/664b0220bda9e82892bdbcb8- 7/28/2024, 12:54:45 AM
info: GET en /api/sessions/logout- 7/28/2024, 12:55:02 AM
info: GET en /api/sessions/logout- 7/28/2024, 12:55:02 AM
info: GET en /- 7/28/2024, 12:55:02 AM
info: GET en /- 7/28/2024, 12:55:02 AM
info: GET en /js/login.js- 7/28/2024, 12:55:02 AM
info: GET en /js/login.js- 7/28/2024, 12:55:02 AM
info: POST en /api/sessions/login- 7/28/2024, 12:55:09 AM
info: POST en /api/sessions/login- 7/28/2024, 12:55:09 AM
info: Inicio sesion correctamente, usuario email : premium@gmail.com
info: Inicio sesion correctamente, usuario email : premium@gmail.com
info: GET en /api/views/products- 7/28/2024, 12:55:09 AM
info: GET en /api/views/products- 7/28/2024, 12:55:09 AM
info: GET en /api/views/products- 7/28/2024, 12:55:09 AM
info: GET en /api/views/products- 7/28/2024, 12:55:09 AM
info: GET en /js/products.js- 7/28/2024, 12:55:09 AM
info: GET en /js/products.js- 7/28/2024, 12:55:09 AM
info: GET en /js/cart.js- 7/28/2024, 12:55:09 AM
info: GET en /js/cart.js- 7/28/2024, 12:55:09 AM
info: POST en /api/carts/66a4b8f9fa14924e6d8e772a/product/664b0292bda9e82892bdbcd4- 7/28/2024, 12:55:13 AM
info: POST en /api/carts/66a4b8f9fa14924e6d8e772a/product/664b0292bda9e82892bdbcd4- 7/28/2024, 12:55:13 AM
info: GET en /api/sessions/logout- 7/28/2024, 12:56:05 AM
info: GET en /api/sessions/logout- 7/28/2024, 12:56:05 AM
info: GET en /- 7/28/2024, 12:56:05 AM
info: GET en /- 7/28/2024, 12:56:05 AM
info: GET en /js/login.js- 7/28/2024, 12:56:05 AM
info: GET en /js/login.js- 7/28/2024, 12:56:05 AM
info: POST en /api/sessions/login- 7/28/2024, 12:56:57 AM
info: POST en /api/sessions/login- 7/28/2024, 12:56:57 AM
info: Inicio sesion correctamente, usuario email : premium@gmail.com
info: Inicio sesion correctamente, usuario email : premium@gmail.com
info: GET en /api/views/products- 7/28/2024, 12:56:57 AM
info: GET en /api/views/products- 7/28/2024, 12:56:57 AM
info: GET en /js/products.js- 7/28/2024, 12:56:57 AM
info: GET en /js/products.js- 7/28/2024, 12:56:57 AM
info: GET en /js/cart.js- 7/28/2024, 12:56:57 AM
info: GET en /js/cart.js- 7/28/2024, 12:56:57 AM
info: GET en /api/views/products- 7/28/2024, 12:56:57 AM
info: GET en /api/views/products- 7/28/2024, 12:56:57 AM
info: GET en /api/views/products- 7/28/2024, 12:56:58 AM
info: GET en /api/views/products- 7/28/2024, 12:56:58 AM
info: GET en /favicon.ico- 7/28/2024, 12:56:58 AM
info: GET en /favicon.ico- 7/28/2024, 12:56:58 AM
info: GET en /api/views/products- 7/28/2024, 12:57:07 AM
info: GET en /api/views/products- 7/28/2024, 12:57:07 AM
info: GET en /api/views/products- 7/28/2024, 12:57:07 AM
info: GET en /api/views/products- 7/28/2024, 12:57:07 AM
info: GET en /js/products.js- 7/28/2024, 12:57:07 AM
info: GET en /js/products.js- 7/28/2024, 12:57:07 AM
info: GET en /js/cart.js- 7/28/2024, 12:57:07 AM
info: GET en /js/cart.js- 7/28/2024, 12:57:07 AM
info: GET en /api/views/products- 7/28/2024, 12:57:08 AM
info: GET en /api/views/products- 7/28/2024, 12:57:08 AM
info: GET en /favicon.ico- 7/28/2024, 12:57:09 AM
info: GET en /favicon.ico- 7/28/2024, 12:57:09 AM
info: GET en /api/views/product/664b0220bda9e82892bdbcb8- 7/28/2024, 12:57:35 AM
info: GET en /api/views/product/664b0220bda9e82892bdbcb8- 7/28/2024, 12:57:35 AM
info: GET en /favicon.ico- 7/28/2024, 12:57:36 AM
info: GET en /favicon.ico- 7/28/2024, 12:57:36 AM
info: GET en /api/views/products- 7/28/2024, 12:57:37 AM
info: GET en /api/views/products- 7/28/2024, 12:57:37 AM
info: GET en /api/views/products- 7/28/2024, 12:57:38 AM
info: GET en /api/views/products- 7/28/2024, 12:57:38 AM
info: GET en /js/products.js- 7/28/2024, 12:57:38 AM
info: GET en /js/products.js- 7/28/2024, 12:57:38 AM
info: GET en /js/cart.js- 7/28/2024, 12:57:38 AM
info: GET en /js/cart.js- 7/28/2024, 12:57:38 AM
info: GET en /api/views/products- 7/28/2024, 12:57:38 AM
info: GET en /api/views/products- 7/28/2024, 12:57:38 AM
info: GET en /favicon.ico- 7/28/2024, 12:57:39 AM
info: GET en /favicon.ico- 7/28/2024, 12:57:39 AM
info: POST en /api/carts/66a4b8f9fa14924e6d8e772a/product/664b0207bda9e82892bdbcae- 7/28/2024, 12:57:39 AM
info: POST en /api/carts/66a4b8f9fa14924e6d8e772a/product/664b0207bda9e82892bdbcae- 7/28/2024, 12:57:39 AM
info: GET en /api/sessions/logout- 7/28/2024, 12:58:01 AM
info: GET en /api/sessions/logout- 7/28/2024, 12:58:01 AM
info: GET en /- 7/28/2024, 12:58:01 AM
info: GET en /- 7/28/2024, 12:58:01 AM
info: GET en /js/login.js- 7/28/2024, 12:58:01 AM
info: GET en /js/login.js- 7/28/2024, 12:58:01 AM
info: GET en /favicon.ico- 7/28/2024, 12:58:02 AM
info: GET en /favicon.ico- 7/28/2024, 12:58:02 AM
info: POST en /api/sessions/login- 7/28/2024, 12:58:11 AM
info: POST en /api/sessions/login- 7/28/2024, 12:58:11 AM
warning: Ingreso un email no valido
warning: Ingreso un email no valido
error: undefined {"cause":"Credenciales invalidas","code":2,"name":"Error al iniciar sesion"}
error: undefined {"cause":"Credenciales invalidas","code":2,"name":"Error al iniciar sesion"}
info: POST en /api/sessions/login- 7/28/2024, 12:58:15 AM
info: POST en /api/sessions/login- 7/28/2024, 12:58:15 AM
info: Inicio sesion correctamente, usuario email : gonzaloismael2@gmail.com
info: Inicio sesion correctamente, usuario email : gonzaloismael2@gmail.com
info: GET en /api/views/products- 7/28/2024, 12:58:16 AM
info: GET en /api/views/products- 7/28/2024, 12:58:16 AM
info: POST en /api/sessions/login- 7/28/2024, 12:58:16 AM
info: POST en /api/sessions/login- 7/28/2024, 12:58:16 AM
info: Inicio sesion correctamente, usuario email : gonzaloismael2@gmail.com
info: Inicio sesion correctamente, usuario email : gonzaloismael2@gmail.com
info: GET en /api/views/products- 7/28/2024, 12:58:16 AM
info: GET en /api/views/products- 7/28/2024, 12:58:16 AM
info: GET en /api/views/products- 7/28/2024, 12:58:17 AM
info: GET en /api/views/products- 7/28/2024, 12:58:17 AM
info: GET en /js/products.js- 7/28/2024, 12:58:17 AM
info: GET en /js/products.js- 7/28/2024, 12:58:17 AM
info: GET en /js/cart.js- 7/28/2024, 12:58:17 AM
info: GET en /js/cart.js- 7/28/2024, 12:58:17 AM
info: GET en /favicon.ico- 7/28/2024, 12:58:17 AM
info: GET en /favicon.ico- 7/28/2024, 12:58:17 AM
info: POST en /api/carts/668cf3c53e902883e00cccd4/product/664b0292bda9e82892bdbcd4- 7/28/2024, 12:58:21 AM
info: POST en /api/carts/668cf3c53e902883e00cccd4/product/664b0292bda9e82892bdbcd4- 7/28/2024, 12:58:21 AM
info: POST en /api/carts/668cf3c53e902883e00cccd4/product/664b0220bda9e82892bdbcb8- 7/28/2024, 12:58:27 AM
info: POST en /api/carts/668cf3c53e902883e00cccd4/product/664b0220bda9e82892bdbcb8- 7/28/2024, 12:58:27 AM
info: POST en /api/carts/668cf3c53e902883e00cccd4/product/664b0292bda9e82892bdbcd4- 7/28/2024, 1:01:47 AM
info: POST en /api/carts/668cf3c53e902883e00cccd4/product/664b0292bda9e82892bdbcd4- 7/28/2024, 1:01:47 AM
info: POST en /api/carts/668cf3c53e902883e00cccd4/product/664b0292bda9e82892bdbcd4- 7/28/2024, 1:06:51 AM
info: POST en /api/carts/668cf3c53e902883e00cccd4/product/664b0292bda9e82892bdbcd4- 7/28/2024, 1:06:51 AM
info: POST en /api/carts/668cf3c53e902883e00cccd4/product/664b0220bda9e82892bdbcb8- 7/28/2024, 1:07:17 AM
info: POST en /api/carts/668cf3c53e902883e00cccd4/product/664b0220bda9e82892bdbcb8- 7/28/2024, 1:07:17 AM
info: POST en /api/carts/668cf3c53e902883e00cccd4/product/664b0292bda9e82892bdbcd4- 7/28/2024, 1:07:41 AM
info: POST en /api/carts/668cf3c53e902883e00cccd4/product/664b0292bda9e82892bdbcd4- 7/28/2024, 1:07:41 AM
info: POST en /api/carts/668cf3c53e902883e00cccd4/product/664b0292bda9e82892bdbcd4- 7/28/2024, 1:08:12 AM
info: POST en /api/carts/668cf3c53e902883e00cccd4/product/664b0292bda9e82892bdbcd4- 7/28/2024, 1:08:12 AM
info: POST en /api/carts/668cf3c53e902883e00cccd4/product/664b0292bda9e82892bdbcd4- 7/28/2024, 1:08:30 AM
info: POST en /api/carts/668cf3c53e902883e00cccd4/product/664b0292bda9e82892bdbcd4- 7/28/2024, 1:08:30 AM
info: POST en /api/carts/668cf3c53e902883e00cccd4/product/664b0292bda9e82892bdbcd4- 7/28/2024, 1:10:29 AM
info: POST en /api/carts/668cf3c53e902883e00cccd4/product/664b0292bda9e82892bdbcd4- 7/28/2024, 1:10:29 AM
info: GET en /api/views/products- 7/28/2024, 1:10:37 AM
info: GET en /api/views/products- 7/28/2024, 1:10:37 AM
info: GET en /js/products.js- 7/28/2024, 1:10:37 AM
info: GET en /js/products.js- 7/28/2024, 1:10:37 AM
info: GET en /js/cart.js- 7/28/2024, 1:10:37 AM
info: GET en /js/cart.js- 7/28/2024, 1:10:37 AM
info: GET en /api/views/products- 7/28/2024, 1:10:38 AM
info: GET en /api/views/products- 7/28/2024, 1:10:38 AM
info: GET en /favicon.ico- 7/28/2024, 1:10:38 AM
info: GET en /favicon.ico- 7/28/2024, 1:10:38 AM
info: DELETE en /api/carts/668cf3c53e902883e00cccd4/product/664b0207bda9e82892bdbcb4- 7/28/2024, 1:10:41 AM
info: DELETE en /api/carts/668cf3c53e902883e00cccd4/product/664b0207bda9e82892bdbcb4- 7/28/2024, 1:10:41 AM
info: DELETE en /api/carts/668cf3c53e902883e00cccd4/product/664b0220bda9e82892bdbcb8- 7/28/2024, 1:10:45 AM
info: DELETE en /api/carts/668cf3c53e902883e00cccd4/product/664b0220bda9e82892bdbcb8- 7/28/2024, 1:10:45 AM
info: POST en /api/carts/668cf3c53e902883e00cccd4/product/664b0292bda9e82892bdbcd4- 7/28/2024, 1:10:48 AM
info: POST en /api/carts/668cf3c53e902883e00cccd4/product/664b0292bda9e82892bdbcd4- 7/28/2024, 1:10:48 AM
info: GET en /api/views/product/664b0220bda9e82892bdbcb8- 7/28/2024, 1:10:51 AM
info: GET en /api/views/product/664b0220bda9e82892bdbcb8- 7/28/2024, 1:10:51 AM
info: GET en /favicon.ico- 7/28/2024, 1:10:52 AM
info: GET en /favicon.ico- 7/28/2024, 1:10:52 AM
info: GET en /api/views/products- 7/28/2024, 1:10:54 AM
info: GET en /api/views/products- 7/28/2024, 1:10:54 AM
info: GET en /api/views/products- 7/28/2024, 1:10:54 AM
info: GET en /api/views/products- 7/28/2024, 1:10:54 AM
info: GET en /js/products.js- 7/28/2024, 1:10:54 AM
info: GET en /js/products.js- 7/28/2024, 1:10:54 AM
info: GET en /js/cart.js- 7/28/2024, 1:10:54 AM
info: GET en /js/cart.js- 7/28/2024, 1:10:54 AM
info: GET en /favicon.ico- 7/28/2024, 1:10:55 AM
info: GET en /favicon.ico- 7/28/2024, 1:10:55 AM
info: POST en /api/carts/668cf3c53e902883e00cccd4/product/664b0220bda9e82892bdbcb8- 7/28/2024, 1:10:56 AM
info: POST en /api/carts/668cf3c53e902883e00cccd4/product/664b0220bda9e82892bdbcb8- 7/28/2024, 1:10:56 AM
info: POST en /api/carts/668cf3c53e902883e00cccd4/product/664b0220bda9e82892bdbcb8- 7/28/2024, 1:11:01 AM
info: POST en /api/carts/668cf3c53e902883e00cccd4/product/664b0220bda9e82892bdbcb8- 7/28/2024, 1:11:01 AM
info: GET en /api/sessions/logout- 7/28/2024, 1:11:04 AM
info: GET en /api/sessions/logout- 7/28/2024, 1:11:04 AM
info: GET en /- 7/28/2024, 1:11:04 AM
info: GET en /- 7/28/2024, 1:11:04 AM
info: GET en /js/login.js- 7/28/2024, 1:11:04 AM
info: GET en /js/login.js- 7/28/2024, 1:11:04 AM
info: GET en /favicon.ico- 7/28/2024, 1:11:05 AM
info: GET en /favicon.ico- 7/28/2024, 1:11:05 AM
info: POST en /api/sessions/login- 7/28/2024, 1:11:12 AM
info: POST en /api/sessions/login- 7/28/2024, 1:11:12 AM
info: Inicio sesion correctamente, usuario email : premium@gmail.com
info: Inicio sesion correctamente, usuario email : premium@gmail.com
info: GET en /api/views/products- 7/28/2024, 1:11:12 AM
info: GET en /api/views/products- 7/28/2024, 1:11:12 AM
info: GET en /api/views/products- 7/28/2024, 1:11:12 AM
info: GET en /api/views/products- 7/28/2024, 1:11:12 AM
info: GET en /js/products.js- 7/28/2024, 1:11:12 AM
info: GET en /js/products.js- 7/28/2024, 1:11:12 AM
info: GET en /js/cart.js- 7/28/2024, 1:11:12 AM
info: GET en /js/cart.js- 7/28/2024, 1:11:12 AM
info: GET en /api/views/products- 7/28/2024, 1:11:13 AM
info: GET en /api/views/products- 7/28/2024, 1:11:13 AM
info: GET en /favicon.ico- 7/28/2024, 1:11:13 AM
info: GET en /favicon.ico- 7/28/2024, 1:11:13 AM
info: GET en /api/views/admin/products- 7/28/2024, 1:20:16 AM
info: GET en /api/views/admin/products- 7/28/2024, 1:20:16 AM
info: GET en /js/admin/adminProducts.js- 7/28/2024, 1:20:16 AM
info: GET en /js/admin/adminProducts.js- 7/28/2024, 1:20:16 AM
info: GET en /favicon.ico- 7/28/2024, 1:20:16 AM
info: GET en /favicon.ico- 7/28/2024, 1:20:16 AM
info: POST en /api/views/products- 7/28/2024, 1:20:51 AM
info: POST en /api/views/products- 7/28/2024, 1:20:51 AM
info: GET en /api/views/products- 7/28/2024, 1:21:02 AM
info: GET en /api/views/products- 7/28/2024, 1:21:02 AM
info: GET en /js/products.js- 7/28/2024, 1:21:02 AM
info: GET en /js/products.js- 7/28/2024, 1:21:02 AM
info: GET en /js/cart.js- 7/28/2024, 1:21:02 AM
info: GET en /js/cart.js- 7/28/2024, 1:21:02 AM
info: GET en /api/views/products- 7/28/2024, 1:21:02 AM
info: GET en /api/views/products- 7/28/2024, 1:21:02 AM
info: GET en /favicon.ico- 7/28/2024, 1:21:03 AM
info: GET en /favicon.ico- 7/28/2024, 1:21:03 AM
info: POST en /api/carts/66a4b8f9fa14924e6d8e772a/product/664b0220bda9e82892bdbcb8- 7/28/2024, 1:21:29 AM
info: POST en /api/carts/66a4b8f9fa14924e6d8e772a/product/664b0220bda9e82892bdbcb8- 7/28/2024, 1:21:29 AM
info: DELETE en /api/carts/66a4b8f9fa14924e6d8e772a- 7/28/2024, 1:21:40 AM
info: DELETE en /api/carts/66a4b8f9fa14924e6d8e772a- 7/28/2024, 1:21:40 AM
info: POST en /api/carts/66a4b8f9fa14924e6d8e772a/product/664b0220bda9e82892bdbcb8- 7/28/2024, 1:23:47 AM
info: POST en /api/carts/66a4b8f9fa14924e6d8e772a/product/664b0220bda9e82892bdbcb8- 7/28/2024, 1:23:47 AM
info: POST en /api/carts/66a4b8f9fa14924e6d8e772a/product/664b0292bda9e82892bdbcd4- 7/28/2024, 1:24:21 AM
info: POST en /api/carts/66a4b8f9fa14924e6d8e772a/product/664b0292bda9e82892bdbcd4- 7/28/2024, 1:24:21 AM
info: POST en /api/carts/66a4b8f9fa14924e6d8e772a/product/664b0220bda9e82892bdbcb8- 7/28/2024, 1:24:25 AM
info: POST en /api/carts/66a4b8f9fa14924e6d8e772a/product/664b0220bda9e82892bdbcb8- 7/28/2024, 1:24:25 AM
info: POST en /api/carts/66a4b8f9fa14924e6d8e772a/product/664b0292bda9e82892bdbcd4- 7/28/2024, 1:25:30 AM
info: POST en /api/carts/66a4b8f9fa14924e6d8e772a/product/664b0292bda9e82892bdbcd4- 7/28/2024, 1:25:30 AM
info: POST en /api/carts/66a4b8f9fa14924e6d8e772a/product/664b0220bda9e82892bdbcb8- 7/28/2024, 1:25:34 AM
info: POST en /api/carts/66a4b8f9fa14924e6d8e772a/product/664b0220bda9e82892bdbcb8- 7/28/2024, 1:25:34 AM
info: POST en /api/carts/66a4b8f9fa14924e6d8e772a/product/664b0292bda9e82892bdbcd4- 7/28/2024, 1:25:49 AM
info: POST en /api/carts/66a4b8f9fa14924e6d8e772a/product/664b0292bda9e82892bdbcd4- 7/28/2024, 1:25:49 AM
info: GET en /api/views/admin/products- 7/28/2024, 1:26:11 AM
info: GET en /api/views/admin/products- 7/28/2024, 1:26:11 AM
info: GET en /js/admin/adminProducts.js- 7/28/2024, 1:26:11 AM
info: GET en /js/admin/adminProducts.js- 7/28/2024, 1:26:11 AM
info: GET en /favicon.ico- 7/28/2024, 1:26:11 AM
info: GET en /favicon.ico- 7/28/2024, 1:26:11 AM
info: GET en /api/sessions/logout- 7/28/2024, 1:28:29 AM
info: GET en /api/sessions/logout- 7/28/2024, 1:28:29 AM
info: GET en /- 7/28/2024, 1:28:29 AM
info: GET en /- 7/28/2024, 1:28:29 AM
info: GET en /js/login.js- 7/28/2024, 1:28:29 AM
info: GET en /js/login.js- 7/28/2024, 1:28:29 AM
info: GET en /favicon.ico- 7/28/2024, 1:28:30 AM
info: GET en /favicon.ico- 7/28/2024, 1:28:30 AM
info: POST en /api/sessions/login- 7/28/2024, 1:31:19 AM
info: POST en /api/sessions/login- 7/28/2024, 1:31:19 AM
info: Inicio sesion correctamente, usuario email : premium@gmail.com
info: Inicio sesion correctamente, usuario email : premium@gmail.com
info: GET en /api/views/products- 7/28/2024, 1:31:19 AM
info: GET en /api/views/products- 7/28/2024, 1:31:19 AM
info: GET en /js/products.js- 7/28/2024, 1:31:19 AM
info: GET en /js/products.js- 7/28/2024, 1:31:19 AM
info: GET en /js/cart.js- 7/28/2024, 1:31:19 AM
info: GET en /js/cart.js- 7/28/2024, 1:31:19 AM
info: GET en /api/views/products- 7/28/2024, 1:31:20 AM
info: GET en /api/views/products- 7/28/2024, 1:31:20 AM
info: GET en /favicon.ico- 7/28/2024, 1:31:20 AM
info: GET en /favicon.ico- 7/28/2024, 1:31:20 AM
info: GET en /api/views/products- 7/28/2024, 1:38:09 AM
info: GET en /api/views/products- 7/28/2024, 1:38:09 AM
info: GET en /js/products.js- 7/28/2024, 1:38:10 AM
info: GET en /js/products.js- 7/28/2024, 1:38:10 AM
info: GET en /js/cart.js- 7/28/2024, 1:38:10 AM
info: GET en /js/cart.js- 7/28/2024, 1:38:10 AM
info: GET en /api/views/products- 7/28/2024, 1:38:10 AM
info: GET en /api/views/products- 7/28/2024, 1:38:10 AM
info: GET en /api/views/products- 7/28/2024, 1:38:11 AM
info: GET en /api/views/products- 7/28/2024, 1:38:11 AM
info: GET en /favicon.ico- 7/28/2024, 1:38:11 AM
info: GET en /favicon.ico- 7/28/2024, 1:38:11 AM
info: GET en /api/views/products- 7/28/2024, 1:40:31 AM
info: GET en /api/views/products- 7/28/2024, 1:40:31 AM
info: GET en /js/products.js- 7/28/2024, 1:40:31 AM
info: GET en /js/products.js- 7/28/2024, 1:40:31 AM
info: GET en /js/cart.js- 7/28/2024, 1:40:31 AM
info: GET en /js/cart.js- 7/28/2024, 1:40:31 AM
info: GET en /api/views/products- 7/28/2024, 1:40:31 AM
info: GET en /api/views/products- 7/28/2024, 1:40:31 AM
info: GET en /api/views/products- 7/28/2024, 1:40:33 AM
info: GET en /api/views/products- 7/28/2024, 1:40:33 AM
info: GET en /favicon.ico- 7/28/2024, 1:40:33 AM
info: GET en /favicon.ico- 7/28/2024, 1:40:33 AM
info: GET en /api/views/products- 7/28/2024, 2:46:02 AM
info: GET en /api/views/products- 7/28/2024, 2:46:02 AM
info: GET en /js/products.js- 7/28/2024, 2:46:02 AM
info: GET en /js/products.js- 7/28/2024, 2:46:02 AM
info: GET en /js/cart.js- 7/28/2024, 2:46:02 AM
info: GET en /js/cart.js- 7/28/2024, 2:46:02 AM
info: GET en /api/views/products- 7/28/2024, 2:46:02 AM
info: GET en /api/views/products- 7/28/2024, 2:46:02 AM
info: GET en /api/views/products- 7/28/2024, 2:46:03 AM
info: GET en /api/views/products- 7/28/2024, 2:46:03 AM
info: GET en /favicon.ico- 7/28/2024, 2:46:03 AM
info: GET en /favicon.ico- 7/28/2024, 2:46:03 AM
info: GET en /api/views/products- 7/28/2024, 2:46:27 AM
info: GET en /api/views/products- 7/28/2024, 2:46:27 AM
info: GET en /api/views/products- 7/28/2024, 2:46:28 AM
info: GET en /api/views/products- 7/28/2024, 2:46:28 AM
info: GET en /js/products.js- 7/28/2024, 2:46:28 AM
info: GET en /js/products.js- 7/28/2024, 2:46:28 AM
info: GET en /js/cart.js- 7/28/2024, 2:46:28 AM
info: GET en /js/cart.js- 7/28/2024, 2:46:28 AM
info: GET en /api/views/products- 7/28/2024, 2:46:28 AM
info: GET en /api/views/products- 7/28/2024, 2:46:28 AM
info: GET en /favicon.ico- 7/28/2024, 2:46:29 AM
info: GET en /favicon.ico- 7/28/2024, 2:46:29 AM
info: GET en /api/views/products- 7/28/2024, 2:47:14 AM
info: GET en /api/views/products- 7/28/2024, 2:47:14 AM
info: GET en /js/products.js- 7/28/2024, 2:47:14 AM
info: GET en /js/products.js- 7/28/2024, 2:47:14 AM
info: GET en /js/cart.js- 7/28/2024, 2:47:14 AM
info: GET en /js/cart.js- 7/28/2024, 2:47:14 AM
info: GET en /api/views/products- 7/28/2024, 2:47:15 AM
info: GET en /api/views/products- 7/28/2024, 2:47:15 AM
info: GET en /favicon.ico- 7/28/2024, 2:47:15 AM
info: GET en /favicon.ico- 7/28/2024, 2:47:15 AM
info: GET en /api/views/products- 7/28/2024, 2:50:08 AM
info: GET en /api/views/products- 7/28/2024, 2:50:08 AM
info: GET en /js/products.js- 7/28/2024, 2:50:09 AM
info: GET en /js/products.js- 7/28/2024, 2:50:09 AM
info: GET en /js/cart.js- 7/28/2024, 2:50:09 AM
info: GET en /js/cart.js- 7/28/2024, 2:50:09 AM
info: GET en /api/views/products- 7/28/2024, 2:50:09 AM
info: GET en /api/views/products- 7/28/2024, 2:50:09 AM
info: GET en /favicon.ico- 7/28/2024, 2:50:09 AM
info: GET en /favicon.ico- 7/28/2024, 2:50:09 AM
info: GET en /api/views/products- 7/28/2024, 2:51:36 AM
info: GET en /api/views/products- 7/28/2024, 2:51:36 AM
info: GET en /js/products.js- 7/28/2024, 2:51:37 AM
info: GET en /js/products.js- 7/28/2024, 2:51:37 AM
info: GET en /js/cart.js- 7/28/2024, 2:51:37 AM
info: GET en /js/cart.js- 7/28/2024, 2:51:37 AM
info: GET en /api/views/products- 7/28/2024, 2:51:37 AM
info: GET en /api/views/products- 7/28/2024, 2:51:37 AM
info: GET en /favicon.ico- 7/28/2024, 2:51:37 AM
info: GET en /favicon.ico- 7/28/2024, 2:51:37 AM
info: GET en /api/views/products- 7/28/2024, 2:52:00 AM
info: GET en /api/views/products- 7/28/2024, 2:52:00 AM
info: GET en /api/views/products- 7/28/2024, 2:52:00 AM
info: GET en /api/views/products- 7/28/2024, 2:52:00 AM
info: GET en /js/products.js- 7/28/2024, 2:52:00 AM
info: GET en /js/products.js- 7/28/2024, 2:52:00 AM
info: GET en /js/cart.js- 7/28/2024, 2:52:00 AM
info: GET en /js/cart.js- 7/28/2024, 2:52:00 AM
info: GET en /api/views/products- 7/28/2024, 2:52:01 AM
info: GET en /api/views/products- 7/28/2024, 2:52:01 AM
info: GET en /favicon.ico- 7/28/2024, 2:52:01 AM
info: GET en /favicon.ico- 7/28/2024, 2:52:01 AM
info: GET en /api/views/products- 7/28/2024, 2:52:23 AM
info: GET en /api/views/products- 7/28/2024, 2:52:23 AM
info: GET en /favicon.ico- 7/28/2024, 2:52:23 AM
info: GET en /favicon.ico- 7/28/2024, 2:52:23 AM
info: GET en /api/views/products- 7/28/2024, 2:52:32 AM
info: GET en /api/views/products- 7/28/2024, 2:52:32 AM
info: GET en /js/cart.js- 7/28/2024, 2:52:32 AM
info: GET en /js/cart.js- 7/28/2024, 2:52:32 AM
info: GET en /js/products.js- 7/28/2024, 2:52:32 AM
info: GET en /js/products.js- 7/28/2024, 2:52:32 AM
info: GET en /api/views/products- 7/28/2024, 2:52:33 AM
info: GET en /api/views/products- 7/28/2024, 2:52:33 AM
info: GET en /api/views/products- 7/28/2024, 2:52:33 AM
info: GET en /api/views/products- 7/28/2024, 2:52:33 AM
info: GET en /favicon.ico- 7/28/2024, 2:52:33 AM
info: GET en /favicon.ico- 7/28/2024, 2:52:33 AM
info: GET en /api/views/products- 7/28/2024, 2:52:53 AM
info: GET en /api/views/products- 7/28/2024, 2:52:53 AM
info: GET en /api/views/products- 7/28/2024, 2:52:54 AM
info: GET en /api/views/products- 7/28/2024, 2:52:54 AM
info: GET en /js/products.js- 7/28/2024, 2:52:54 AM
info: GET en /js/products.js- 7/28/2024, 2:52:54 AM
info: GET en /js/cart.js- 7/28/2024, 2:52:54 AM
info: GET en /js/cart.js- 7/28/2024, 2:52:54 AM
info: GET en /api/views/products- 7/28/2024, 2:52:56 AM
info: GET en /api/views/products- 7/28/2024, 2:52:56 AM
info: GET en /favicon.ico- 7/28/2024, 2:52:57 AM
info: GET en /favicon.ico- 7/28/2024, 2:52:57 AM
info: GET en /api/views/products- 7/28/2024, 2:53:44 AM
info: GET en /api/views/products- 7/28/2024, 2:53:44 AM
info: GET en /js/products.js- 7/28/2024, 2:53:45 AM
info: GET en /js/products.js- 7/28/2024, 2:53:45 AM
info: GET en /js/cart.js- 7/28/2024, 2:53:45 AM
info: GET en /js/cart.js- 7/28/2024, 2:53:45 AM
info: GET en /api/views/products- 7/28/2024, 2:53:45 AM
info: GET en /api/views/products- 7/28/2024, 2:53:45 AM
info: GET en /api/views/products- 7/28/2024, 2:53:47 AM
info: GET en /api/views/products- 7/28/2024, 2:53:47 AM
info: GET en /favicon.ico- 7/28/2024, 2:53:47 AM
info: GET en /favicon.ico- 7/28/2024, 2:53:47 AM
info: GET en /api/views/products- 7/28/2024, 2:57:16 AM
info: GET en /api/views/products- 7/28/2024, 2:57:16 AM
info: GET en /favicon.ico- 7/28/2024, 2:57:16 AM
info: GET en /favicon.ico- 7/28/2024, 2:57:16 AM
info: GET en /api/views/products- 7/28/2024, 2:57:23 AM
info: GET en /api/views/products- 7/28/2024, 2:57:23 AM
info: GET en /favicon.ico- 7/28/2024, 2:57:23 AM
info: GET en /favicon.ico- 7/28/2024, 2:57:23 AM
info: GET en /api/views/products- 7/28/2024, 2:57:41 AM
info: GET en /api/views/products- 7/28/2024, 2:57:41 AM
info: GET en /favicon.ico- 7/28/2024, 2:57:41 AM
info: GET en /favicon.ico- 7/28/2024, 2:57:41 AM
info: GET en /api/views/products- 7/28/2024, 2:57:54 AM
info: GET en /api/views/products- 7/28/2024, 2:57:54 AM
info: GET en /favicon.ico- 7/28/2024, 2:57:55 AM
info: GET en /favicon.ico- 7/28/2024, 2:57:55 AM
info: GET en /api/views/products- 7/28/2024, 2:58:22 AM
info: GET en /api/views/products- 7/28/2024, 2:58:22 AM
info: GET en /js/products.js- 7/28/2024, 2:58:23 AM
info: GET en /js/products.js- 7/28/2024, 2:58:23 AM
info: GET en /js/cart.js- 7/28/2024, 2:58:23 AM
info: GET en /js/cart.js- 7/28/2024, 2:58:23 AM
info: GET en /api/views/products- 7/28/2024, 2:58:23 AM
info: GET en /api/views/products- 7/28/2024, 2:58:23 AM
info: GET en /api/views/products- 7/28/2024, 2:58:24 AM
info: GET en /api/views/products- 7/28/2024, 2:58:24 AM
info: GET en /favicon.ico- 7/28/2024, 2:58:24 AM
info: GET en /favicon.ico- 7/28/2024, 2:58:24 AM
info: GET en /api/views/products- 7/28/2024, 2:59:00 AM
info: GET en /api/views/products- 7/28/2024, 2:59:00 AM
info: GET en /js/products.js- 7/28/2024, 2:59:01 AM
info: GET en /js/products.js- 7/28/2024, 2:59:01 AM
info: GET en /js/cart.js- 7/28/2024, 2:59:01 AM
info: GET en /js/cart.js- 7/28/2024, 2:59:01 AM
info: GET en /api/views/products- 7/28/2024, 2:59:01 AM
info: GET en /api/views/products- 7/28/2024, 2:59:01 AM
info: GET en /api/views/products- 7/28/2024, 2:59:02 AM
info: GET en /api/views/products- 7/28/2024, 2:59:02 AM
info: GET en /favicon.ico- 7/28/2024, 2:59:03 AM
info: GET en /favicon.ico- 7/28/2024, 2:59:03 AM
info: GET en /api/views/products- 7/28/2024, 3:00:01 AM
info: GET en /api/views/products- 7/28/2024, 3:00:01 AM
info: GET en /js/cart.js- 7/28/2024, 3:00:02 AM
info: GET en /js/cart.js- 7/28/2024, 3:00:02 AM
info: GET en /js/products.js- 7/28/2024, 3:00:02 AM
info: GET en /js/products.js- 7/28/2024, 3:00:02 AM
info: GET en /api/views/products- 7/28/2024, 3:00:02 AM
info: GET en /api/views/products- 7/28/2024, 3:00:02 AM
info: GET en /api/views/products- 7/28/2024, 3:00:03 AM
info: GET en /api/views/products- 7/28/2024, 3:00:03 AM
info: GET en /favicon.ico- 7/28/2024, 3:00:04 AM
info: GET en /favicon.ico- 7/28/2024, 3:00:04 AM
info: GET en /api/users/premium/:uid- 7/28/2024, 3:00:06 AM
info: GET en /api/users/premium/:uid- 7/28/2024, 3:00:06 AM
info: GET en /api/users/premium/:uid- 7/28/2024, 3:00:08 AM
info: GET en /api/users/premium/:uid- 7/28/2024, 3:00:08 AM
info: GET en /api/users/premium/:uid- 7/28/2024, 3:01:52 AM
info: GET en /api/users/premium/:uid- 7/28/2024, 3:01:52 AM
info: GET en /api/views/products- 7/28/2024, 3:02:52 AM
info: GET en /api/views/products- 7/28/2024, 3:02:52 AM
info: GET en /js/products.js- 7/28/2024, 3:02:53 AM
info: GET en /js/products.js- 7/28/2024, 3:02:53 AM
info: GET en /js/cart.js- 7/28/2024, 3:02:53 AM
info: GET en /js/cart.js- 7/28/2024, 3:02:53 AM
info: GET en /api/views/products- 7/28/2024, 3:02:53 AM
info: GET en /api/views/products- 7/28/2024, 3:02:53 AM
info: GET en /api/views/products- 7/28/2024, 3:02:54 AM
info: GET en /api/views/products- 7/28/2024, 3:02:54 AM
info: GET en /favicon.ico- 7/28/2024, 3:02:54 AM
info: GET en /favicon.ico- 7/28/2024, 3:02:54 AM
info: GET en /api/users/premium/:uid- 7/28/2024, 3:02:56 AM
info: GET en /api/users/premium/:uid- 7/28/2024, 3:02:56 AM
info: GET en /api/users/premium/:uid- 7/28/2024, 3:03:04 AM
info: GET en /api/users/premium/:uid- 7/28/2024, 3:03:04 AM
info: GET en /api/views/products- 7/28/2024, 3:03:05 AM
info: GET en /api/views/products- 7/28/2024, 3:03:05 AM
info: GET en /api/views/products- 7/28/2024, 3:03:05 AM
info: GET en /api/views/products- 7/28/2024, 3:03:05 AM
info: GET en /js/products.js- 7/28/2024, 3:03:05 AM
info: GET en /js/products.js- 7/28/2024, 3:03:05 AM
info: GET en /js/cart.js- 7/28/2024, 3:03:05 AM
info: GET en /js/cart.js- 7/28/2024, 3:03:05 AM
info: GET en /api/views/products- 7/28/2024, 3:03:06 AM
info: GET en /api/views/products- 7/28/2024, 3:03:06 AM
info: GET en /favicon.ico- 7/28/2024, 3:03:06 AM
info: GET en /favicon.ico- 7/28/2024, 3:03:06 AM
info: GET en /api/users/premium/:uid- 7/28/2024, 3:03:35 AM
info: GET en /api/users/premium/:uid- 7/28/2024, 3:03:35 AM
info: GET en /api/views/products- 7/28/2024, 3:04:55 AM
info: GET en /api/views/products- 7/28/2024, 3:04:55 AM
info: GET en /js/cart.js- 7/28/2024, 3:04:56 AM
info: GET en /js/cart.js- 7/28/2024, 3:04:56 AM
info: GET en /js/products.js- 7/28/2024, 3:04:56 AM
info: GET en /js/products.js- 7/28/2024, 3:04:56 AM
info: GET en /api/views/products- 7/28/2024, 3:04:56 AM
info: GET en /api/views/products- 7/28/2024, 3:04:56 AM
info: GET en /api/views/products- 7/28/2024, 3:04:56 AM
info: GET en /api/views/products- 7/28/2024, 3:04:56 AM
info: GET en /favicon.ico- 7/28/2024, 3:04:56 AM
info: GET en /favicon.ico- 7/28/2024, 3:04:56 AM
info: GET en /api/users/premium/:uid- 7/28/2024, 3:04:58 AM
info: GET en /api/users/premium/:uid- 7/28/2024, 3:04:58 AM
info: GET en /api/users/premium/:uid- 7/28/2024, 3:16:10 AM
info: GET en /api/users/premium/:uid- 7/28/2024, 3:16:10 AM
info: GET en /api/users/premium/:uid- 7/28/2024, 3:16:42 AM
info: GET en /api/users/premium/:uid- 7/28/2024, 3:16:42 AM
info: GET en /api/views/products- 7/28/2024, 3:16:43 AM
info: GET en /api/views/products- 7/28/2024, 3:16:43 AM
info: GET en /js/products.js- 7/28/2024, 3:16:44 AM
info: GET en /js/products.js- 7/28/2024, 3:16:44 AM
info: GET en /js/cart.js- 7/28/2024, 3:16:44 AM
info: GET en /js/cart.js- 7/28/2024, 3:16:44 AM
info: GET en /api/views/products- 7/28/2024, 3:16:44 AM
info: GET en /api/views/products- 7/28/2024, 3:16:44 AM
info: GET en /api/views/products- 7/28/2024, 3:16:45 AM
info: GET en /api/views/products- 7/28/2024, 3:16:45 AM
info: GET en /favicon.ico- 7/28/2024, 3:16:46 AM
info: GET en /favicon.ico- 7/28/2024, 3:16:46 AM
info: GET en /api/views/products- 7/28/2024, 3:17:25 AM
info: GET en /api/views/products- 7/28/2024, 3:17:25 AM
info: GET en /js/products.js- 7/28/2024, 3:17:25 AM
info: GET en /js/products.js- 7/28/2024, 3:17:25 AM
info: GET en /js/cart.js- 7/28/2024, 3:17:25 AM
info: GET en /js/cart.js- 7/28/2024, 3:17:25 AM
info: GET en /api/views/products- 7/28/2024, 3:17:26 AM
info: GET en /api/views/products- 7/28/2024, 3:17:26 AM
info: GET en /api/views/products- 7/28/2024, 3:17:27 AM
info: GET en /api/views/products- 7/28/2024, 3:17:27 AM
info: GET en /favicon.ico- 7/28/2024, 3:17:28 AM
info: GET en /favicon.ico- 7/28/2024, 3:17:28 AM
info: GET en /api/views/products- 7/28/2024, 3:17:41 AM
info: GET en /api/views/products- 7/28/2024, 3:17:41 AM
info: GET en /api/views/products- 7/28/2024, 3:17:41 AM
info: GET en /api/views/products- 7/28/2024, 3:17:41 AM
info: GET en /js/products.js- 7/28/2024, 3:17:41 AM
info: GET en /js/products.js- 7/28/2024, 3:17:41 AM
info: GET en /js/cart.js- 7/28/2024, 3:17:41 AM
info: GET en /js/cart.js- 7/28/2024, 3:17:41 AM
info: GET en /api/views/products- 7/28/2024, 3:17:43 AM
info: GET en /api/views/products- 7/28/2024, 3:17:43 AM
info: GET en /favicon.ico- 7/28/2024, 3:17:44 AM
info: GET en /favicon.ico- 7/28/2024, 3:17:44 AM
info: GET en /api/users/premium/66a4b8f9fa14924e6d8e772c- 7/28/2024, 3:17:44 AM
info: GET en /api/users/premium/66a4b8f9fa14924e6d8e772c- 7/28/2024, 3:17:44 AM
info: GET en /api/views/products- 7/28/2024, 3:18:47 AM
info: GET en /api/views/products- 7/28/2024, 3:18:47 AM
info: GET en /js/products.js- 7/28/2024, 3:18:47 AM
info: GET en /js/products.js- 7/28/2024, 3:18:47 AM
info: GET en /js/cart.js- 7/28/2024, 3:18:47 AM
info: GET en /js/cart.js- 7/28/2024, 3:18:47 AM
info: GET en /api/views/products- 7/28/2024, 3:18:47 AM
info: GET en /api/views/products- 7/28/2024, 3:18:47 AM
info: GET en /api/views/products- 7/28/2024, 3:18:49 AM
info: GET en /api/views/products- 7/28/2024, 3:18:49 AM
info: GET en /favicon.ico- 7/28/2024, 3:18:49 AM
info: GET en /favicon.ico- 7/28/2024, 3:18:49 AM
info: GET en /api/users/premium/66a4b8f9fa14924e6d8e772c- 7/28/2024, 3:18:49 AM
info: GET en /api/users/premium/66a4b8f9fa14924e6d8e772c- 7/28/2024, 3:18:49 AM
info: GET en /api/users/premium/66a4b8f9fa14924e6d8e772c- 7/28/2024, 3:19:03 AM
info: GET en /api/users/premium/66a4b8f9fa14924e6d8e772c- 7/28/2024, 3:19:03 AM
info: GET en /api/users/premium/66a4b8f9fa14924e6d8e772c- 7/28/2024, 3:19:32 AM
info: GET en /api/users/premium/66a4b8f9fa14924e6d8e772c- 7/28/2024, 3:19:32 AM
info: GET en /api/users/premium/66a4b8f9fa14924e6d8e772c- 7/28/2024, 3:20:08 AM
info: GET en /api/users/premium/66a4b8f9fa14924e6d8e772c- 7/28/2024, 3:20:08 AM
info: GET en /api/users/premium/66a4b8f9fa14924e6d8e772c- 7/28/2024, 3:21:57 AM
info: GET en /api/users/premium/66a4b8f9fa14924e6d8e772c- 7/28/2024, 3:21:57 AM
info: GET en /api/views/admin/products- 7/28/2024, 3:22:00 AM
info: GET en /api/views/admin/products- 7/28/2024, 3:22:00 AM
info: GET en /js/admin/adminProducts.js- 7/28/2024, 3:22:00 AM
info: GET en /js/admin/adminProducts.js- 7/28/2024, 3:22:00 AM
info: GET en /favicon.ico- 7/28/2024, 3:22:01 AM
info: GET en /favicon.ico- 7/28/2024, 3:22:01 AM
info: GET en /api/views/admin/products- 7/28/2024, 3:25:21 AM
info: GET en /api/views/admin/products- 7/28/2024, 3:25:21 AM
info: GET en /js/admin/adminProducts.js- 7/28/2024, 3:25:21 AM
info: GET en /js/admin/adminProducts.js- 7/28/2024, 3:25:21 AM
info: GET en /favicon.ico- 7/28/2024, 3:25:21 AM
info: GET en /favicon.ico- 7/28/2024, 3:25:21 AM
info: GET en /api/views/admin/products- 7/28/2024, 3:25:50 AM
info: GET en /api/views/admin/products- 7/28/2024, 3:25:50 AM
info: GET en /js/admin/adminProducts.js- 7/28/2024, 3:25:50 AM
info: GET en /js/admin/adminProducts.js- 7/28/2024, 3:25:50 AM
info: GET en /favicon.ico- 7/28/2024, 3:25:51 AM
info: GET en /favicon.ico- 7/28/2024, 3:25:51 AM
info: GET en /api/views/admin/products- 7/28/2024, 3:26:03 AM
info: GET en /api/views/admin/products- 7/28/2024, 3:26:03 AM
info: GET en /js/admin/adminProducts.js- 7/28/2024, 3:26:03 AM
info: GET en /js/admin/adminProducts.js- 7/28/2024, 3:26:03 AM
info: GET en /favicon.ico- 7/28/2024, 3:26:04 AM
info: GET en /favicon.ico- 7/28/2024, 3:26:04 AM
info: GET en /api/views/admin/products- 7/28/2024, 3:29:33 AM
info: GET en /api/views/admin/products- 7/28/2024, 3:29:33 AM
info: GET en /js/admin/adminProducts.js- 7/28/2024, 3:29:33 AM
info: GET en /js/admin/adminProducts.js- 7/28/2024, 3:29:33 AM
info: GET en /favicon.ico- 7/28/2024, 3:29:33 AM
info: GET en /favicon.ico- 7/28/2024, 3:29:33 AM
info: GET en /api/views/admin/products- 7/28/2024, 3:36:28 AM
info: GET en /api/views/admin/products- 7/28/2024, 3:36:28 AM
info: GET en /js/admin/adminProducts.js- 7/28/2024, 3:36:28 AM
info: GET en /js/admin/adminProducts.js- 7/28/2024, 3:36:28 AM
info: GET en /favicon.ico- 7/28/2024, 3:36:28 AM
info: GET en /favicon.ico- 7/28/2024, 3:36:28 AM
info: GET en /api/views/admin/products- 7/28/2024, 3:36:44 AM
info: GET en /api/views/admin/products- 7/28/2024, 3:36:44 AM
info: GET en /js/admin/adminProducts.js- 7/28/2024, 3:36:44 AM
info: GET en /js/admin/adminProducts.js- 7/28/2024, 3:36:44 AM
info: GET en /favicon.ico- 7/28/2024, 3:36:44 AM
info: GET en /favicon.ico- 7/28/2024, 3:36:44 AM
info: GET en /api/views/admin/products- 7/28/2024, 3:38:30 AM
info: GET en /api/views/admin/products- 7/28/2024, 3:38:30 AM
info: GET en /favicon.ico- 7/28/2024, 3:38:31 AM
info: GET en /favicon.ico- 7/28/2024, 3:38:31 AM
info: GET en /api/views/admin/products- 7/28/2024, 3:38:35 AM
info: GET en /api/views/admin/products- 7/28/2024, 3:38:35 AM
info: GET en /favicon.ico- 7/28/2024, 3:38:35 AM
info: GET en /favicon.ico- 7/28/2024, 3:38:35 AM
info: GET en /api/views/admin/products- 7/28/2024, 3:39:24 AM
info: GET en /api/views/admin/products- 7/28/2024, 3:39:24 AM
info: GET en /js/admin/adminProducts.js- 7/28/2024, 3:39:24 AM
info: GET en /js/admin/adminProducts.js- 7/28/2024, 3:39:24 AM
info: GET en /favicon.ico- 7/28/2024, 3:39:24 AM
info: GET en /favicon.ico- 7/28/2024, 3:39:24 AM
info: GET en /api/views/admin/products- 7/28/2024, 3:40:02 AM
info: GET en /api/views/admin/products- 7/28/2024, 3:40:02 AM
info: GET en /js/admin/adminProducts.js- 7/28/2024, 3:40:02 AM
info: GET en /js/admin/adminProducts.js- 7/28/2024, 3:40:02 AM
info: GET en /favicon.ico- 7/28/2024, 3:40:03 AM
info: GET en /favicon.ico- 7/28/2024, 3:40:03 AM
info: GET en /api/views/admin/products- 7/28/2024, 3:40:12 AM
info: GET en /api/views/admin/products- 7/28/2024, 3:40:12 AM
info: GET en /js/admin/adminProducts.js- 7/28/2024, 3:40:12 AM
info: GET en /js/admin/adminProducts.js- 7/28/2024, 3:40:12 AM
info: GET en /favicon.ico- 7/28/2024, 3:40:12 AM
info: GET en /favicon.ico- 7/28/2024, 3:40:12 AM
info: GET en /api/views/admin/products- 7/28/2024, 3:40:34 AM
info: GET en /api/views/admin/products- 7/28/2024, 3:40:34 AM
info: GET en /js/admin/adminProducts.js- 7/28/2024, 3:40:35 AM
info: GET en /js/admin/adminProducts.js- 7/28/2024, 3:40:35 AM
info: GET en /favicon.ico- 7/28/2024, 3:40:35 AM
info: GET en /favicon.ico- 7/28/2024, 3:40:35 AM
info: GET en /api/views/admin/products- 7/28/2024, 3:41:17 AM
info: GET en /api/views/admin/products- 7/28/2024, 3:41:17 AM
info: GET en /js/admin/adminProducts.js- 7/28/2024, 3:41:18 AM
info: GET en /js/admin/adminProducts.js- 7/28/2024, 3:41:18 AM
info: GET en /favicon.ico- 7/28/2024, 3:41:18 AM
info: GET en /favicon.ico- 7/28/2024, 3:41:18 AM
info: GET en /api/views/admin/products- 7/28/2024, 3:42:08 AM
info: GET en /api/views/admin/products- 7/28/2024, 3:42:08 AM
info: GET en /js/admin/adminProducts.js- 7/28/2024, 3:42:08 AM
info: GET en /js/admin/adminProducts.js- 7/28/2024, 3:42:08 AM
info: GET en /favicon.ico- 7/28/2024, 3:42:08 AM
info: GET en /favicon.ico- 7/28/2024, 3:42:08 AM
info: GET en /api/views/admin/products- 7/28/2024, 3:45:11 AM
info: GET en /api/views/admin/products- 7/28/2024, 3:45:11 AM
info: GET en /js/admin/adminProducts.js- 7/28/2024, 3:45:11 AM
info: GET en /js/admin/adminProducts.js- 7/28/2024, 3:45:11 AM
info: GET en /favicon.ico- 7/28/2024, 3:45:12 AM
info: GET en /favicon.ico- 7/28/2024, 3:45:12 AM
info: GET en /api/views/admin/products- 7/28/2024, 3:45:34 AM
info: GET en /api/views/admin/products- 7/28/2024, 3:45:34 AM
info: GET en /js/admin/adminProducts.js- 7/28/2024, 3:45:34 AM
info: GET en /js/admin/adminProducts.js- 7/28/2024, 3:45:34 AM
info: GET en /favicon.ico- 7/28/2024, 3:45:35 AM
info: GET en /favicon.ico- 7/28/2024, 3:45:35 AM
info: GET en /api/views/admin/products- 7/28/2024, 3:45:36 AM
info: GET en /api/views/admin/products- 7/28/2024, 3:45:36 AM
info: GET en /js/admin/adminProducts.js- 7/28/2024, 3:45:36 AM
info: GET en /js/admin/adminProducts.js- 7/28/2024, 3:45:36 AM
info: GET en /favicon.ico- 7/28/2024, 3:45:37 AM
info: GET en /favicon.ico- 7/28/2024, 3:45:37 AM
info: GET en /api/views/admin/products- 7/28/2024, 3:45:55 AM
info: GET en /api/views/admin/products- 7/28/2024, 3:45:55 AM
info: GET en /favicon.ico- 7/28/2024, 3:45:55 AM
info: GET en /favicon.ico- 7/28/2024, 3:45:55 AM
info: GET en /api/views/admin/products- 7/28/2024, 3:45:57 AM
info: GET en /api/views/admin/products- 7/28/2024, 3:45:57 AM
info: GET en /favicon.ico- 7/28/2024, 3:45:57 AM
info: GET en /favicon.ico- 7/28/2024, 3:45:57 AM
info: GET en /api/views/admin/products- 7/28/2024, 3:45:57 AM
info: GET en /api/views/admin/products- 7/28/2024, 3:45:57 AM
info: GET en /favicon.ico- 7/28/2024, 3:45:57 AM
info: GET en /favicon.ico- 7/28/2024, 3:45:57 AM
info: GET en /api/views/admin/products- 7/28/2024, 3:46:16 AM
info: GET en /api/views/admin/products- 7/28/2024, 3:46:16 AM
info: GET en /favicon.ico- 7/28/2024, 3:46:16 AM
info: GET en /favicon.ico- 7/28/2024, 3:46:16 AM
info: GET en /api/views/admin/products- 7/28/2024, 3:46:17 AM
info: GET en /api/views/admin/products- 7/28/2024, 3:46:17 AM
info: GET en /favicon.ico- 7/28/2024, 3:46:17 AM
info: GET en /favicon.ico- 7/28/2024, 3:46:17 AM
info: GET en /api/views/admin/products- 7/28/2024, 3:46:17 AM
info: GET en /api/views/admin/products- 7/28/2024, 3:46:17 AM
info: GET en /api/views/admin/products- 7/28/2024, 3:46:17 AM
info: GET en /api/views/admin/products- 7/28/2024, 3:46:17 AM
info: GET en /api/views/admin/products- 7/28/2024, 3:46:18 AM
info: GET en /api/views/admin/products- 7/28/2024, 3:46:18 AM
info: GET en /favicon.ico- 7/28/2024, 3:46:18 AM
info: GET en /favicon.ico- 7/28/2024, 3:46:18 AM
info: GET en /api/views/admin/products- 7/28/2024, 3:46:26 AM
info: GET en /api/views/admin/products- 7/28/2024, 3:46:26 AM
info: GET en /favicon.ico- 7/28/2024, 3:46:27 AM
info: GET en /favicon.ico- 7/28/2024, 3:46:27 AM
info: GET en /api/views/admin/products- 7/28/2024, 3:47:06 AM
info: GET en /api/views/admin/products- 7/28/2024, 3:47:06 AM
info: GET en /favicon.ico- 7/28/2024, 3:47:06 AM
info: GET en /favicon.ico- 7/28/2024, 3:47:06 AM
info: GET en /api/views/admin/products- 7/28/2024, 3:47:08 AM
info: GET en /api/views/admin/products- 7/28/2024, 3:47:08 AM
info: GET en /favicon.ico- 7/28/2024, 3:47:08 AM
info: GET en /favicon.ico- 7/28/2024, 3:47:08 AM
info: GET en /api/views/admin/products- 7/28/2024, 3:47:15 AM
info: GET en /api/views/admin/products- 7/28/2024, 3:47:15 AM
info: GET en /favicon.ico- 7/28/2024, 3:47:16 AM
info: GET en /favicon.ico- 7/28/2024, 3:47:16 AM
info: GET en /api/views/admin/products- 7/28/2024, 3:49:46 AM
info: GET en /api/views/admin/products- 7/28/2024, 3:49:46 AM
info: GET en /js/admin/adminProducts.js- 7/28/2024, 3:49:47 AM
info: GET en /js/admin/adminProducts.js- 7/28/2024, 3:49:47 AM
info: GET en /api/views/admin/products- 7/28/2024, 3:49:47 AM
info: GET en /api/views/admin/products- 7/28/2024, 3:49:47 AM
info: GET en /favicon.ico- 7/28/2024, 3:49:47 AM
info: GET en /favicon.ico- 7/28/2024, 3:49:47 AM
info: GET en /api/views/admin/products- 7/28/2024, 3:50:58 AM
info: GET en /api/views/admin/products- 7/28/2024, 3:50:58 AM
info: GET en /api/views/admin/products- 7/28/2024, 3:50:59 AM
info: GET en /api/views/admin/products- 7/28/2024, 3:50:59 AM
info: GET en /js/admin/adminProducts.js- 7/28/2024, 3:50:59 AM
info: GET en /js/admin/adminProducts.js- 7/28/2024, 3:50:59 AM
info: POST en /api/views/products- 7/28/2024, 3:51:46 AM
info: POST en /api/views/products- 7/28/2024, 3:51:46 AM
info: GET en /api/views/admin/products- 7/28/2024, 3:51:50 AM
info: GET en /api/views/admin/products- 7/28/2024, 3:51:50 AM
info: GET en /api/views/admin/products- 7/28/2024, 3:51:50 AM
info: GET en /api/views/admin/products- 7/28/2024, 3:51:50 AM
info: GET en /js/admin/adminProducts.js- 7/28/2024, 3:51:50 AM
info: GET en /js/admin/adminProducts.js- 7/28/2024, 3:51:50 AM
info: GET en /api/views/admin/products- 7/28/2024, 3:52:31 AM
info: GET en /api/views/admin/products- 7/28/2024, 3:52:31 AM
info: GET en /api/views/admin/products- 7/28/2024, 3:52:31 AM
info: GET en /api/views/admin/products- 7/28/2024, 3:52:31 AM
info: GET en /js/admin/adminProducts.js- 7/28/2024, 3:52:31 AM
info: GET en /js/admin/adminProducts.js- 7/28/2024, 3:52:31 AM
info: GET en /api/views/admin/products- 7/28/2024, 3:52:45 AM
info: GET en /api/views/admin/products- 7/28/2024, 3:52:45 AM
info: GET en /api/views/admin/products- 7/28/2024, 3:52:45 AM
info: GET en /api/views/admin/products- 7/28/2024, 3:52:45 AM
info: GET en /js/admin/adminProducts.js- 7/28/2024, 3:52:45 AM
info: GET en /js/admin/adminProducts.js- 7/28/2024, 3:52:45 AM
info: GET en /api/views/admin/products- 7/28/2024, 3:53:12 AM
info: GET en /api/views/admin/products- 7/28/2024, 3:53:12 AM
info: GET en /api/views/admin/products- 7/28/2024, 3:53:12 AM
info: GET en /api/views/admin/products- 7/28/2024, 3:53:12 AM
info: GET en /js/admin/adminProducts.js- 7/28/2024, 3:53:12 AM
info: GET en /js/admin/adminProducts.js- 7/28/2024, 3:53:12 AM
info: GET en /api/views/admin/products- 7/28/2024, 3:54:14 AM
info: GET en /api/views/admin/products- 7/28/2024, 3:54:14 AM
info: GET en /api/views/admin/products- 7/28/2024, 3:54:15 AM
info: GET en /api/views/admin/products- 7/28/2024, 3:54:15 AM
info: GET en /js/admin/adminProducts.js- 7/28/2024, 3:54:15 AM
info: GET en /js/admin/adminProducts.js- 7/28/2024, 3:54:15 AM
info: GET en /api/views/admin/products- 7/28/2024, 3:54:16 AM
info: GET en /api/views/admin/products- 7/28/2024, 3:54:16 AM
info: GET en /api/views/admin/products- 7/28/2024, 3:54:17 AM
info: GET en /api/views/admin/products- 7/28/2024, 3:54:17 AM
info: GET en /js/admin/adminProducts.js- 7/28/2024, 3:54:17 AM
info: GET en /js/admin/adminProducts.js- 7/28/2024, 3:54:17 AM
info: GET en /api/views/admin/products- 7/28/2024, 3:54:18 AM
info: GET en /api/views/admin/products- 7/28/2024, 3:54:18 AM
info: GET en /api/views/admin/products- 7/28/2024, 3:54:18 AM
info: GET en /api/views/admin/products- 7/28/2024, 3:54:18 AM
info: GET en /js/admin/adminProducts.js- 7/28/2024, 3:54:18 AM
info: GET en /js/admin/adminProducts.js- 7/28/2024, 3:54:18 AM
info: GET en /api/views/products- 7/28/2024, 3:55:10 AM
info: GET en /api/views/products- 7/28/2024, 3:55:10 AM
info: GET en /api/views/products- 7/28/2024, 3:55:10 AM
info: GET en /api/views/products- 7/28/2024, 3:55:10 AM
info: GET en /js/products.js- 7/28/2024, 3:55:10 AM
info: GET en /js/products.js- 7/28/2024, 3:55:10 AM
info: GET en /js/cart.js- 7/28/2024, 3:55:10 AM
info: GET en /js/cart.js- 7/28/2024, 3:55:10 AM
info: GET en /api/users/premium/66a4b8f9fa14924e6d8e772c- 7/28/2024, 3:55:12 AM
info: GET en /api/users/premium/66a4b8f9fa14924e6d8e772c- 7/28/2024, 3:55:12 AM
info: GET en /api/views/admin/products- 7/28/2024, 3:55:13 AM
info: GET en /api/views/admin/products- 7/28/2024, 3:55:13 AM
info: GET en /api/views/admin/products- 7/28/2024, 3:55:13 AM
info: GET en /api/views/admin/products- 7/28/2024, 3:55:13 AM
info: GET en /js/admin/adminProducts.js- 7/28/2024, 3:55:13 AM
info: GET en /js/admin/adminProducts.js- 7/28/2024, 3:55:13 AM
info: GET en /api/views/products- 7/28/2024, 3:55:19 AM
info: GET en /api/views/products- 7/28/2024, 3:55:19 AM
info: GET en /api/views/products- 7/28/2024, 3:55:19 AM
info: GET en /api/views/products- 7/28/2024, 3:55:19 AM
info: GET en /js/products.js- 7/28/2024, 3:55:19 AM
info: GET en /js/products.js- 7/28/2024, 3:55:19 AM
info: GET en /js/cart.js- 7/28/2024, 3:55:19 AM
info: GET en /js/cart.js- 7/28/2024, 3:55:19 AM
info: GET en /api/sessions/logout- 7/28/2024, 3:55:21 AM
info: GET en /api/sessions/logout- 7/28/2024, 3:55:21 AM
info: GET en /- 7/28/2024, 3:55:21 AM
info: GET en /- 7/28/2024, 3:55:21 AM
info: GET en /js/login.js- 7/28/2024, 3:55:21 AM
info: GET en /js/login.js- 7/28/2024, 3:55:21 AM
info: POST en /api/sessions/login- 7/28/2024, 3:55:37 AM
info: POST en /api/sessions/login- 7/28/2024, 3:55:37 AM
info: Inicio sesion correctamente, usuario email : gonzaloismael2@gmail.com
info: Inicio sesion correctamente, usuario email : gonzaloismael2@gmail.com
info: GET en /api/views/products- 7/28/2024, 3:55:37 AM
info: GET en /api/views/products- 7/28/2024, 3:55:37 AM
info: GET en /api/views/products- 7/28/2024, 3:55:37 AM
info: GET en /api/views/products- 7/28/2024, 3:55:37 AM
info: GET en /js/cart.js- 7/28/2024, 3:55:38 AM
info: GET en /js/cart.js- 7/28/2024, 3:55:38 AM
info: GET en /js/products.js- 7/28/2024, 3:55:38 AM
info: GET en /js/products.js- 7/28/2024, 3:55:38 AM
info: GET en /api/users/premium/668cf3c53e902883e00cccd6- 7/28/2024, 3:55:41 AM
info: GET en /api/users/premium/668cf3c53e902883e00cccd6- 7/28/2024, 3:55:41 AM
info: GET en /api/sessions/logout- 7/28/2024, 3:55:53 AM
info: GET en /api/sessions/logout- 7/28/2024, 3:55:53 AM
info: GET en /- 7/28/2024, 3:55:53 AM
info: GET en /- 7/28/2024, 3:55:53 AM
info: GET en /js/login.js- 7/28/2024, 3:55:54 AM
info: GET en /js/login.js- 7/28/2024, 3:55:54 AM
info: POST en /api/sessions/login- 7/28/2024, 3:56:00 AM
info: POST en /api/sessions/login- 7/28/2024, 3:56:00 AM
info: Inicio sesion correctamente, usuario email : premium@gmail.com
info: Inicio sesion correctamente, usuario email : premium@gmail.com
info: GET en /api/views/products- 7/28/2024, 3:56:00 AM
info: GET en /api/views/products- 7/28/2024, 3:56:00 AM
info: GET en /api/views/products- 7/28/2024, 3:56:01 AM
info: GET en /api/views/products- 7/28/2024, 3:56:01 AM
info: GET en /js/products.js- 7/28/2024, 3:56:01 AM
info: GET en /js/products.js- 7/28/2024, 3:56:01 AM
info: GET en /js/cart.js- 7/28/2024, 3:56:01 AM
info: GET en /js/cart.js- 7/28/2024, 3:56:01 AM
info: POST en /api/carts/66a4b8f9fa14924e6d8e772a/product/664b0292bda9e82892bdbcd4- 7/28/2024, 3:56:03 AM
info: POST en /api/carts/66a4b8f9fa14924e6d8e772a/product/664b0292bda9e82892bdbcd4- 7/28/2024, 3:56:03 AM
info: POST en /api/carts/66a4b8f9fa14924e6d8e772a/product/664b0220bda9e82892bdbcb8- 7/28/2024, 3:56:04 AM
info: POST en /api/carts/66a4b8f9fa14924e6d8e772a/product/664b0220bda9e82892bdbcb8- 7/28/2024, 3:56:04 AM
info: POST en /api/carts/66a4b8f9fa14924e6d8e772a/product/664b0207bda9e82892bdbcaf- 7/28/2024, 3:56:06 AM
info: POST en /api/carts/66a4b8f9fa14924e6d8e772a/product/664b0207bda9e82892bdbcaf- 7/28/2024, 3:56:06 AM
info: GET en /api/views/purchase- 7/28/2024, 3:56:11 AM
info: GET en /api/views/purchase- 7/28/2024, 3:56:11 AM
info: GET en /api/views/purchase- 7/28/2024, 3:56:50 AM
info: GET en /api/views/purchase- 7/28/2024, 3:56:50 AM
info: GET en /api/views/purchase- 7/28/2024, 3:56:52 AM
info: GET en /api/views/purchase- 7/28/2024, 3:56:52 AM
info: GET en /api/views/purchase- 7/28/2024, 3:56:52 AM
info: GET en /api/views/purchase- 7/28/2024, 3:56:52 AM
info: GET en /api/views/purchase- 7/28/2024, 3:56:52 AM
info: GET en /api/views/purchase- 7/28/2024, 3:56:52 AM
info: GET en /api/views/purchase- 7/28/2024, 3:56:52 AM
info: GET en /api/views/purchase- 7/28/2024, 3:56:52 AM
info: GET en /api/views/purchase- 7/28/2024, 3:57:14 AM
info: GET en /api/views/purchase- 7/28/2024, 3:57:14 AM
info: GET en /js/ticket.js- 7/28/2024, 3:57:15 AM
info: GET en /js/ticket.js- 7/28/2024, 3:57:15 AM
info: GET en /api/views/purchase- 7/28/2024, 4:00:00 AM
info: GET en /api/views/purchase- 7/28/2024, 4:00:00 AM
info: GET en /js/ticket.js- 7/28/2024, 4:00:01 AM
info: GET en /js/ticket.js- 7/28/2024, 4:00:01 AM
info: GET en /api/views/products- 7/28/2024, 4:00:12 AM
info: GET en /api/views/products- 7/28/2024, 4:00:12 AM
info: GET en /js/products.js- 7/28/2024, 4:00:12 AM
info: GET en /js/products.js- 7/28/2024, 4:00:12 AM
info: GET en /js/cart.js- 7/28/2024, 4:00:12 AM
info: GET en /js/cart.js- 7/28/2024, 4:00:12 AM
info: GET en /api/views/products- 7/28/2024, 4:00:12 AM
info: GET en /api/views/products- 7/28/2024, 4:00:12 AM
info: GET en /api/users/premium/66a4b8f9fa14924e6d8e772c- 7/28/2024, 4:00:17 AM
info: GET en /api/users/premium/66a4b8f9fa14924e6d8e772c- 7/28/2024, 4:00:17 AM
info: GET en /api/views/admin/products- 7/28/2024, 4:00:19 AM
info: GET en /api/views/admin/products- 7/28/2024, 4:00:19 AM
info: GET en /api/views/admin/products- 7/28/2024, 4:00:19 AM
info: GET en /api/views/admin/products- 7/28/2024, 4:00:19 AM
info: GET en /js/admin/adminProducts.js- 7/28/2024, 4:00:19 AM
info: GET en /js/admin/adminProducts.js- 7/28/2024, 4:00:19 AM
info: GET en /api/views/products- 7/28/2024, 4:00:21 AM
info: GET en /api/views/products- 7/28/2024, 4:00:21 AM
info: GET en /js/products.js- 7/28/2024, 4:00:21 AM
info: GET en /js/products.js- 7/28/2024, 4:00:21 AM
info: GET en /js/cart.js- 7/28/2024, 4:00:21 AM
info: GET en /js/cart.js- 7/28/2024, 4:00:21 AM
info: GET en /api/views/products- 7/28/2024, 4:00:21 AM
info: GET en /api/views/products- 7/28/2024, 4:00:21 AM
info: GET en /api/views/purchase- 7/28/2024, 4:00:25 AM
info: GET en /api/views/purchase- 7/28/2024, 4:00:25 AM
info: GET en /js/ticket.js- 7/28/2024, 4:00:26 AM
info: GET en /js/ticket.js- 7/28/2024, 4:00:26 AM
info: POST en /api/carts/purchase- 7/28/2024, 4:00:57 AM
info: POST en /api/carts/purchase- 7/28/2024, 4:00:57 AM
info: GET en /- 7/28/2024, 4:01:01 AM
info: GET en /- 7/28/2024, 4:01:01 AM
info: GET en /api/views/products- 7/28/2024, 4:01:01 AM
info: GET en /api/views/products- 7/28/2024, 4:01:01 AM
info: GET en /js/cart.js- 7/28/2024, 4:01:01 AM
info: GET en /js/cart.js- 7/28/2024, 4:01:01 AM
info: GET en /js/products.js- 7/28/2024, 4:01:01 AM
info: GET en /js/products.js- 7/28/2024, 4:01:01 AM
info: GET en /api/views/products- 7/28/2024, 4:01:01 AM
info: GET en /api/views/products- 7/28/2024, 4:01:01 AM
info: GET en /api/sessions/logout- 7/28/2024, 4:01:07 AM
info: GET en /api/sessions/logout- 7/28/2024, 4:01:07 AM
info: GET en /- 7/28/2024, 4:01:07 AM
info: GET en /- 7/28/2024, 4:01:07 AM
info: GET en /api/views/products- 7/28/2024, 4:01:07 AM
info: GET en /api/views/products- 7/28/2024, 4:01:07 AM
info: GET en /api/views/products- 7/28/2024, 4:01:07 AM
info: GET en /api/views/products- 7/28/2024, 4:01:07 AM
info: GET en /js/products.js- 7/28/2024, 4:01:07 AM
info: GET en /js/products.js- 7/28/2024, 4:01:07 AM
info: GET en /js/cart.js- 7/28/2024, 4:01:07 AM
info: GET en /js/cart.js- 7/28/2024, 4:01:07 AM
info: GET en /apidocs- 8/3/2024, 10:40:59 AM
info: GET en /apidocs- 8/3/2024, 10:40:59 AM
info: GET en /apidocs/- 8/3/2024, 10:40:59 AM
info: GET en /apidocs/- 8/3/2024, 10:40:59 AM
info: GET en /apidocs/swagger-ui.css- 8/3/2024, 10:40:59 AM
info: GET en /apidocs/swagger-ui.css- 8/3/2024, 10:40:59 AM
info: GET en /apidocs/swagger-ui-bundle.js- 8/3/2024, 10:40:59 AM
info: GET en /apidocs/swagger-ui-bundle.js- 8/3/2024, 10:40:59 AM
info: GET en /apidocs/swagger-ui-standalone-preset.js- 8/3/2024, 10:40:59 AM
info: GET en /apidocs/swagger-ui-standalone-preset.js- 8/3/2024, 10:40:59 AM
info: GET en /apidocs/swagger-ui-init.js- 8/3/2024, 10:40:59 AM
info: GET en /apidocs/swagger-ui-init.js- 8/3/2024, 10:40:59 AM
info: GET en /apidocs/favicon-16x16.png- 8/3/2024, 10:40:59 AM
info: GET en /apidocs/favicon-16x16.png- 8/3/2024, 10:40:59 AM
info: GET en /apidocs/- 8/3/2024, 10:46:07 AM
info: GET en /apidocs/- 8/3/2024, 10:46:07 AM
info: GET en /apidocs/swagger-ui-bundle.js- 8/3/2024, 10:46:07 AM
info: GET en /apidocs/swagger-ui-bundle.js- 8/3/2024, 10:46:07 AM
info: GET en /apidocs/swagger-ui-standalone-preset.js- 8/3/2024, 10:46:07 AM
info: GET en /apidocs/swagger-ui-standalone-preset.js- 8/3/2024, 10:46:07 AM
info: GET en /apidocs/swagger-ui-init.js- 8/3/2024, 10:46:07 AM
info: GET en /apidocs/swagger-ui-init.js- 8/3/2024, 10:46:07 AM
info: GET en /apidocs/swagger-ui.css- 8/3/2024, 10:46:07 AM
info: GET en /apidocs/swagger-ui.css- 8/3/2024, 10:46:07 AM
info: GET en /apidocs/favicon-16x16.png- 8/3/2024, 10:46:08 AM
info: GET en /apidocs/favicon-16x16.png- 8/3/2024, 10:46:08 AM
info: GET en /apidocs/- 8/3/2024, 10:46:10 AM
info: GET en /apidocs/- 8/3/2024, 10:46:10 AM
info: GET en /apidocs/swagger-ui.css- 8/3/2024, 10:46:10 AM
info: GET en /apidocs/swagger-ui.css- 8/3/2024, 10:46:10 AM
info: GET en /apidocs/swagger-ui-bundle.js- 8/3/2024, 10:46:10 AM
info: GET en /apidocs/swagger-ui-bundle.js- 8/3/2024, 10:46:10 AM
info: GET en /apidocs/swagger-ui-standalone-preset.js- 8/3/2024, 10:46:10 AM
info: GET en /apidocs/swagger-ui-standalone-preset.js- 8/3/2024, 10:46:10 AM
info: GET en /apidocs/swagger-ui-init.js- 8/3/2024, 10:46:10 AM
info: GET en /apidocs/swagger-ui-init.js- 8/3/2024, 10:46:10 AM
info: GET en /apidocs/- 8/3/2024, 10:47:27 AM
info: GET en /apidocs/- 8/3/2024, 10:47:27 AM
info: GET en /apidocs/swagger-ui.css- 8/3/2024, 10:47:28 AM
info: GET en /apidocs/swagger-ui.css- 8/3/2024, 10:47:28 AM
info: GET en /apidocs/swagger-ui-bundle.js- 8/3/2024, 10:47:28 AM
info: GET en /apidocs/swagger-ui-bundle.js- 8/3/2024, 10:47:28 AM
info: GET en /apidocs/swagger-ui-standalone-preset.js- 8/3/2024, 10:47:28 AM
info: GET en /apidocs/swagger-ui-standalone-preset.js- 8/3/2024, 10:47:28 AM
info: GET en /apidocs/swagger-ui-init.js- 8/3/2024, 10:47:28 AM
info: GET en /apidocs/swagger-ui-init.js- 8/3/2024, 10:47:28 AM
info: GET en /apidocs/- 8/3/2024, 10:48:23 AM
info: GET en /apidocs/- 8/3/2024, 10:48:23 AM
info: GET en /apidocs/swagger-ui.css- 8/3/2024, 10:48:23 AM
info: GET en /apidocs/swagger-ui.css- 8/3/2024, 10:48:23 AM
info: GET en /apidocs/swagger-ui-bundle.js- 8/3/2024, 10:48:23 AM
info: GET en /apidocs/swagger-ui-bundle.js- 8/3/2024, 10:48:23 AM
info: GET en /apidocs/swagger-ui-init.js- 8/3/2024, 10:48:23 AM
info: GET en /apidocs/swagger-ui-init.js- 8/3/2024, 10:48:23 AM
info: GET en /apidocs/swagger-ui-standalone-preset.js- 8/3/2024, 10:48:23 AM
info: GET en /apidocs/swagger-ui-standalone-preset.js- 8/3/2024, 10:48:23 AM
info: GET en /apidocs/- 8/3/2024, 10:48:24 AM
info: GET en /apidocs/- 8/3/2024, 10:48:24 AM
info: GET en /apidocs/swagger-ui.css- 8/3/2024, 10:48:24 AM
info: GET en /apidocs/swagger-ui.css- 8/3/2024, 10:48:24 AM
info: GET en /apidocs/swagger-ui-bundle.js- 8/3/2024, 10:48:24 AM
info: GET en /apidocs/swagger-ui-standalone-preset.js- 8/3/2024, 10:48:24 AM
info: GET en /apidocs/swagger-ui-bundle.js- 8/3/2024, 10:48:24 AM
info: GET en /apidocs/swagger-ui-standalone-preset.js- 8/3/2024, 10:48:24 AM
info: GET en /apidocs/swagger-ui-init.js- 8/3/2024, 10:48:24 AM
info: GET en /apidocs/swagger-ui-init.js- 8/3/2024, 10:48:24 AM
info: GET en /apidocs/- 8/3/2024, 10:54:46 AM
info: GET en /apidocs/- 8/3/2024, 10:54:46 AM
info: GET en /apidocs/swagger-ui.css- 8/3/2024, 10:54:46 AM
info: GET en /apidocs/swagger-ui.css- 8/3/2024, 10:54:46 AM
info: GET en /apidocs/swagger-ui-bundle.js- 8/3/2024, 10:54:46 AM
info: GET en /apidocs/swagger-ui-bundle.js- 8/3/2024, 10:54:46 AM
info: GET en /apidocs/swagger-ui-standalone-preset.js- 8/3/2024, 10:54:46 AM
info: GET en /apidocs/swagger-ui-standalone-preset.js- 8/3/2024, 10:54:46 AM
info: GET en /apidocs/swagger-ui-init.js- 8/3/2024, 10:54:46 AM
info: GET en /apidocs/swagger-ui-init.js- 8/3/2024, 10:54:46 AM
info: GET en /apidocs/- 8/3/2024, 10:56:01 AM
info: GET en /apidocs/- 8/3/2024, 10:56:01 AM
info: GET en /apidocs/swagger-ui-bundle.js- 8/3/2024, 10:56:01 AM
info: GET en /apidocs/swagger-ui-bundle.js- 8/3/2024, 10:56:01 AM
info: GET en /apidocs/swagger-ui-standalone-preset.js- 8/3/2024, 10:56:01 AM
info: GET en /apidocs/swagger-ui-standalone-preset.js- 8/3/2024, 10:56:01 AM
info: GET en /apidocs/swagger-ui-init.js- 8/3/2024, 10:56:01 AM
info: GET en /apidocs/swagger-ui-init.js- 8/3/2024, 10:56:01 AM
info: GET en /apidocs/swagger-ui.css- 8/3/2024, 10:56:01 AM
info: GET en /apidocs/swagger-ui.css- 8/3/2024, 10:56:01 AM
info: GET en /products/- 8/3/2024, 10:57:21 AM
info: GET en /products/- 8/3/2024, 10:57:21 AM
info: GET en /products- 8/3/2024, 11:02:13 AM
info: GET en /products- 8/3/2024, 11:02:13 AM
info: GET en /products- 8/3/2024, 11:02:14 AM
info: GET en /products- 8/3/2024, 11:02:14 AM
info: GET en /js/products.js- 8/3/2024, 11:02:14 AM
info: GET en /js/products.js- 8/3/2024, 11:02:14 AM
info: GET en /js/cart.js- 8/3/2024, 11:02:14 AM
info: GET en /js/cart.js- 8/3/2024, 11:02:14 AM
info: GET en /products- 8/3/2024, 11:02:14 AM
info: GET en /products- 8/3/2024, 11:02:14 AM
info: GET en /favicon.ico- 8/3/2024, 11:02:14 AM
info: GET en /favicon.ico- 8/3/2024, 11:02:14 AM
info: GET en /api/mockingproducts- 8/3/2024, 11:02:39 AM
info: GET en /api/mockingproducts- 8/3/2024, 11:02:39 AM
info: GET en /products- 8/3/2024, 11:07:07 AM
info: GET en /products- 8/3/2024, 11:07:07 AM
info: GET en /products- 8/3/2024, 11:07:07 AM
info: GET en /products- 8/3/2024, 11:07:07 AM
info: GET en /js/cart.js- 8/3/2024, 11:07:07 AM
info: GET en /js/cart.js- 8/3/2024, 11:07:07 AM
info: GET en /js/products.js- 8/3/2024, 11:07:07 AM
info: GET en /js/products.js- 8/3/2024, 11:07:07 AM
info: GET en /products- 8/3/2024, 11:07:07 AM
info: GET en /products- 8/3/2024, 11:07:07 AM
info: GET en /products- 8/3/2024, 11:08:33 AM
info: GET en /products- 8/3/2024, 11:08:33 AM
info: GET en /- 8/3/2024, 11:09:04 AM
info: GET en /- 8/3/2024, 11:09:04 AM
info: GET en /js/login.js- 8/3/2024, 11:09:04 AM
info: GET en /js/login.js- 8/3/2024, 11:09:04 AM
info: GET en /- 8/3/2024, 11:09:10 AM
info: GET en /- 8/3/2024, 11:09:10 AM
info: GET en /js/login.js- 8/3/2024, 11:09:10 AM
info: GET en /js/login.js- 8/3/2024, 11:09:10 AM
info: GET en /products- 8/3/2024, 11:09:17 AM
info: GET en /products- 8/3/2024, 11:09:17 AM
info: GET en /products- 8/3/2024, 11:09:17 AM
info: GET en /products- 8/3/2024, 11:09:17 AM
info: GET en /js/products.js- 8/3/2024, 11:09:17 AM
info: GET en /js/products.js- 8/3/2024, 11:09:17 AM
info: GET en /js/cart.js- 8/3/2024, 11:09:17 AM
info: GET en /js/cart.js- 8/3/2024, 11:09:17 AM
info: GET en /products/- 8/3/2024, 11:09:34 AM
info: GET en /products/- 8/3/2024, 11:09:34 AM
info: GET en /products/- 8/3/2024, 11:09:34 AM
info: GET en /products/- 8/3/2024, 11:09:34 AM
info: GET en /js/products.js- 8/3/2024, 11:09:34 AM
info: GET en /js/products.js- 8/3/2024, 11:09:34 AM
info: GET en /js/cart.js- 8/3/2024, 11:09:34 AM
info: GET en /js/cart.js- 8/3/2024, 11:09:34 AM
info: GET en /products/getAll- 8/3/2024, 11:11:28 AM
info: GET en /products/getAll- 8/3/2024, 11:11:28 AM
info: GET en /products/getAll- 8/3/2024, 11:11:57 AM
info: GET en /products/getAll- 8/3/2024, 11:11:57 AM
info: GET en /products/getAll- 8/3/2024, 11:11:59 AM
info: GET en /products/getAll- 8/3/2024, 11:11:59 AM
info: GET en /products/getAll- 8/3/2024, 11:12:00 AM
info: GET en /products/getAll- 8/3/2024, 11:12:00 AM
info: GET en /products/getAll- 8/3/2024, 11:12:00 AM
info: GET en /products/getAll- 8/3/2024, 11:12:00 AM
info: GET en /products/getAll- 8/3/2024, 11:12:00 AM
info: GET en /products/getAll- 8/3/2024, 11:12:00 AM
info: GET en /products/getAll- 8/3/2024, 11:12:00 AM
info: GET en /products/getAll- 8/3/2024, 11:12:00 AM
info: GET en /products/getAll- 8/3/2024, 11:12:49 AM
info: GET en /products/getAll- 8/3/2024, 11:12:49 AM
info: GET en /apidocs/- 8/3/2024, 11:13:18 AM
info: GET en /apidocs/- 8/3/2024, 11:13:18 AM
info: GET en /apidocs/swagger-ui-bundle.js- 8/3/2024, 11:13:18 AM
info: GET en /apidocs/swagger-ui-bundle.js- 8/3/2024, 11:13:18 AM
info: GET en /apidocs/swagger-ui-standalone-preset.js- 8/3/2024, 11:13:18 AM
info: GET en /apidocs/swagger-ui-standalone-preset.js- 8/3/2024, 11:13:18 AM
info: GET en /apidocs/swagger-ui-init.js- 8/3/2024, 11:13:18 AM
info: GET en /apidocs/swagger-ui-init.js- 8/3/2024, 11:13:18 AM
info: GET en /apidocs/swagger-ui.css- 8/3/2024, 11:13:18 AM
info: GET en /apidocs/swagger-ui.css- 8/3/2024, 11:13:18 AM
info: GET en /apidocs/- 8/3/2024, 11:13:21 AM
info: GET en /apidocs/- 8/3/2024, 11:13:21 AM
info: GET en /apidocs/swagger-ui.css- 8/3/2024, 11:13:21 AM
info: GET en /apidocs/swagger-ui.css- 8/3/2024, 11:13:21 AM
info: GET en /apidocs/swagger-ui-bundle.js- 8/3/2024, 11:13:21 AM
info: GET en /apidocs/swagger-ui-bundle.js- 8/3/2024, 11:13:21 AM
info: GET en /apidocs/swagger-ui-standalone-preset.js- 8/3/2024, 11:13:21 AM
info: GET en /apidocs/swagger-ui-init.js- 8/3/2024, 11:13:21 AM
info: GET en /apidocs/swagger-ui-standalone-preset.js- 8/3/2024, 11:13:21 AM
info: GET en /apidocs/swagger-ui-init.js- 8/3/2024, 11:13:21 AM
info: GET en /apidocs/- 8/3/2024, 11:13:22 AM
info: GET en /apidocs/- 8/3/2024, 11:13:22 AM
info: GET en /apidocs/swagger-ui.css- 8/3/2024, 11:13:22 AM
info: GET en /apidocs/swagger-ui.css- 8/3/2024, 11:13:22 AM
info: GET en /apidocs/swagger-ui-bundle.js- 8/3/2024, 11:13:22 AM
info: GET en /apidocs/swagger-ui-standalone-preset.js- 8/3/2024, 11:13:22 AM
info: GET en /apidocs/swagger-ui-bundle.js- 8/3/2024, 11:13:22 AM
info: GET en /apidocs/swagger-ui-standalone-preset.js- 8/3/2024, 11:13:22 AM
info: GET en /apidocs/swagger-ui-init.js- 8/3/2024, 11:13:22 AM
info: GET en /apidocs/swagger-ui-init.js- 8/3/2024, 11:13:22 AM
info: GET en /apidocs/- 8/3/2024, 11:13:36 AM
info: GET en /apidocs/- 8/3/2024, 11:13:36 AM
info: GET en /apidocs/swagger-ui.css- 8/3/2024, 11:13:36 AM
info: GET en /apidocs/swagger-ui.css- 8/3/2024, 11:13:36 AM
info: GET en /apidocs/swagger-ui-bundle.js- 8/3/2024, 11:13:36 AM
info: GET en /apidocs/swagger-ui-bundle.js- 8/3/2024, 11:13:36 AM
info: GET en /apidocs/swagger-ui-standalone-preset.js- 8/3/2024, 11:13:36 AM
info: GET en /apidocs/swagger-ui-standalone-preset.js- 8/3/2024, 11:13:36 AM
info: GET en /apidocs/swagger-ui-init.js- 8/3/2024, 11:13:36 AM
info: GET en /apidocs/swagger-ui-init.js- 8/3/2024, 11:13:36 AM
info: GET en /apidocs/- 8/3/2024, 11:13:37 AM
info: GET en /apidocs/- 8/3/2024, 11:13:37 AM
info: GET en /apidocs/swagger-ui.css- 8/3/2024, 11:13:37 AM
info: GET en /apidocs/swagger-ui.css- 8/3/2024, 11:13:37 AM
info: GET en /apidocs/swagger-ui-bundle.js- 8/3/2024, 11:13:37 AM
info: GET en /apidocs/swagger-ui-standalone-preset.js- 8/3/2024, 11:13:37 AM
info: GET en /apidocs/swagger-ui-bundle.js- 8/3/2024, 11:13:37 AM
info: GET en /apidocs/swagger-ui-standalone-preset.js- 8/3/2024, 11:13:37 AM
info: GET en /apidocs/swagger-ui-init.js- 8/3/2024, 11:13:37 AM
info: GET en /apidocs/swagger-ui-init.js- 8/3/2024, 11:13:37 AM
info: GET en /apidocs/- 8/3/2024, 11:13:38 AM
info: GET en /apidocs/- 8/3/2024, 11:13:38 AM
info: GET en /apidocs/swagger-ui.css- 8/3/2024, 11:13:38 AM
info: GET en /apidocs/swagger-ui.css- 8/3/2024, 11:13:38 AM
info: GET en /apidocs/swagger-ui-bundle.js- 8/3/2024, 11:13:38 AM
info: GET en /apidocs/swagger-ui-standalone-preset.js- 8/3/2024, 11:13:38 AM
info: GET en /apidocs/swagger-ui-init.js- 8/3/2024, 11:13:38 AM
info: GET en /apidocs/swagger-ui-bundle.js- 8/3/2024, 11:13:38 AM
info: GET en /apidocs/swagger-ui-standalone-preset.js- 8/3/2024, 11:13:38 AM
info: GET en /apidocs/swagger-ui-init.js- 8/3/2024, 11:13:38 AM
info: GET en /apidocs/- 8/3/2024, 11:15:49 AM
info: GET en /apidocs/- 8/3/2024, 11:15:49 AM
info: GET en /apidocs/swagger-ui.css- 8/3/2024, 11:15:49 AM
info: GET en /apidocs/swagger-ui.css- 8/3/2024, 11:15:49 AM
info: GET en /apidocs/swagger-ui-bundle.js- 8/3/2024, 11:15:49 AM
info: GET en /apidocs/swagger-ui-bundle.js- 8/3/2024, 11:15:49 AM
info: GET en /apidocs/swagger-ui-standalone-preset.js- 8/3/2024, 11:15:49 AM
info: GET en /apidocs/swagger-ui-standalone-preset.js- 8/3/2024, 11:15:49 AM
info: GET en /apidocs/swagger-ui-init.js- 8/3/2024, 11:15:49 AM
info: GET en /apidocs/swagger-ui-init.js- 8/3/2024, 11:15:49 AM
info: GET en /apidocs/- 8/3/2024, 11:15:50 AM
info: GET en /apidocs/- 8/3/2024, 11:15:50 AM
info: GET en /apidocs/swagger-ui.css- 8/3/2024, 11:15:50 AM
info: GET en /apidocs/swagger-ui.css- 8/3/2024, 11:15:50 AM
info: GET en /apidocs/swagger-ui-bundle.js- 8/3/2024, 11:15:50 AM
info: GET en /apidocs/swagger-ui-bundle.js- 8/3/2024, 11:15:50 AM
info: GET en /apidocs/swagger-ui-standalone-preset.js- 8/3/2024, 11:15:50 AM
info: GET en /apidocs/swagger-ui-standalone-preset.js- 8/3/2024, 11:15:50 AM
info: GET en /apidocs/swagger-ui-init.js- 8/3/2024, 11:15:50 AM
info: GET en /apidocs/swagger-ui-init.js- 8/3/2024, 11:15:50 AM
info: GET en /apidocs/- 8/3/2024, 11:18:13 AM
info: GET en /apidocs/- 8/3/2024, 11:18:13 AM
info: GET en /apidocs/swagger-ui.css- 8/3/2024, 11:18:13 AM
info: GET en /apidocs/swagger-ui.css- 8/3/2024, 11:18:13 AM
info: GET en /apidocs/swagger-ui-standalone-preset.js- 8/3/2024, 11:18:13 AM
info: GET en /apidocs/swagger-ui-standalone-preset.js- 8/3/2024, 11:18:13 AM
info: GET en /apidocs/swagger-ui-bundle.js- 8/3/2024, 11:18:13 AM
info: GET en /apidocs/swagger-ui-bundle.js- 8/3/2024, 11:18:13 AM
info: GET en /apidocs/swagger-ui-init.js- 8/3/2024, 11:18:13 AM
info: GET en /apidocs/swagger-ui-init.js- 8/3/2024, 11:18:13 AM
info: GET en /apidocs/favicon-16x16.png- 8/3/2024, 11:18:13 AM
info: GET en /apidocs/favicon-16x16.png- 8/3/2024, 11:18:13 AM
info: GET en /products/getAll/- 8/3/2024, 11:19:09 AM
info: GET en /products/getAll/- 8/3/2024, 11:19:09 AM
info: GET en /apidocs/- 8/3/2024, 11:30:46 AM
info: GET en /apidocs/- 8/3/2024, 11:30:46 AM
info: GET en /apidocs/swagger-ui.css- 8/3/2024, 11:30:47 AM
info: GET en /apidocs/swagger-ui.css- 8/3/2024, 11:30:47 AM
info: GET en /apidocs/swagger-ui-init.js- 8/3/2024, 11:30:47 AM
info: GET en /apidocs/swagger-ui-init.js- 8/3/2024, 11:30:47 AM
info: GET en /apidocs/swagger-ui-bundle.js- 8/3/2024, 11:30:47 AM
info: GET en /apidocs/swagger-ui-bundle.js- 8/3/2024, 11:30:47 AM
info: GET en /apidocs/swagger-ui-standalone-preset.js- 8/3/2024, 11:30:47 AM
info: GET en /apidocs/swagger-ui-standalone-preset.js- 8/3/2024, 11:30:47 AM
info: GET en /products/664b0292bda9e82892bdbcd4/- 8/3/2024, 11:31:00 AM
info: GET en /products/664b0292bda9e82892bdbcd4/- 8/3/2024, 11:31:00 AM
info: GET en /apidocs/- 8/3/2024, 5:25:46 PM
info: GET en /apidocs/- 8/3/2024, 5:25:46 PM
info: GET en /apidocs/swagger-ui.css- 8/3/2024, 5:25:46 PM
info: GET en /apidocs/swagger-ui.css- 8/3/2024, 5:25:46 PM
info: GET en /apidocs/swagger-ui-standalone-preset.js- 8/3/2024, 5:25:46 PM
info: GET en /apidocs/swagger-ui-standalone-preset.js- 8/3/2024, 5:25:46 PM
info: GET en /apidocs/swagger-ui-bundle.js- 8/3/2024, 5:25:46 PM
info: GET en /apidocs/swagger-ui-bundle.js- 8/3/2024, 5:25:46 PM
info: GET en /apidocs/swagger-ui-init.js- 8/3/2024, 5:25:46 PM
info: GET en /apidocs/swagger-ui-init.js- 8/3/2024, 5:25:46 PM
info: GET en /products/getAll- 8/3/2024, 5:25:53 PM
info: GET en /products/getAll- 8/3/2024, 5:25:53 PM
info: GET en /products/getAll- 8/3/2024, 5:30:13 PM
info: GET en /products/getAll- 8/3/2024, 5:30:13 PM
info: GET en /apidocs/- 8/3/2024, 5:31:50 PM
info: GET en /apidocs/- 8/3/2024, 5:31:50 PM
info: GET en /apidocs/swagger-ui-bundle.js- 8/3/2024, 5:31:50 PM
info: GET en /apidocs/swagger-ui-bundle.js- 8/3/2024, 5:31:50 PM
info: GET en /apidocs/swagger-ui-standalone-preset.js- 8/3/2024, 5:31:50 PM
info: GET en /apidocs/swagger-ui-standalone-preset.js- 8/3/2024, 5:31:50 PM
info: GET en /apidocs/swagger-ui-init.js- 8/3/2024, 5:31:50 PM
info: GET en /apidocs/swagger-ui-init.js- 8/3/2024, 5:31:50 PM
info: GET en /apidocs/swagger-ui.css- 8/3/2024, 5:31:50 PM
info: GET en /apidocs/swagger-ui.css- 8/3/2024, 5:31:50 PM
info: GET en /apidocs/favicon-16x16.png- 8/3/2024, 5:31:50 PM
info: GET en /apidocs/favicon-16x16.png- 8/3/2024, 5:31:50 PM
info: GET en /products/getAll- 8/3/2024, 5:31:56 PM
info: GET en /products/getAll- 8/3/2024, 5:31:56 PM
info: GET en /products/getAll- 8/3/2024, 5:32:02 PM
info: GET en /products/getAll- 8/3/2024, 5:32:02 PM
info: GET en /products/getAll- 8/3/2024, 5:32:07 PM
info: GET en /products/getAll- 8/3/2024, 5:32:07 PM
info: GET en /products/getAll- 8/3/2024, 5:32:16 PM
info: GET en /products/getAll- 8/3/2024, 5:32:16 PM
info: GET en /products/getAll- 8/3/2024, 5:32:17 PM
info: GET en /products/getAll- 8/3/2024, 5:32:17 PM
info: GET en /products/getAll- 8/3/2024, 5:32:18 PM
info: GET en /products/getAll- 8/3/2024, 5:32:18 PM
info: GET en /products/getAll- 8/3/2024, 5:32:53 PM
info: GET en /products/getAll- 8/3/2024, 5:32:53 PM
info: GET en /products/getAll- 8/3/2024, 5:32:54 PM
info: GET en /products/getAll- 8/3/2024, 5:32:54 PM
info: GET en /products/getAll- 8/3/2024, 5:32:54 PM
info: GET en /products/getAll- 8/3/2024, 5:32:54 PM
info: GET en /products/getAll- 8/3/2024, 5:32:54 PM
info: GET en /products/getAll- 8/3/2024, 5:32:54 PM
info: GET en /products/getAll- 8/3/2024, 5:32:55 PM
info: GET en /products/getAll- 8/3/2024, 5:32:55 PM
info: GET en /products/getAll- 8/3/2024, 5:32:55 PM
info: GET en /products/getAll- 8/3/2024, 5:32:55 PM
info: GET en /products/getAll- 8/3/2024, 5:32:55 PM
info: GET en /products/getAll- 8/3/2024, 5:32:55 PM
info: GET en /products/getAll- 8/3/2024, 5:32:55 PM
info: GET en /products/getAll- 8/3/2024, 5:32:55 PM
info: GET en /products/getAll- 8/3/2024, 5:32:55 PM
info: GET en /products/getAll- 8/3/2024, 5:32:55 PM
info: GET en /products/getAll- 8/3/2024, 5:32:55 PM
info: GET en /products/getAll- 8/3/2024, 5:32:55 PM
info: GET en /apidocs/- 8/3/2024, 5:33:45 PM
info: GET en /apidocs/- 8/3/2024, 5:33:45 PM
info: GET en /apidocs/swagger-ui.css- 8/3/2024, 5:33:45 PM
info: GET en /apidocs/swagger-ui.css- 8/3/2024, 5:33:45 PM
info: GET en /apidocs/swagger-ui-bundle.js- 8/3/2024, 5:33:45 PM
info: GET en /apidocs/swagger-ui-bundle.js- 8/3/2024, 5:33:45 PM
info: GET en /apidocs/swagger-ui-standalone-preset.js- 8/3/2024, 5:33:45 PM
info: GET en /apidocs/swagger-ui-standalone-preset.js- 8/3/2024, 5:33:45 PM
info: GET en /apidocs/swagger-ui-init.js- 8/3/2024, 5:33:45 PM
info: GET en /apidocs/swagger-ui-init.js- 8/3/2024, 5:33:45 PM
info: GET en /apidocs/favicon-16x16.png- 8/3/2024, 5:33:45 PM
info: GET en /apidocs/favicon-16x16.png- 8/3/2024, 5:33:45 PM
info: GET en /products/getAll- 8/3/2024, 5:33:48 PM
info: GET en /products/getAll- 8/3/2024, 5:33:48 PM
info: GET en /apidocs/- 8/3/2024, 5:36:21 PM
info: GET en /apidocs/- 8/3/2024, 5:36:21 PM
info: GET en /apidocs/swagger-ui.css- 8/3/2024, 5:36:21 PM
info: GET en /apidocs/swagger-ui.css- 8/3/2024, 5:36:21 PM
info: GET en /apidocs/swagger-ui-bundle.js- 8/3/2024, 5:36:21 PM
info: GET en /apidocs/swagger-ui-bundle.js- 8/3/2024, 5:36:21 PM
info: GET en /apidocs/swagger-ui-standalone-preset.js- 8/3/2024, 5:36:21 PM
info: GET en /apidocs/swagger-ui-standalone-preset.js- 8/3/2024, 5:36:21 PM
info: GET en /apidocs/swagger-ui-init.js- 8/3/2024, 5:36:21 PM
info: GET en /apidocs/swagger-ui-init.js- 8/3/2024, 5:36:21 PM
info: GET en /products/getAll- 8/3/2024, 5:36:30 PM
info: GET en /products/getAll- 8/3/2024, 5:36:30 PM
info: GET en /products/%7Bpid%7D- 8/3/2024, 5:39:18 PM
info: GET en /products/%7Bpid%7D- 8/3/2024, 5:39:18 PM
info: GET en /apidocs/- 8/3/2024, 5:39:21 PM
info: GET en /apidocs/- 8/3/2024, 5:39:21 PM
info: GET en /apidocs/swagger-ui.css- 8/3/2024, 5:39:21 PM
info: GET en /apidocs/swagger-ui.css- 8/3/2024, 5:39:21 PM
info: GET en /apidocs/swagger-ui-bundle.js- 8/3/2024, 5:39:21 PM
info: GET en /apidocs/swagger-ui-bundle.js- 8/3/2024, 5:39:21 PM
info: GET en /apidocs/swagger-ui-standalone-preset.js- 8/3/2024, 5:39:21 PM
info: GET en /apidocs/swagger-ui-standalone-preset.js- 8/3/2024, 5:39:21 PM
info: GET en /apidocs/swagger-ui-init.js- 8/3/2024, 5:39:21 PM
info: GET en /apidocs/swagger-ui-init.js- 8/3/2024, 5:39:21 PM
info: GET en /products/664b0207bda9e82892bdbcaf- 8/3/2024, 5:39:25 PM
info: GET en /products/664b0207bda9e82892bdbcaf- 8/3/2024, 5:39:25 PM
info: GET en /products/664b0207bda9e82892bdbcaf- 8/3/2024, 5:39:26 PM
info: GET en /products/664b0207bda9e82892bdbcaf- 8/3/2024, 5:39:26 PM
info: GET en /apidocs/- 8/3/2024, 6:09:18 PM
info: GET en /apidocs/- 8/3/2024, 6:09:18 PM
info: GET en /apidocs/swagger-ui.css- 8/3/2024, 6:09:18 PM
info: GET en /apidocs/swagger-ui.css- 8/3/2024, 6:09:18 PM
info: GET en /apidocs/swagger-ui-init.js- 8/3/2024, 6:09:18 PM
info: GET en /apidocs/swagger-ui-init.js- 8/3/2024, 6:09:18 PM
info: GET en /apidocs/swagger-ui-bundle.js- 8/3/2024, 6:09:18 PM
info: GET en /apidocs/swagger-ui-bundle.js- 8/3/2024, 6:09:18 PM
info: GET en /apidocs/swagger-ui-standalone-preset.js- 8/3/2024, 6:09:18 PM
info: GET en /apidocs/swagger-ui-standalone-preset.js- 8/3/2024, 6:09:18 PM
info: POST en /products/createProduct- 8/3/2024, 6:11:13 PM
info: POST en /products/createProduct- 8/3/2024, 6:11:13 PM
info: POST en /products/createProduct- 8/3/2024, 6:11:15 PM
info: POST en /products/createProduct- 8/3/2024, 6:11:15 PM
info: POST en /products/createProduct- 8/3/2024, 6:12:01 PM
info: POST en /products/createProduct- 8/3/2024, 6:12:01 PM
info: POST en /products/createProduct- 8/3/2024, 6:12:37 PM
info: POST en /products/createProduct- 8/3/2024, 6:12:37 PM
info: POST en /products/createProduct- 8/3/2024, 6:13:00 PM
info: POST en /products/createProduct- 8/3/2024, 6:13:00 PM
info: POST en /products/createProduct- 8/3/2024, 6:14:43 PM
info: POST en /products/createProduct- 8/3/2024, 6:14:43 PM
info: POST en /products/createProduct- 8/3/2024, 6:14:59 PM
info: POST en /products/createProduct- 8/3/2024, 6:14:59 PM
info: GET en /apidocs/- 8/3/2024, 6:15:50 PM
info: GET en /apidocs/- 8/3/2024, 6:15:50 PM
info: GET en /apidocs/swagger-ui-bundle.js- 8/3/2024, 6:15:51 PM
info: GET en /apidocs/swagger-ui-bundle.js- 8/3/2024, 6:15:51 PM
info: GET en /apidocs/swagger-ui-standalone-preset.js- 8/3/2024, 6:15:51 PM
info: GET en /apidocs/swagger-ui-standalone-preset.js- 8/3/2024, 6:15:51 PM
info: GET en /apidocs/swagger-ui-init.js- 8/3/2024, 6:15:51 PM
info: GET en /apidocs/swagger-ui-init.js- 8/3/2024, 6:15:51 PM
info: GET en /apidocs/swagger-ui.css- 8/3/2024, 6:15:51 PM
info: GET en /apidocs/swagger-ui.css- 8/3/2024, 6:15:51 PM
info: GET en /apidocs/favicon-16x16.png- 8/3/2024, 6:15:51 PM
info: GET en /apidocs/favicon-16x16.png- 8/3/2024, 6:15:51 PM
info: POST en /products/createProduct- 8/3/2024, 6:15:57 PM
info: POST en /products/createProduct- 8/3/2024, 6:15:57 PM
info: POST en /products/createProduct- 8/3/2024, 6:15:59 PM
info: POST en /products/createProduct- 8/3/2024, 6:15:59 PM
info: POST en /products/createProduct- 8/3/2024, 6:16:25 PM
info: POST en /products/createProduct- 8/3/2024, 6:16:25 PM
info: GET en /api/carts/6662ad2e3823d072218fe680- 8/3/2024, 6:30:03 PM
info: GET en /api/carts/6662ad2e3823d072218fe680- 8/3/2024, 6:30:03 PM
info: GET en /apidocs/- 8/3/2024, 6:37:12 PM
info: GET en /apidocs/- 8/3/2024, 6:37:12 PM
info: GET en /apidocs/swagger-ui.css- 8/3/2024, 6:37:12 PM
info: GET en /apidocs/swagger-ui.css- 8/3/2024, 6:37:12 PM
info: GET en /apidocs/swagger-ui-bundle.js- 8/3/2024, 6:37:12 PM
info: GET en /apidocs/swagger-ui-bundle.js- 8/3/2024, 6:37:12 PM
info: GET en /apidocs/swagger-ui-standalone-preset.js- 8/3/2024, 6:37:12 PM
info: GET en /apidocs/swagger-ui-standalone-preset.js- 8/3/2024, 6:37:12 PM
info: GET en /apidocs/swagger-ui-init.js- 8/3/2024, 6:37:12 PM
info: GET en /apidocs/swagger-ui-init.js- 8/3/2024, 6:37:12 PM
info: GET en /apidocs/- 8/3/2024, 6:37:21 PM
info: GET en /apidocs/- 8/3/2024, 6:37:21 PM
info: GET en /apidocs/swagger-ui.css- 8/3/2024, 6:37:21 PM
info: GET en /apidocs/swagger-ui.css- 8/3/2024, 6:37:21 PM
info: GET en /apidocs/swagger-ui-bundle.js- 8/3/2024, 6:37:21 PM
info: GET en /apidocs/swagger-ui-bundle.js- 8/3/2024, 6:37:21 PM
info: GET en /apidocs/swagger-ui-standalone-preset.js- 8/3/2024, 6:37:21 PM
info: GET en /apidocs/swagger-ui-standalone-preset.js- 8/3/2024, 6:37:21 PM
info: GET en /apidocs/swagger-ui-init.js- 8/3/2024, 6:37:21 PM
info: GET en /apidocs/swagger-ui-init.js- 8/3/2024, 6:37:21 PM
info: GET en /apidocs/- 8/3/2024, 6:39:40 PM
info: GET en /apidocs/- 8/3/2024, 6:39:40 PM
info: GET en /apidocs/swagger-ui.css- 8/3/2024, 6:39:40 PM
info: GET en /apidocs/swagger-ui.css- 8/3/2024, 6:39:40 PM
info: GET en /apidocs/swagger-ui-bundle.js- 8/3/2024, 6:39:40 PM
info: GET en /apidocs/swagger-ui-bundle.js- 8/3/2024, 6:39:40 PM
info: GET en /apidocs/swagger-ui-standalone-preset.js- 8/3/2024, 6:39:40 PM
info: GET en /apidocs/swagger-ui-standalone-preset.js- 8/3/2024, 6:39:40 PM
info: GET en /apidocs/swagger-ui-init.js- 8/3/2024, 6:39:40 PM
info: GET en /apidocs/swagger-ui-init.js- 8/3/2024, 6:39:40 PM
info: GET en /apidocs/- 8/3/2024, 6:40:05 PM
info: GET en /apidocs/- 8/3/2024, 6:40:05 PM
info: GET en /apidocs/swagger-ui.css- 8/3/2024, 6:40:05 PM
info: GET en /apidocs/swagger-ui.css- 8/3/2024, 6:40:05 PM
info: GET en /apidocs/swagger-ui-bundle.js- 8/3/2024, 6:40:05 PM
info: GET en /apidocs/swagger-ui-bundle.js- 8/3/2024, 6:40:05 PM
info: GET en /apidocs/swagger-ui-standalone-preset.js- 8/3/2024, 6:40:05 PM
info: GET en /apidocs/swagger-ui-standalone-preset.js- 8/3/2024, 6:40:05 PM
info: GET en /apidocs/swagger-ui-init.js- 8/3/2024, 6:40:05 PM
info: GET en /apidocs/swagger-ui-init.js- 8/3/2024, 6:40:05 PM
info: GET en /apidocs/- 8/3/2024, 6:41:40 PM
info: GET en /apidocs/- 8/3/2024, 6:41:40 PM
info: GET en /apidocs/swagger-ui.css- 8/3/2024, 6:41:40 PM
info: GET en /apidocs/swagger-ui.css- 8/3/2024, 6:41:40 PM
info: GET en /apidocs/swagger-ui-bundle.js- 8/3/2024, 6:41:40 PM
info: GET en /apidocs/swagger-ui-bundle.js- 8/3/2024, 6:41:40 PM
info: GET en /apidocs/swagger-ui-standalone-preset.js- 8/3/2024, 6:41:40 PM
info: GET en /apidocs/swagger-ui-standalone-preset.js- 8/3/2024, 6:41:40 PM
info: GET en /apidocs/swagger-ui-init.js- 8/3/2024, 6:41:40 PM
info: GET en /apidocs/swagger-ui-init.js- 8/3/2024, 6:41:40 PM
info: GET en /api/carts/6662ad2e3823d072218fe680- 8/3/2024, 6:41:58 PM
info: GET en /api/carts/6662ad2e3823d072218fe680- 8/3/2024, 6:41:58 PM
info: GET en /apidocs/- 8/3/2024, 6:45:06 PM
info: GET en /apidocs/- 8/3/2024, 6:45:06 PM
info: GET en /apidocs/swagger-ui.css- 8/3/2024, 6:45:06 PM
info: GET en /apidocs/swagger-ui.css- 8/3/2024, 6:45:06 PM
info: GET en /apidocs/swagger-ui-bundle.js- 8/3/2024, 6:45:06 PM
info: GET en /apidocs/swagger-ui-bundle.js- 8/3/2024, 6:45:06 PM
info: GET en /apidocs/swagger-ui-standalone-preset.js- 8/3/2024, 6:45:06 PM
info: GET en /apidocs/swagger-ui-standalone-preset.js- 8/3/2024, 6:45:06 PM
info: GET en /apidocs/swagger-ui-init.js- 8/3/2024, 6:45:06 PM
info: GET en /apidocs/swagger-ui-init.js- 8/3/2024, 6:45:06 PM
info: POST en /api/carts- 8/3/2024, 6:45:41 PM
info: POST en /api/carts- 8/3/2024, 6:45:41 PM
info: GET en /apidocs/- 8/3/2024, 6:49:12 PM
info: GET en /apidocs/- 8/3/2024, 6:49:12 PM
info: GET en /apidocs/swagger-ui-bundle.js- 8/3/2024, 6:49:12 PM
info: GET en /apidocs/swagger-ui-bundle.js- 8/3/2024, 6:49:12 PM
info: GET en /apidocs/swagger-ui-standalone-preset.js- 8/3/2024, 6:49:12 PM
info: GET en /apidocs/swagger-ui-standalone-preset.js- 8/3/2024, 6:49:12 PM
info: GET en /apidocs/swagger-ui-init.js- 8/3/2024, 6:49:12 PM
info: GET en /apidocs/swagger-ui-init.js- 8/3/2024, 6:49:12 PM
info: GET en /apidocs/swagger-ui.css- 8/3/2024, 6:49:12 PM
info: GET en /apidocs/swagger-ui.css- 8/3/2024, 6:49:12 PM
info: DELETE en /api/carts/borrar/66955daf2615b6ead0535378- 8/3/2024, 6:49:20 PM
info: DELETE en /api/carts/borrar/66955daf2615b6ead0535378- 8/3/2024, 6:49:20 PM
info: GET en /- 8/6/2024, 6:53:15 PM
info: GET en /- 8/6/2024, 6:53:15 PM
info: GET en /js/login.js- 8/6/2024, 6:53:15 PM
info: GET en /js/login.js- 8/6/2024, 6:53:15 PM
info: GET en /favicon.ico- 8/6/2024, 6:53:16 PM
info: GET en /favicon.ico- 8/6/2024, 6:53:16 PM
info: GET en /apidocs/- 8/6/2024, 6:53:44 PM
info: GET en /apidocs/- 8/6/2024, 6:53:44 PM
info: GET en /apidocs/swagger-ui.css- 8/6/2024, 6:53:45 PM
info: GET en /apidocs/swagger-ui.css- 8/6/2024, 6:53:45 PM
info: GET en /apidocs/swagger-ui-init.js- 8/6/2024, 6:53:45 PM
info: GET en /apidocs/swagger-ui-init.js- 8/6/2024, 6:53:45 PM
info: GET en /apidocs/swagger-ui-standalone-preset.js- 8/6/2024, 6:53:45 PM
info: GET en /apidocs/swagger-ui-standalone-preset.js- 8/6/2024, 6:53:45 PM
info: GET en /apidocs/swagger-ui-bundle.js- 8/6/2024, 6:53:45 PM
info: GET en /apidocs/swagger-ui-bundle.js- 8/6/2024, 6:53:45 PM
info: GET en /apidocs/favicon-16x16.png- 8/6/2024, 6:53:45 PM
info: GET en /apidocs/favicon-16x16.png- 8/6/2024, 6:53:45 PM
info: GET en /- 8/6/2024, 7:28:54 PM
info: GET en /- 8/6/2024, 7:28:54 PM
info: GET en /js/login.js- 8/6/2024, 7:28:54 PM
info: GET en /js/login.js- 8/6/2024, 7:28:54 PM
info: POST en /api/sessions/login- 8/6/2024, 7:29:23 PM
info: POST en /api/sessions/login- 8/6/2024, 7:29:23 PM
info: Inicio sesion correctamente, usuario email : admin@gmail.com
info: Inicio sesion correctamente, usuario email : admin@gmail.com
info: GET en /api/views/admin- 8/6/2024, 7:29:23 PM
info: GET en /api/views/admin- 8/6/2024, 7:29:23 PM
info: GET en /api/views/admin- 8/6/2024, 7:29:23 PM
info: GET en /api/views/admin- 8/6/2024, 7:29:23 PM
info: GET en /favicon.ico- 8/6/2024, 7:29:23 PM
info: GET en /favicon.ico- 8/6/2024, 7:29:23 PM
info: GET en /api/views/update/664b0292bda9e82892bdbcd4- 8/6/2024, 7:30:28 PM
info: GET en /api/views/update/664b0292bda9e82892bdbcd4- 8/6/2024, 7:30:28 PM
info: [object Object]
info: [object Object]
info: GET en /api/views/update/URL_DE_LA_IMAGEN- 8/6/2024, 7:30:28 PM
info: GET en /api/views/update/URL_DE_LA_IMAGEN- 8/6/2024, 7:30:28 PM
info: GET en /js/admin/editProduct.js- 8/6/2024, 7:30:28 PM
info: GET en /js/admin/editProduct.js- 8/6/2024, 7:30:28 PM
info: GET en /favicon.ico- 8/6/2024, 7:30:28 PM
info: GET en /favicon.ico- 8/6/2024, 7:30:28 PM
info: GET en /apidocs/- 8/6/2024, 7:43:01 PM
info: GET en /apidocs/- 8/6/2024, 7:43:01 PM
info: GET en /apidocs/swagger-ui.css- 8/6/2024, 7:43:01 PM
info: GET en /apidocs/swagger-ui.css- 8/6/2024, 7:43:01 PM
info: GET en /apidocs/swagger-ui-bundle.js- 8/6/2024, 7:43:01 PM
info: GET en /apidocs/swagger-ui-bundle.js- 8/6/2024, 7:43:01 PM
info: GET en /apidocs/swagger-ui-standalone-preset.js- 8/6/2024, 7:43:01 PM
info: GET en /apidocs/swagger-ui-standalone-preset.js- 8/6/2024, 7:43:01 PM
info: GET en /apidocs/swagger-ui-init.js- 8/6/2024, 7:43:01 PM
info: GET en /apidocs/swagger-ui-init.js- 8/6/2024, 7:43:01 PM
info: GET en /apidocs/- 8/6/2024, 7:43:14 PM
info: GET en /apidocs/- 8/6/2024, 7:43:14 PM
info: GET en /apidocs/swagger-ui.css- 8/6/2024, 7:43:15 PM
info: GET en /apidocs/swagger-ui.css- 8/6/2024, 7:43:15 PM
info: GET en /apidocs/swagger-ui-bundle.js- 8/6/2024, 7:43:15 PM
info: GET en /apidocs/swagger-ui-bundle.js- 8/6/2024, 7:43:15 PM
info: GET en /apidocs/swagger-ui-standalone-preset.js- 8/6/2024, 7:43:15 PM
info: GET en /apidocs/swagger-ui-standalone-preset.js- 8/6/2024, 7:43:15 PM
info: GET en /apidocs/swagger-ui-init.js- 8/6/2024, 7:43:15 PM
info: GET en /apidocs/swagger-ui-init.js- 8/6/2024, 7:43:15 PM
info: GET en /apidocs/- 8/6/2024, 7:43:45 PM
info: GET en /apidocs/- 8/6/2024, 7:43:45 PM
info: GET en /apidocs/swagger-ui.css- 8/6/2024, 7:43:45 PM
info: GET en /apidocs/swagger-ui.css- 8/6/2024, 7:43:45 PM
info: GET en /apidocs/swagger-ui-bundle.js- 8/6/2024, 7:43:45 PM
info: GET en /apidocs/swagger-ui-bundle.js- 8/6/2024, 7:43:45 PM
info: GET en /apidocs/swagger-ui-standalone-preset.js- 8/6/2024, 7:43:45 PM
info: GET en /apidocs/swagger-ui-standalone-preset.js- 8/6/2024, 7:43:45 PM
info: GET en /apidocs/swagger-ui-init.js- 8/6/2024, 7:43:45 PM
info: GET en /apidocs/swagger-ui-init.js- 8/6/2024, 7:43:45 PM
info: GET en /apidocs/- 8/6/2024, 7:45:37 PM
info: GET en /apidocs/- 8/6/2024, 7:45:37 PM
info: GET en /apidocs/swagger-ui-bundle.js- 8/6/2024, 7:45:37 PM
info: GET en /apidocs/swagger-ui-bundle.js- 8/6/2024, 7:45:37 PM
info: GET en /apidocs/swagger-ui-standalone-preset.js- 8/6/2024, 7:45:37 PM
info: GET en /apidocs/swagger-ui-standalone-preset.js- 8/6/2024, 7:45:37 PM
info: GET en /apidocs/swagger-ui-init.js- 8/6/2024, 7:45:37 PM
info: GET en /apidocs/swagger-ui-init.js- 8/6/2024, 7:45:37 PM
info: GET en /apidocs/swagger-ui.css- 8/6/2024, 7:45:37 PM
info: GET en /apidocs/swagger-ui.css- 8/6/2024, 7:45:37 PM
info: GET en /apidocs/- 8/6/2024, 7:45:40 PM
info: GET en /apidocs/- 8/6/2024, 7:45:40 PM
info: GET en /apidocs/swagger-ui-bundle.js- 8/6/2024, 7:45:40 PM
info: GET en /apidocs/swagger-ui-bundle.js- 8/6/2024, 7:45:40 PM
info: GET en /apidocs/swagger-ui-standalone-preset.js- 8/6/2024, 7:45:40 PM
info: GET en /apidocs/swagger-ui-standalone-preset.js- 8/6/2024, 7:45:40 PM
info: GET en /apidocs/swagger-ui-init.js- 8/6/2024, 7:45:40 PM
info: GET en /apidocs/swagger-ui.css- 8/6/2024, 7:45:40 PM
info: GET en /apidocs/swagger-ui-init.js- 8/6/2024, 7:45:40 PM
info: GET en /apidocs/swagger-ui.css- 8/6/2024, 7:45:40 PM
info: GET en /apidocs/- 8/6/2024, 7:46:05 PM
info: GET en /apidocs/- 8/6/2024, 7:46:05 PM
info: GET en /apidocs/swagger-ui-bundle.js- 8/6/2024, 7:46:05 PM
info: GET en /apidocs/swagger-ui-bundle.js- 8/6/2024, 7:46:05 PM
info: GET en /apidocs/swagger-ui-standalone-preset.js- 8/6/2024, 7:46:05 PM
info: GET en /apidocs/swagger-ui-standalone-preset.js- 8/6/2024, 7:46:05 PM
info: GET en /apidocs/swagger-ui-init.js- 8/6/2024, 7:46:05 PM
info: GET en /apidocs/swagger-ui-init.js- 8/6/2024, 7:46:05 PM
info: GET en /apidocs/swagger-ui.css- 8/6/2024, 7:46:05 PM
info: GET en /apidocs/swagger-ui.css- 8/6/2024, 7:46:05 PM
info: GET en /apidocs/- 8/6/2024, 7:46:18 PM
info: GET en /apidocs/- 8/6/2024, 7:46:18 PM
info: GET en /apidocs/swagger-ui-bundle.js- 8/6/2024, 7:46:18 PM
info: GET en /apidocs/swagger-ui-bundle.js- 8/6/2024, 7:46:18 PM
info: GET en /apidocs/swagger-ui-standalone-preset.js- 8/6/2024, 7:46:18 PM
info: GET en /apidocs/swagger-ui-standalone-preset.js- 8/6/2024, 7:46:18 PM
info: GET en /apidocs/swagger-ui-init.js- 8/6/2024, 7:46:18 PM
info: GET en /apidocs/swagger-ui-init.js- 8/6/2024, 7:46:18 PM
info: GET en /apidocs/swagger-ui.css- 8/6/2024, 7:46:18 PM
info: GET en /apidocs/swagger-ui.css- 8/6/2024, 7:46:18 PM
info: GET en /apidocs/- 8/6/2024, 7:46:20 PM
info: GET en /apidocs/- 8/6/2024, 7:46:20 PM
info: GET en /apidocs/swagger-ui-bundle.js- 8/6/2024, 7:46:20 PM
info: GET en /apidocs/swagger-ui-bundle.js- 8/6/2024, 7:46:20 PM
info: GET en /apidocs/swagger-ui-standalone-preset.js- 8/6/2024, 7:46:20 PM
info: GET en /apidocs/swagger-ui-init.js- 8/6/2024, 7:46:20 PM
info: GET en /apidocs/swagger-ui.css- 8/6/2024, 7:46:20 PM
info: GET en /apidocs/swagger-ui-standalone-preset.js- 8/6/2024, 7:46:20 PM
info: GET en /apidocs/swagger-ui-init.js- 8/6/2024, 7:46:20 PM
info: GET en /apidocs/swagger-ui.css- 8/6/2024, 7:46:20 PM
info: GET en /apidocs/- 8/6/2024, 7:46:22 PM
info: GET en /apidocs/- 8/6/2024, 7:46:22 PM
info: GET en /apidocs/swagger-ui.css- 8/6/2024, 7:46:22 PM
info: GET en /apidocs/swagger-ui.css- 8/6/2024, 7:46:22 PM
info: GET en /apidocs/swagger-ui-bundle.js- 8/6/2024, 7:46:22 PM
info: GET en /apidocs/swagger-ui-standalone-preset.js- 8/6/2024, 7:46:22 PM
info: GET en /apidocs/swagger-ui-bundle.js- 8/6/2024, 7:46:22 PM
info: GET en /apidocs/swagger-ui-standalone-preset.js- 8/6/2024, 7:46:22 PM
info: GET en /apidocs/swagger-ui-init.js- 8/6/2024, 7:46:22 PM
info: GET en /apidocs/swagger-ui-init.js- 8/6/2024, 7:46:22 PM
info: GET en /apidocs/- 8/6/2024, 7:48:24 PM
info: GET en /apidocs/- 8/6/2024, 7:48:24 PM
info: GET en /apidocs/swagger-ui-bundle.js- 8/6/2024, 7:48:24 PM
info: GET en /apidocs/swagger-ui-bundle.js- 8/6/2024, 7:48:24 PM
info: GET en /apidocs/swagger-ui-standalone-preset.js- 8/6/2024, 7:48:24 PM
info: GET en /apidocs/swagger-ui-standalone-preset.js- 8/6/2024, 7:48:24 PM
info: GET en /apidocs/swagger-ui-init.js- 8/6/2024, 7:48:24 PM
info: GET en /apidocs/swagger-ui-init.js- 8/6/2024, 7:48:24 PM
info: GET en /apidocs/swagger-ui.css- 8/6/2024, 7:48:24 PM
info: GET en /apidocs/swagger-ui.css- 8/6/2024, 7:48:24 PM
info: GET en /apidocs/- 8/6/2024, 7:48:25 PM
info: GET en /apidocs/- 8/6/2024, 7:48:25 PM
info: GET en /apidocs/swagger-ui-bundle.js- 8/6/2024, 7:48:25 PM
info: GET en /apidocs/swagger-ui-bundle.js- 8/6/2024, 7:48:25 PM
info: GET en /apidocs/swagger-ui-standalone-preset.js- 8/6/2024, 7:48:25 PM
info: GET en /apidocs/swagger-ui-init.js- 8/6/2024, 7:48:25 PM
info: GET en /apidocs/swagger-ui.css- 8/6/2024, 7:48:25 PM
info: GET en /apidocs/swagger-ui-standalone-preset.js- 8/6/2024, 7:48:25 PM
info: GET en /apidocs/swagger-ui-init.js- 8/6/2024, 7:48:25 PM
info: GET en /apidocs/swagger-ui.css- 8/6/2024, 7:48:25 PM
info: GET en /apidocs/- 8/6/2024, 7:50:38 PM
info: GET en /apidocs/- 8/6/2024, 7:50:38 PM
info: GET en /apidocs/swagger-ui-bundle.js- 8/6/2024, 7:50:38 PM
info: GET en /apidocs/swagger-ui-bundle.js- 8/6/2024, 7:50:38 PM
info: GET en /apidocs/swagger-ui-standalone-preset.js- 8/6/2024, 7:50:38 PM
info: GET en /apidocs/swagger-ui-standalone-preset.js- 8/6/2024, 7:50:38 PM
info: GET en /apidocs/swagger-ui-init.js- 8/6/2024, 7:50:38 PM
info: GET en /apidocs/swagger-ui-init.js- 8/6/2024, 7:50:38 PM
info: GET en /apidocs/swagger-ui.css- 8/6/2024, 7:50:38 PM
info: GET en /apidocs/swagger-ui.css- 8/6/2024, 7:50:38 PM
info: GET en /apidocs/- 8/6/2024, 7:50:39 PM
info: GET en /apidocs/- 8/6/2024, 7:50:39 PM
info: GET en /apidocs/swagger-ui-bundle.js- 8/6/2024, 7:50:39 PM
info: GET en /apidocs/swagger-ui-bundle.js- 8/6/2024, 7:50:39 PM
info: GET en /apidocs/swagger-ui-standalone-preset.js- 8/6/2024, 7:50:39 PM
info: GET en /apidocs/swagger-ui-init.js- 8/6/2024, 7:50:39 PM
info: GET en /apidocs/swagger-ui.css- 8/6/2024, 7:50:39 PM
info: GET en /apidocs/swagger-ui-standalone-preset.js- 8/6/2024, 7:50:39 PM
info: GET en /apidocs/swagger-ui-init.js- 8/6/2024, 7:50:39 PM
info: GET en /apidocs/swagger-ui.css- 8/6/2024, 7:50:39 PM
info: GET en /apidocs/- 8/6/2024, 7:50:40 PM
info: GET en /apidocs/- 8/6/2024, 7:50:40 PM
info: GET en /apidocs/swagger-ui.css- 8/6/2024, 7:50:40 PM
info: GET en /apidocs/swagger-ui.css- 8/6/2024, 7:50:40 PM
info: GET en /apidocs/swagger-ui-bundle.js- 8/6/2024, 7:50:40 PM
info: GET en /apidocs/swagger-ui-standalone-preset.js- 8/6/2024, 7:50:40 PM
info: GET en /apidocs/swagger-ui-init.js- 8/6/2024, 7:50:40 PM
info: GET en /apidocs/swagger-ui-bundle.js- 8/6/2024, 7:50:40 PM
info: GET en /apidocs/swagger-ui-standalone-preset.js- 8/6/2024, 7:50:40 PM
info: GET en /apidocs/swagger-ui-init.js- 8/6/2024, 7:50:40 PM
info: GET en /apidocs/- 8/6/2024, 7:50:42 PM
info: GET en /apidocs/- 8/6/2024, 7:50:42 PM
info: GET en /apidocs/swagger-ui.css- 8/6/2024, 7:50:42 PM
info: GET en /apidocs/swagger-ui.css- 8/6/2024, 7:50:42 PM
info: GET en /apidocs/swagger-ui-bundle.js- 8/6/2024, 7:50:42 PM
info: GET en /apidocs/swagger-ui-standalone-preset.js- 8/6/2024, 7:50:42 PM
info: GET en /apidocs/swagger-ui-init.js- 8/6/2024, 7:50:42 PM
info: GET en /apidocs/swagger-ui-bundle.js- 8/6/2024, 7:50:42 PM
info: GET en /apidocs/swagger-ui-standalone-preset.js- 8/6/2024, 7:50:42 PM
info: GET en /apidocs/swagger-ui-init.js- 8/6/2024, 7:50:42 PM
info: GET en /apidocs/- 8/6/2024, 7:50:43 PM
info: GET en /apidocs/- 8/6/2024, 7:50:43 PM
info: GET en /apidocs/swagger-ui.css- 8/6/2024, 7:50:43 PM
info: GET en /apidocs/swagger-ui.css- 8/6/2024, 7:50:43 PM
info: GET en /apidocs/swagger-ui-bundle.js- 8/6/2024, 7:50:43 PM
info: GET en /apidocs/swagger-ui-standalone-preset.js- 8/6/2024, 7:50:43 PM
info: GET en /apidocs/swagger-ui-init.js- 8/6/2024, 7:50:43 PM
info: GET en /apidocs/swagger-ui-bundle.js- 8/6/2024, 7:50:43 PM
info: GET en /apidocs/swagger-ui-standalone-preset.js- 8/6/2024, 7:50:43 PM
info: GET en /apidocs/swagger-ui-init.js- 8/6/2024, 7:50:43 PM
info: GET en /apidocs/- 8/6/2024, 7:51:01 PM
info: GET en /apidocs/- 8/6/2024, 7:51:01 PM
info: GET en /apidocs/swagger-ui.css- 8/6/2024, 7:51:02 PM
info: GET en /apidocs/swagger-ui.css- 8/6/2024, 7:51:02 PM
info: GET en /apidocs/swagger-ui-bundle.js- 8/6/2024, 7:51:02 PM
info: GET en /apidocs/swagger-ui-bundle.js- 8/6/2024, 7:51:02 PM
info: GET en /apidocs/swagger-ui-standalone-preset.js- 8/6/2024, 7:51:02 PM
info: GET en /apidocs/swagger-ui-standalone-preset.js- 8/6/2024, 7:51:02 PM
info: GET en /apidocs/swagger-ui-init.js- 8/6/2024, 7:51:02 PM
info: GET en /apidocs/swagger-ui-init.js- 8/6/2024, 7:51:02 PM
info: GET en /apidocs/- 8/6/2024, 7:54:45 PM
info: GET en /apidocs/- 8/6/2024, 7:54:45 PM
info: GET en /apidocs/swagger-ui-bundle.js- 8/6/2024, 7:54:45 PM
info: GET en /apidocs/swagger-ui-bundle.js- 8/6/2024, 7:54:45 PM
info: GET en /apidocs/swagger-ui-standalone-preset.js- 8/6/2024, 7:54:45 PM
info: GET en /apidocs/swagger-ui-standalone-preset.js- 8/6/2024, 7:54:45 PM
info: GET en /apidocs/swagger-ui-init.js- 8/6/2024, 7:54:45 PM
info: GET en /apidocs/swagger-ui-init.js- 8/6/2024, 7:54:45 PM
info: GET en /apidocs/swagger-ui.css- 8/6/2024, 7:54:45 PM
info: GET en /apidocs/swagger-ui.css- 8/6/2024, 7:54:45 PM
info: GET en /apidocs/- 8/6/2024, 7:54:47 PM
info: GET en /apidocs/- 8/6/2024, 7:54:47 PM
info: GET en /apidocs/swagger-ui-bundle.js- 8/6/2024, 7:54:47 PM
info: GET en /apidocs/swagger-ui-bundle.js- 8/6/2024, 7:54:47 PM
info: GET en /apidocs/swagger-ui-standalone-preset.js- 8/6/2024, 7:54:47 PM
info: GET en /apidocs/swagger-ui-standalone-preset.js- 8/6/2024, 7:54:47 PM
info: GET en /apidocs/swagger-ui-init.js- 8/6/2024, 7:54:47 PM
info: GET en /apidocs/swagger-ui.css- 8/6/2024, 7:54:47 PM
info: GET en /apidocs/swagger-ui-init.js- 8/6/2024, 7:54:47 PM
info: GET en /apidocs/swagger-ui.css- 8/6/2024, 7:54:47 PM
info: GET en /apidocs/- 8/6/2024, 7:54:48 PM
info: GET en /apidocs/- 8/6/2024, 7:54:48 PM
info: GET en /apidocs/swagger-ui.css- 8/6/2024, 7:54:48 PM
info: GET en /apidocs/swagger-ui.css- 8/6/2024, 7:54:48 PM
info: GET en /apidocs/swagger-ui-bundle.js- 8/6/2024, 7:54:48 PM
info: GET en /apidocs/swagger-ui-bundle.js- 8/6/2024, 7:54:48 PM
info: GET en /apidocs/swagger-ui-standalone-preset.js- 8/6/2024, 7:54:48 PM
info: GET en /apidocs/swagger-ui-init.js- 8/6/2024, 7:54:48 PM
info: GET en /apidocs/swagger-ui-standalone-preset.js- 8/6/2024, 7:54:48 PM
info: GET en /apidocs/swagger-ui-init.js- 8/6/2024, 7:54:48 PM
info: GET en /apidocs/- 8/6/2024, 7:54:49 PM
info: GET en /apidocs/- 8/6/2024, 7:54:49 PM
info: GET en /apidocs/swagger-ui.css- 8/6/2024, 7:54:49 PM
info: GET en /apidocs/swagger-ui.css- 8/6/2024, 7:54:49 PM
info: GET en /apidocs/swagger-ui-bundle.js- 8/6/2024, 7:54:49 PM
info: GET en /apidocs/swagger-ui-standalone-preset.js- 8/6/2024, 7:54:49 PM
info: GET en /apidocs/swagger-ui-bundle.js- 8/6/2024, 7:54:49 PM
info: GET en /apidocs/swagger-ui-standalone-preset.js- 8/6/2024, 7:54:49 PM
info: GET en /apidocs/swagger-ui-init.js- 8/6/2024, 7:54:49 PM
info: GET en /apidocs/swagger-ui-init.js- 8/6/2024, 7:54:49 PM
info: GET en /apidocs/- 8/6/2024, 7:54:51 PM
info: GET en /apidocs/- 8/6/2024, 7:54:51 PM
info: GET en /apidocs/swagger-ui.css- 8/6/2024, 7:54:51 PM
info: GET en /apidocs/swagger-ui.css- 8/6/2024, 7:54:51 PM
info: GET en /apidocs/swagger-ui-bundle.js- 8/6/2024, 7:54:51 PM
info: GET en /apidocs/swagger-ui-bundle.js- 8/6/2024, 7:54:51 PM
info: GET en /apidocs/swagger-ui-standalone-preset.js- 8/6/2024, 7:54:51 PM
info: GET en /apidocs/swagger-ui-standalone-preset.js- 8/6/2024, 7:54:51 PM
info: GET en /apidocs/swagger-ui-init.js- 8/6/2024, 7:54:51 PM
info: GET en /apidocs/swagger-ui-init.js- 8/6/2024, 7:54:51 PM
info: GET en /apidocs/- 8/6/2024, 7:57:05 PM
info: GET en /apidocs/- 8/6/2024, 7:57:05 PM
info: GET en /apidocs/swagger-ui-bundle.js- 8/6/2024, 7:57:05 PM
info: GET en /apidocs/swagger-ui-bundle.js- 8/6/2024, 7:57:05 PM
info: GET en /apidocs/swagger-ui-standalone-preset.js- 8/6/2024, 7:57:05 PM
info: GET en /apidocs/swagger-ui-standalone-preset.js- 8/6/2024, 7:57:05 PM
info: GET en /apidocs/swagger-ui-init.js- 8/6/2024, 7:57:05 PM
info: GET en /apidocs/swagger-ui-init.js- 8/6/2024, 7:57:05 PM
info: GET en /apidocs/swagger-ui.css- 8/6/2024, 7:57:05 PM
info: GET en /apidocs/swagger-ui.css- 8/6/2024, 7:57:05 PM
info: GET en /apidocs/- 8/6/2024, 7:58:46 PM
info: GET en /apidocs/- 8/6/2024, 7:58:46 PM
info: GET en /apidocs/swagger-ui-bundle.js- 8/6/2024, 7:58:46 PM
info: GET en /apidocs/swagger-ui-bundle.js- 8/6/2024, 7:58:46 PM
info: GET en /apidocs/swagger-ui-standalone-preset.js- 8/6/2024, 7:58:46 PM
info: GET en /apidocs/swagger-ui-standalone-preset.js- 8/6/2024, 7:58:46 PM
info: GET en /apidocs/swagger-ui-init.js- 8/6/2024, 7:58:46 PM
info: GET en /apidocs/swagger-ui-init.js- 8/6/2024, 7:58:46 PM
info: GET en /apidocs/swagger-ui.css- 8/6/2024, 7:58:46 PM
info: GET en /apidocs/swagger-ui.css- 8/6/2024, 7:58:46 PM
info: GET en /apidocs/- 8/6/2024, 7:59:14 PM
info: GET en /apidocs/- 8/6/2024, 7:59:14 PM
info: GET en /apidocs/swagger-ui-bundle.js- 8/6/2024, 7:59:14 PM
info: GET en /apidocs/swagger-ui-bundle.js- 8/6/2024, 7:59:14 PM
info: GET en /apidocs/swagger-ui-standalone-preset.js- 8/6/2024, 7:59:14 PM
info: GET en /apidocs/swagger-ui-standalone-preset.js- 8/6/2024, 7:59:14 PM
info: GET en /apidocs/swagger-ui-init.js- 8/6/2024, 7:59:14 PM
info: GET en /apidocs/swagger-ui-init.js- 8/6/2024, 7:59:14 PM
info: GET en /apidocs/swagger-ui.css- 8/6/2024, 7:59:14 PM
info: GET en /apidocs/swagger-ui.css- 8/6/2024, 7:59:14 PM
info: GET en /apidocs/- 8/6/2024, 8:02:51 PM
info: GET en /apidocs/- 8/6/2024, 8:02:51 PM
info: GET en /apidocs/swagger-ui-bundle.js- 8/6/2024, 8:02:51 PM
info: GET en /apidocs/swagger-ui-bundle.js- 8/6/2024, 8:02:51 PM
info: GET en /apidocs/swagger-ui-standalone-preset.js- 8/6/2024, 8:02:51 PM
info: GET en /apidocs/swagger-ui-standalone-preset.js- 8/6/2024, 8:02:51 PM
info: GET en /apidocs/swagger-ui-init.js- 8/6/2024, 8:02:51 PM
info: GET en /apidocs/swagger-ui-init.js- 8/6/2024, 8:02:51 PM
info: GET en /apidocs/swagger-ui.css- 8/6/2024, 8:02:51 PM
info: GET en /apidocs/swagger-ui.css- 8/6/2024, 8:02:51 PM
info: GET en /apidocs/- 8/6/2024, 8:02:52 PM
info: GET en /apidocs/- 8/6/2024, 8:02:52 PM
info: GET en /apidocs/swagger-ui-bundle.js- 8/6/2024, 8:02:52 PM
info: GET en /apidocs/swagger-ui-bundle.js- 8/6/2024, 8:02:52 PM
info: GET en /apidocs/swagger-ui-standalone-preset.js- 8/6/2024, 8:02:52 PM
info: GET en /apidocs/swagger-ui-standalone-preset.js- 8/6/2024, 8:02:52 PM
info: GET en /apidocs/swagger-ui-init.js- 8/6/2024, 8:02:52 PM
info: GET en /apidocs/swagger-ui.css- 8/6/2024, 8:02:52 PM
info: GET en /apidocs/swagger-ui-init.js- 8/6/2024, 8:02:52 PM
info: GET en /apidocs/swagger-ui.css- 8/6/2024, 8:02:52 PM
info: GET en /apidocs/- 8/6/2024, 8:02:53 PM
info: GET en /apidocs/- 8/6/2024, 8:02:53 PM
info: GET en /apidocs/swagger-ui.css- 8/6/2024, 8:02:53 PM
info: GET en /apidocs/swagger-ui.css- 8/6/2024, 8:02:53 PM
info: GET en /apidocs/swagger-ui-bundle.js- 8/6/2024, 8:02:53 PM
info: GET en /apidocs/swagger-ui-bundle.js- 8/6/2024, 8:02:53 PM
info: GET en /apidocs/swagger-ui-standalone-preset.js- 8/6/2024, 8:02:53 PM
info: GET en /apidocs/swagger-ui-standalone-preset.js- 8/6/2024, 8:02:53 PM
info: GET en /apidocs/swagger-ui-init.js- 8/6/2024, 8:02:53 PM
info: GET en /apidocs/swagger-ui-init.js- 8/6/2024, 8:02:53 PM
info: GET en /apidocs/- 8/6/2024, 8:02:53 PM
info: GET en /apidocs/- 8/6/2024, 8:02:53 PM
info: GET en /apidocs/swagger-ui.css- 8/6/2024, 8:02:53 PM
info: GET en /apidocs/swagger-ui.css- 8/6/2024, 8:02:53 PM
info: GET en /apidocs/swagger-ui-bundle.js- 8/6/2024, 8:02:53 PM
info: GET en /apidocs/swagger-ui-bundle.js- 8/6/2024, 8:02:53 PM
info: GET en /apidocs/swagger-ui-standalone-preset.js- 8/6/2024, 8:02:53 PM
info: GET en /apidocs/swagger-ui-standalone-preset.js- 8/6/2024, 8:02:53 PM
info: GET en /apidocs/swagger-ui-init.js- 8/6/2024, 8:02:53 PM
info: GET en /apidocs/swagger-ui-init.js- 8/6/2024, 8:02:53 PM
info: GET en /apidocs/- 8/6/2024, 8:02:54 PM
info: GET en /apidocs/- 8/6/2024, 8:02:54 PM
info: GET en /apidocs/swagger-ui.css- 8/6/2024, 8:02:54 PM
info: GET en /apidocs/swagger-ui.css- 8/6/2024, 8:02:54 PM
info: GET en /apidocs/swagger-ui-bundle.js- 8/6/2024, 8:02:54 PM
info: GET en /apidocs/swagger-ui-standalone-preset.js- 8/6/2024, 8:02:54 PM
info: GET en /apidocs/swagger-ui-bundle.js- 8/6/2024, 8:02:54 PM
info: GET en /apidocs/swagger-ui-standalone-preset.js- 8/6/2024, 8:02:54 PM
info: GET en /apidocs/swagger-ui-init.js- 8/6/2024, 8:02:54 PM
info: GET en /apidocs/swagger-ui-init.js- 8/6/2024, 8:02:54 PM
info: GET en /apidocs/- 8/6/2024, 8:05:25 PM
info: GET en /apidocs/- 8/6/2024, 8:05:25 PM
info: GET en /apidocs/swagger-ui-bundle.js- 8/6/2024, 8:05:25 PM
info: GET en /apidocs/swagger-ui-bundle.js- 8/6/2024, 8:05:25 PM
info: GET en /apidocs/swagger-ui-standalone-preset.js- 8/6/2024, 8:05:25 PM
info: GET en /apidocs/swagger-ui-standalone-preset.js- 8/6/2024, 8:05:25 PM
info: GET en /apidocs/swagger-ui-init.js- 8/6/2024, 8:05:25 PM
info: GET en /apidocs/swagger-ui-init.js- 8/6/2024, 8:05:25 PM
info: GET en /apidocs/swagger-ui.css- 8/6/2024, 8:05:25 PM
info: GET en /apidocs/swagger-ui.css- 8/6/2024, 8:05:25 PM
info: GET en /apidocs/- 8/6/2024, 8:05:28 PM
info: GET en /apidocs/- 8/6/2024, 8:05:28 PM
info: GET en /apidocs/swagger-ui.css- 8/6/2024, 8:05:28 PM
info: GET en /apidocs/swagger-ui.css- 8/6/2024, 8:05:28 PM
info: GET en /apidocs/swagger-ui-bundle.js- 8/6/2024, 8:05:28 PM
info: GET en /apidocs/swagger-ui-standalone-preset.js- 8/6/2024, 8:05:28 PM
info: GET en /apidocs/swagger-ui-init.js- 8/6/2024, 8:05:28 PM
info: GET en /apidocs/swagger-ui-bundle.js- 8/6/2024, 8:05:28 PM
info: GET en /apidocs/swagger-ui-standalone-preset.js- 8/6/2024, 8:05:28 PM
info: GET en /apidocs/swagger-ui-init.js- 8/6/2024, 8:05:28 PM
info: GET en /apidocs/- 8/6/2024, 8:05:29 PM
info: GET en /apidocs/- 8/6/2024, 8:05:29 PM
info: GET en /apidocs/swagger-ui.css- 8/6/2024, 8:05:29 PM
info: GET en /apidocs/swagger-ui.css- 8/6/2024, 8:05:29 PM
info: GET en /apidocs/swagger-ui-bundle.js- 8/6/2024, 8:05:29 PM
info: GET en /apidocs/swagger-ui-standalone-preset.js- 8/6/2024, 8:05:29 PM
info: GET en /apidocs/swagger-ui-bundle.js- 8/6/2024, 8:05:29 PM
info: GET en /apidocs/swagger-ui-standalone-preset.js- 8/6/2024, 8:05:29 PM
info: GET en /apidocs/swagger-ui-init.js- 8/6/2024, 8:05:29 PM
info: GET en /apidocs/swagger-ui-init.js- 8/6/2024, 8:05:29 PM
info: GET en /apidocs/- 8/6/2024, 8:05:30 PM
info: GET en /apidocs/- 8/6/2024, 8:05:30 PM
info: GET en /apidocs/swagger-ui.css- 8/6/2024, 8:05:30 PM
info: GET en /apidocs/swagger-ui.css- 8/6/2024, 8:05:30 PM
info: GET en /apidocs/swagger-ui-bundle.js- 8/6/2024, 8:05:30 PM
info: GET en /apidocs/swagger-ui-bundle.js- 8/6/2024, 8:05:30 PM
info: GET en /apidocs/swagger-ui-standalone-preset.js- 8/6/2024, 8:05:30 PM
info: GET en /apidocs/swagger-ui-init.js- 8/6/2024, 8:05:30 PM
info: GET en /apidocs/swagger-ui-standalone-preset.js- 8/6/2024, 8:05:30 PM
info: GET en /apidocs/swagger-ui-init.js- 8/6/2024, 8:05:30 PM
info: GET en /apidocs/- 8/6/2024, 8:05:31 PM
info: GET en /apidocs/- 8/6/2024, 8:05:31 PM
info: GET en /apidocs/swagger-ui.css- 8/6/2024, 8:05:31 PM
info: GET en /apidocs/swagger-ui.css- 8/6/2024, 8:05:31 PM
info: GET en /apidocs/swagger-ui-bundle.js- 8/6/2024, 8:05:31 PM
info: GET en /apidocs/swagger-ui-bundle.js- 8/6/2024, 8:05:31 PM
info: GET en /apidocs/swagger-ui-standalone-preset.js- 8/6/2024, 8:05:31 PM
info: GET en /apidocs/swagger-ui-standalone-preset.js- 8/6/2024, 8:05:31 PM
info: GET en /apidocs/swagger-ui-init.js- 8/6/2024, 8:05:31 PM
info: GET en /apidocs/swagger-ui-init.js- 8/6/2024, 8:05:31 PM
info: GET en /apidocs/- 8/6/2024, 8:07:24 PM
info: GET en /apidocs/- 8/6/2024, 8:07:24 PM
info: GET en /apidocs/swagger-ui-bundle.js- 8/6/2024, 8:07:24 PM
info: GET en /apidocs/swagger-ui-bundle.js- 8/6/2024, 8:07:24 PM
info: GET en /apidocs/swagger-ui-standalone-preset.js- 8/6/2024, 8:07:24 PM
info: GET en /apidocs/swagger-ui-standalone-preset.js- 8/6/2024, 8:07:24 PM
info: GET en /apidocs/swagger-ui-init.js- 8/6/2024, 8:07:24 PM
info: GET en /apidocs/swagger-ui-init.js- 8/6/2024, 8:07:24 PM
info: GET en /apidocs/swagger-ui.css- 8/6/2024, 8:07:24 PM
info: GET en /apidocs/swagger-ui.css- 8/6/2024, 8:07:24 PM
info: GET en /apidocs/- 8/6/2024, 8:07:26 PM
info: GET en /apidocs/- 8/6/2024, 8:07:26 PM
info: GET en /apidocs/swagger-ui-bundle.js- 8/6/2024, 8:07:26 PM
info: GET en /apidocs/swagger-ui-bundle.js- 8/6/2024, 8:07:26 PM
info: GET en /apidocs/swagger-ui-standalone-preset.js- 8/6/2024, 8:07:26 PM
info: GET en /apidocs/swagger-ui-standalone-preset.js- 8/6/2024, 8:07:26 PM
info: GET en /apidocs/swagger-ui-init.js- 8/6/2024, 8:07:26 PM
info: GET en /apidocs/swagger-ui.css- 8/6/2024, 8:07:26 PM
info: GET en /apidocs/swagger-ui-init.js- 8/6/2024, 8:07:26 PM
info: GET en /apidocs/swagger-ui.css- 8/6/2024, 8:07:26 PM
info: GET en /apidocs/favicon-16x16.png- 8/6/2024, 8:07:26 PM
info: GET en /apidocs/favicon-16x16.png- 8/6/2024, 8:07:26 PM
info: GET en /apidocs/- 8/6/2024, 8:07:27 PM
info: GET en /apidocs/- 8/6/2024, 8:07:27 PM
info: GET en /apidocs/swagger-ui.css- 8/6/2024, 8:07:27 PM
info: GET en /apidocs/swagger-ui.css- 8/6/2024, 8:07:27 PM
info: GET en /apidocs/swagger-ui-bundle.js- 8/6/2024, 8:07:27 PM
info: GET en /apidocs/swagger-ui-bundle.js- 8/6/2024, 8:07:27 PM
info: GET en /apidocs/swagger-ui-standalone-preset.js- 8/6/2024, 8:07:27 PM
info: GET en /apidocs/swagger-ui-standalone-preset.js- 8/6/2024, 8:07:27 PM
info: GET en /apidocs/swagger-ui-init.js- 8/6/2024, 8:07:27 PM
info: GET en /apidocs/swagger-ui-init.js- 8/6/2024, 8:07:27 PM
info: GET en /apidocs/- 8/6/2024, 8:07:35 PM
info: GET en /apidocs/- 8/6/2024, 8:07:35 PM
info: GET en /apidocs/swagger-ui.css- 8/6/2024, 8:07:35 PM
info: GET en /apidocs/swagger-ui.css- 8/6/2024, 8:07:35 PM
info: GET en /apidocs/swagger-ui-bundle.js- 8/6/2024, 8:07:35 PM
info: GET en /apidocs/swagger-ui-bundle.js- 8/6/2024, 8:07:35 PM
info: GET en /apidocs/swagger-ui-standalone-preset.js- 8/6/2024, 8:07:35 PM
info: GET en /apidocs/swagger-ui-standalone-preset.js- 8/6/2024, 8:07:35 PM
info: GET en /apidocs/swagger-ui-init.js- 8/6/2024, 8:07:35 PM
info: GET en /apidocs/swagger-ui-init.js- 8/6/2024, 8:07:35 PM
info: GET en /apidocs/- 8/6/2024, 8:07:36 PM
info: GET en /apidocs/- 8/6/2024, 8:07:36 PM
info: GET en /apidocs/swagger-ui.css- 8/6/2024, 8:07:36 PM
info: GET en /apidocs/swagger-ui.css- 8/6/2024, 8:07:36 PM
info: GET en /apidocs/swagger-ui-bundle.js- 8/6/2024, 8:07:36 PM
info: GET en /apidocs/swagger-ui-bundle.js- 8/6/2024, 8:07:36 PM
info: GET en /apidocs/swagger-ui-standalone-preset.js- 8/6/2024, 8:07:36 PM
info: GET en /apidocs/swagger-ui-standalone-preset.js- 8/6/2024, 8:07:36 PM
info: GET en /apidocs/swagger-ui-init.js- 8/6/2024, 8:07:36 PM
info: GET en /apidocs/swagger-ui-init.js- 8/6/2024, 8:07:36 PM
info: GET en /apidocs/- 8/6/2024, 8:07:37 PM
info: GET en /apidocs/- 8/6/2024, 8:07:37 PM
info: GET en /apidocs/swagger-ui.css- 8/6/2024, 8:07:37 PM
info: GET en /apidocs/swagger-ui.css- 8/6/2024, 8:07:37 PM
info: GET en /apidocs/swagger-ui-bundle.js- 8/6/2024, 8:07:37 PM
info: GET en /apidocs/swagger-ui-bundle.js- 8/6/2024, 8:07:37 PM
info: GET en /apidocs/swagger-ui-standalone-preset.js- 8/6/2024, 8:07:37 PM
info: GET en /apidocs/swagger-ui-standalone-preset.js- 8/6/2024, 8:07:37 PM
info: GET en /apidocs/swagger-ui-init.js- 8/6/2024, 8:07:37 PM
info: GET en /apidocs/swagger-ui-init.js- 8/6/2024, 8:07:37 PM
info: GET en /apidocs/- 8/6/2024, 8:07:38 PM
info: GET en /apidocs/- 8/6/2024, 8:07:38 PM
info: GET en /apidocs/swagger-ui.css- 8/6/2024, 8:07:38 PM
info: GET en /apidocs/swagger-ui.css- 8/6/2024, 8:07:38 PM
info: GET en /apidocs/swagger-ui-bundle.js- 8/6/2024, 8:07:38 PM
info: GET en /apidocs/swagger-ui-bundle.js- 8/6/2024, 8:07:38 PM
info: GET en /apidocs/swagger-ui-standalone-preset.js- 8/6/2024, 8:07:38 PM
info: GET en /apidocs/swagger-ui-standalone-preset.js- 8/6/2024, 8:07:38 PM
info: GET en /apidocs/swagger-ui-init.js- 8/6/2024, 8:07:38 PM
info: GET en /apidocs/swagger-ui-init.js- 8/6/2024, 8:07:38 PM
info: GET en /apidocs/- 8/6/2024, 8:07:38 PM
info: GET en /apidocs/- 8/6/2024, 8:07:38 PM
info: GET en /apidocs/swagger-ui.css- 8/6/2024, 8:07:38 PM
info: GET en /apidocs/swagger-ui.css- 8/6/2024, 8:07:38 PM
info: GET en /apidocs/swagger-ui-bundle.js- 8/6/2024, 8:07:38 PM
info: GET en /apidocs/swagger-ui-bundle.js- 8/6/2024, 8:07:38 PM
info: GET en /apidocs/swagger-ui-standalone-preset.js- 8/6/2024, 8:07:38 PM
info: GET en /apidocs/swagger-ui-standalone-preset.js- 8/6/2024, 8:07:38 PM
info: GET en /apidocs/swagger-ui-init.js- 8/6/2024, 8:07:38 PM
info: GET en /apidocs/swagger-ui-init.js- 8/6/2024, 8:07:38 PM
info: GET en /apidocs/- 8/6/2024, 8:08:26 PM
info: GET en /apidocs/- 8/6/2024, 8:08:26 PM
info: GET en /apidocs/swagger-ui-bundle.js- 8/6/2024, 8:08:26 PM
info: GET en /apidocs/swagger-ui-bundle.js- 8/6/2024, 8:08:26 PM
info: GET en /apidocs/swagger-ui-standalone-preset.js- 8/6/2024, 8:08:26 PM
info: GET en /apidocs/swagger-ui-standalone-preset.js- 8/6/2024, 8:08:26 PM
info: GET en /apidocs/swagger-ui-init.js- 8/6/2024, 8:08:26 PM
info: GET en /apidocs/swagger-ui-init.js- 8/6/2024, 8:08:26 PM
info: GET en /apidocs/swagger-ui.css- 8/6/2024, 8:08:26 PM
info: GET en /apidocs/swagger-ui.css- 8/6/2024, 8:08:26 PM
info: GET en /apidocs/- 8/6/2024, 8:11:57 PM
info: GET en /apidocs/- 8/6/2024, 8:11:57 PM
info: GET en /apidocs/swagger-ui-bundle.js- 8/6/2024, 8:11:57 PM
info: GET en /apidocs/swagger-ui-bundle.js- 8/6/2024, 8:11:57 PM
info: GET en /apidocs/swagger-ui-standalone-preset.js- 8/6/2024, 8:11:57 PM
info: GET en /apidocs/swagger-ui-standalone-preset.js- 8/6/2024, 8:11:57 PM
info: GET en /apidocs/swagger-ui-init.js- 8/6/2024, 8:11:57 PM
info: GET en /apidocs/swagger-ui-init.js- 8/6/2024, 8:11:57 PM
info: GET en /apidocs/swagger-ui.css- 8/6/2024, 8:11:57 PM
info: GET en /apidocs/swagger-ui.css- 8/6/2024, 8:11:57 PM
info: GET en /apidocs/- 8/6/2024, 8:17:25 PM
info: GET en /apidocs/- 8/6/2024, 8:17:25 PM
info: GET en /apidocs/swagger-ui-bundle.js- 8/6/2024, 8:17:25 PM
info: GET en /apidocs/swagger-ui-bundle.js- 8/6/2024, 8:17:25 PM
info: GET en /apidocs/swagger-ui-standalone-preset.js- 8/6/2024, 8:17:25 PM
info: GET en /apidocs/swagger-ui-standalone-preset.js- 8/6/2024, 8:17:25 PM
info: GET en /apidocs/swagger-ui-init.js- 8/6/2024, 8:17:25 PM
info: GET en /apidocs/swagger-ui-init.js- 8/6/2024, 8:17:25 PM
info: GET en /apidocs/swagger-ui.css- 8/6/2024, 8:17:25 PM
info: GET en /apidocs/swagger-ui.css- 8/6/2024, 8:17:25 PM
info: GET en /apidocs/favicon-16x16.png- 8/6/2024, 8:17:25 PM
info: GET en /apidocs/favicon-16x16.png- 8/6/2024, 8:17:25 PM
info: GET en /apidocs/- 8/6/2024, 8:17:34 PM
info: GET en /apidocs/- 8/6/2024, 8:17:34 PM
info: GET en /apidocs/swagger-ui-bundle.js- 8/6/2024, 8:17:34 PM
info: GET en /apidocs/swagger-ui-bundle.js- 8/6/2024, 8:17:34 PM
info: GET en /apidocs/swagger-ui-standalone-preset.js- 8/6/2024, 8:17:34 PM
info: GET en /apidocs/swagger-ui-standalone-preset.js- 8/6/2024, 8:17:34 PM
info: GET en /apidocs/swagger-ui-init.js- 8/6/2024, 8:17:34 PM
info: GET en /apidocs/swagger-ui-init.js- 8/6/2024, 8:17:34 PM
info: GET en /apidocs/swagger-ui.css- 8/6/2024, 8:17:34 PM
info: GET en /apidocs/swagger-ui.css- 8/6/2024, 8:17:34 PM
info: GET en /apidocs/favicon-16x16.png- 8/6/2024, 8:17:34 PM
info: GET en /apidocs/favicon-16x16.png- 8/6/2024, 8:17:34 PM
info: GET en /apidocs/- 8/6/2024, 8:20:00 PM
info: GET en /apidocs/- 8/6/2024, 8:20:00 PM
info: GET en /apidocs/swagger-ui.css- 8/6/2024, 8:20:01 PM
info: GET en /apidocs/swagger-ui.css- 8/6/2024, 8:20:01 PM
info: GET en /apidocs/swagger-ui-standalone-preset.js- 8/6/2024, 8:20:01 PM
info: GET en /apidocs/swagger-ui-standalone-preset.js- 8/6/2024, 8:20:01 PM
info: GET en /apidocs/swagger-ui-bundle.js- 8/6/2024, 8:20:01 PM
info: GET en /apidocs/swagger-ui-bundle.js- 8/6/2024, 8:20:01 PM
info: GET en /apidocs/swagger-ui-init.js- 8/6/2024, 8:20:01 PM
info: GET en /apidocs/swagger-ui-init.js- 8/6/2024, 8:20:01 PM
info: GET en /apidocs/- 8/6/2024, 8:28:54 PM
info: GET en /apidocs/- 8/6/2024, 8:28:54 PM
info: GET en /apidocs/swagger-ui.css- 8/6/2024, 8:28:54 PM
info: GET en /apidocs/swagger-ui.css- 8/6/2024, 8:28:54 PM
info: GET en /apidocs/swagger-ui-standalone-preset.js- 8/6/2024, 8:28:54 PM
info: GET en /apidocs/swagger-ui-standalone-preset.js- 8/6/2024, 8:28:54 PM
info: GET en /apidocs/swagger-ui-bundle.js- 8/6/2024, 8:28:54 PM
info: GET en /apidocs/swagger-ui-bundle.js- 8/6/2024, 8:28:54 PM
info: GET en /apidocs/swagger-ui-init.js- 8/6/2024, 8:28:54 PM
info: GET en /apidocs/swagger-ui-init.js- 8/6/2024, 8:28:54 PM
info: GET en /apidocs/favicon-16x16.png- 8/6/2024, 8:28:54 PM
info: GET en /apidocs/favicon-16x16.png- 8/6/2024, 8:28:54 PM
info: POST en /api/users/createUser- 8/9/2024, 3:59:26 AM
info: POST en /api/users/createUser- 8/9/2024, 3:59:26 AM
info: POST en /api/users/createUser- 8/9/2024, 11:34:45 PM
info: POST en /api/users/createUser- 8/9/2024, 11:34:45 PM
info: POST en /api/sessions/register- 8/9/2024, 11:34:46 PM
info: POST en /api/sessions/register- 8/9/2024, 11:34:46 PM
info: POST en /api/users/createUser- 8/9/2024, 11:40:23 PM
info: POST en /api/users/createUser- 8/9/2024, 11:40:23 PM
info: POST en /api/users/createUser- 8/9/2024, 11:40:23 PM
info: POST en /api/users/createUser- 8/9/2024, 11:40:23 PM
info: POST en /api/sessions/register- 8/9/2024, 11:40:24 PM
info: POST en /api/sessions/register- 8/9/2024, 11:40:24 PM
info: POST en /api/users/createUser- 8/9/2024, 11:41:23 PM
info: POST en /api/users/createUser- 8/9/2024, 11:41:23 PM
info: POST en /api/users/createUser- 8/9/2024, 11:41:23 PM
info: POST en /api/users/createUser- 8/9/2024, 11:41:23 PM
info: POST en /api/sessions/register- 8/9/2024, 11:41:23 PM
info: POST en /api/sessions/register- 8/9/2024, 11:41:23 PM
info: POST en /api/users/createUser- 8/9/2024, 11:46:54 PM
info: POST en /api/users/createUser- 8/9/2024, 11:46:54 PM
info: POST en /api/users/createUser- 8/9/2024, 11:46:54 PM
info: POST en /api/users/createUser- 8/9/2024, 11:46:54 PM
info: POST en /api/sessions/register- 8/9/2024, 11:46:54 PM
info: POST en /api/sessions/register- 8/9/2024, 11:46:54 PM
info: POST en /api/users/createUser- 8/9/2024, 11:49:00 PM
info: POST en /api/users/createUser- 8/9/2024, 11:49:00 PM
info: POST en /api/users/createUser- 8/9/2024, 11:49:00 PM
info: POST en /api/users/createUser- 8/9/2024, 11:49:00 PM
info: POST en /api/sessions/register- 8/9/2024, 11:49:00 PM
info: POST en /api/sessions/register- 8/9/2024, 11:49:00 PM
info: GET en /- 8/12/2024, 5:18:08 PM
info: GET en /- 8/12/2024, 5:18:08 PM
info: GET en /js/login.js- 8/12/2024, 5:18:08 PM
info: GET en /js/login.js- 8/12/2024, 5:18:08 PM
info: GET en /favicon.ico- 8/12/2024, 5:18:09 PM
info: GET en /favicon.ico- 8/12/2024, 5:18:09 PM
info: GET en /api/sessions/register- 8/12/2024, 5:18:30 PM
info: GET en /api/sessions/register- 8/12/2024, 5:18:30 PM
info: GET en /js/register.js- 8/12/2024, 5:18:30 PM
info: GET en /js/register.js- 8/12/2024, 5:18:30 PM
info: POST en /api/sessions/register- 8/12/2024, 5:33:20 PM
info: POST en /api/sessions/register- 8/12/2024, 5:33:20 PM
info: POST en /api/sessions/register- 8/12/2024, 5:35:55 PM
info: POST en /api/sessions/register- 8/12/2024, 5:35:55 PM
info: POST en /api/sessions/register- 8/12/2024, 5:37:39 PM
info: POST en /api/sessions/register- 8/12/2024, 5:37:39 PM
info: POST en /api/sessions/register- 8/12/2024, 5:52:31 PM
info: POST en /api/sessions/register- 8/12/2024, 5:52:31 PM
info: POST en /api/sessions/register- 8/12/2024, 5:54:46 PM
info: POST en /api/sessions/register- 8/12/2024, 5:54:46 PM
info: POST en /api/sessions/register- 8/12/2024, 5:58:31 PM
info: POST en /api/sessions/register- 8/12/2024, 5:58:31 PM
info: GET en /api/sessions/logout- 8/12/2024, 5:58:32 PM
info: GET en /api/sessions/logout- 8/12/2024, 5:58:32 PM
info: POST en /api/sessions/register- 8/12/2024, 5:58:55 PM
info: POST en /api/sessions/register- 8/12/2024, 5:58:55 PM
info: GET en /api/sessions/logout- 8/12/2024, 5:58:56 PM
info: GET en /api/sessions/logout- 8/12/2024, 5:58:56 PM
info: POST en /api/sessions/register- 8/12/2024, 5:59:20 PM
info: POST en /api/sessions/register- 8/12/2024, 5:59:20 PM
info: GET en /api/sessions/logout- 8/12/2024, 5:59:21 PM
info: GET en /api/sessions/logout- 8/12/2024, 5:59:21 PM
info: POST en /api/sessions/register- 8/12/2024, 6:08:50 PM
info: POST en /api/sessions/register- 8/12/2024, 6:08:50 PM
info: POST en /api/sessions/logout- 8/12/2024, 6:08:50 PM
info: POST en /api/sessions/logout- 8/12/2024, 6:08:50 PM
info: POST en /api/sessions/register- 8/12/2024, 6:15:50 PM
info: POST en /api/sessions/register- 8/12/2024, 6:15:50 PM
info: POST en /api/sessions/logout- 8/12/2024, 6:15:51 PM
info: POST en /api/sessions/logout- 8/12/2024, 6:15:51 PM
info: GET en /api/carts/asdsadasd- 8/12/2024, 6:22:23 PM
info: GET en /api/carts/asdsadasd- 8/12/2024, 6:22:23 PM
info: GET en /api/carts/66b6d51c6d5f8bd5d3c9a07b- 8/12/2024, 6:28:38 PM
info: GET en /api/carts/66b6d51c6d5f8bd5d3c9a07b- 8/12/2024, 6:28:38 PM
info: POST en /api/sessions/register- 8/12/2024, 6:29:38 PM
info: POST en /api/sessions/register- 8/12/2024, 6:29:38 PM
info: POST en /api/sessions/logout- 8/12/2024, 6:29:38 PM
info: POST en /api/sessions/logout- 8/12/2024, 6:29:38 PM
info: GET en /api/carts/66b6d51c6d5f8bd5d3c9a07b- 8/12/2024, 6:29:38 PM
info: GET en /api/carts/66b6d51c6d5f8bd5d3c9a07b- 8/12/2024, 6:29:38 PM
info: POST en /api/sessions/register- 8/12/2024, 6:35:16 PM
info: POST en /api/sessions/register- 8/12/2024, 6:35:16 PM
info: POST en /api/sessions/logout- 8/12/2024, 6:35:16 PM
info: POST en /api/sessions/logout- 8/12/2024, 6:35:16 PM
info: GET en /api/carts/66b6d51c6d5f8bd5d3c9a07b- 8/12/2024, 6:35:17 PM
info: GET en /api/carts/66b6d51c6d5f8bd5d3c9a07b- 8/12/2024, 6:35:17 PM
info: GET en /api/carts/abc123- 8/12/2024, 6:35:17 PM
info: GET en /api/carts/abc123- 8/12/2024, 6:35:17 PM
info: POST en /api/sessions/register- 8/12/2024, 6:36:06 PM
info: POST en /api/sessions/register- 8/12/2024, 6:36:06 PM
info: POST en /api/sessions/logout- 8/12/2024, 6:36:06 PM
info: POST en /api/sessions/logout- 8/12/2024, 6:36:06 PM
info: GET en /api/carts/66b6d51c6d5f8bd5d3c9a07b- 8/12/2024, 6:36:07 PM
info: GET en /api/carts/66b6d51c6d5f8bd5d3c9a07b- 8/12/2024, 6:36:07 PM
info: GET en /api/carts/abc123- 8/12/2024, 6:36:07 PM
info: GET en /api/carts/abc123- 8/12/2024, 6:36:07 PM
info: POST en /api/sessions/register- 8/12/2024, 9:53:21 PM
info: POST en /api/sessions/register- 8/12/2024, 9:53:21 PM
info: POST en /api/sessions/logout- 8/12/2024, 9:53:21 PM
info: POST en /api/sessions/logout- 8/12/2024, 9:53:21 PM
info: GET en /api/carts/66b6d51c6d5f8bd5d3c9a07b- 8/12/2024, 9:53:21 PM
info: GET en /api/carts/66b6d51c6d5f8bd5d3c9a07b- 8/12/2024, 9:53:21 PM
info: GET en /api/carts/abc123- 8/12/2024, 9:53:21 PM
info: GET en /api/carts/abc123- 8/12/2024, 9:53:21 PM
info: POST en /api/sessions/register- 8/12/2024, 9:54:09 PM
info: POST en /api/sessions/register- 8/12/2024, 9:54:09 PM
info: POST en /api/sessions/logout- 8/12/2024, 9:54:09 PM
info: POST en /api/sessions/logout- 8/12/2024, 9:54:09 PM
info: GET en /api/carts/66b6d51c6d5f8bd5d3c9a07b- 8/12/2024, 9:54:10 PM
info: GET en /api/carts/66b6d51c6d5f8bd5d3c9a07b- 8/12/2024, 9:54:10 PM
info: GET en /api/carts/abc123- 8/12/2024, 9:54:10 PM
info: GET en /api/carts/abc123- 8/12/2024, 9:54:10 PM
info: POST en /api/sessions/register- 8/12/2024, 9:56:25 PM
info: POST en /api/sessions/register- 8/12/2024, 9:56:25 PM
info: POST en /api/sessions/logout- 8/12/2024, 9:56:25 PM
info: POST en /api/sessions/logout- 8/12/2024, 9:56:25 PM
info: GET en /api/carts/66b6d51c6d5f8bd5d3c9a07b- 8/12/2024, 9:56:26 PM
info: GET en /api/carts/66b6d51c6d5f8bd5d3c9a07b- 8/12/2024, 9:56:26 PM
info: GET en /api/carts/abc123- 8/12/2024, 9:56:26 PM
info: GET en /api/carts/abc123- 8/12/2024, 9:56:26 PM
info: POST en /api/sessions/register- 8/12/2024, 9:57:01 PM
info: POST en /api/sessions/register- 8/12/2024, 9:57:01 PM
info: POST en /api/sessions/logout- 8/12/2024, 9:57:01 PM
info: POST en /api/sessions/logout- 8/12/2024, 9:57:01 PM
info: GET en /api/carts/66b6d51c6d5f8bd5d3c9a07b- 8/12/2024, 9:57:02 PM
info: GET en /api/carts/66b6d51c6d5f8bd5d3c9a07b- 8/12/2024, 9:57:02 PM
info: GET en /api/carts/abc123- 8/12/2024, 9:57:02 PM
info: GET en /api/carts/abc123- 8/12/2024, 9:57:02 PM
info: POST en /api/sessions/register- 8/12/2024, 9:58:02 PM
info: POST en /api/sessions/register- 8/12/2024, 9:58:02 PM
info: POST en /api/sessions/logout- 8/12/2024, 9:58:03 PM
info: POST en /api/sessions/logout- 8/12/2024, 9:58:03 PM
info: GET en /api/carts/66b6d51c6d5f8bd5d3c9a07b- 8/12/2024, 9:58:03 PM
info: GET en /api/carts/66b6d51c6d5f8bd5d3c9a07b- 8/12/2024, 9:58:03 PM
info: GET en /api/carts/abc123- 8/12/2024, 9:58:03 PM
info: GET en /api/carts/abc123- 8/12/2024, 9:58:03 PM
info: POST en /api/sessions/register- 8/12/2024, 10:01:26 PM
info: POST en /api/sessions/register- 8/12/2024, 10:01:26 PM
info: POST en /api/sessions/logout- 8/12/2024, 10:01:26 PM
info: POST en /api/sessions/logout- 8/12/2024, 10:01:26 PM
info: GET en /api/carts/66b6d51c6d5f8bd5d3c9a07b- 8/12/2024, 10:01:27 PM
info: GET en /api/carts/66b6d51c6d5f8bd5d3c9a07b- 8/12/2024, 10:01:27 PM
info: GET en /api/carts/abc123- 8/12/2024, 10:01:27 PM
info: GET en /api/carts/abc123- 8/12/2024, 10:01:27 PM
info: POST en /api/sessions/register- 8/12/2024, 10:05:36 PM
info: POST en /api/sessions/register- 8/12/2024, 10:05:36 PM
info: POST en /api/sessions/logout- 8/12/2024, 10:05:36 PM
info: POST en /api/sessions/logout- 8/12/2024, 10:05:36 PM
info: GET en /api/carts/66b6d51c6d5f8bd5d3c9a07b- 8/12/2024, 10:05:36 PM
info: GET en /api/carts/66b6d51c6d5f8bd5d3c9a07b- 8/12/2024, 10:05:36 PM
info: GET en /api/carts/abc123- 8/12/2024, 10:05:37 PM
info: GET en /api/carts/abc123- 8/12/2024, 10:05:37 PM
info: GET en /- 9/5/2024, 3:24:09 AM
info: GET en /- 9/5/2024, 3:24:09 AM
info: GET en /js/login.js- 9/5/2024, 3:24:09 AM
info: GET en /js/login.js- 9/5/2024, 3:24:09 AM
info: GET en /favicon.ico- 9/5/2024, 3:24:10 AM
info: GET en /favicon.ico- 9/5/2024, 3:24:10 AM
info: GET en /api/views/products- 9/5/2024, 3:24:39 AM
info: GET en /api/views/products- 9/5/2024, 3:24:39 AM
info: GET en /api/views/products- 9/5/2024, 3:26:18 AM
info: GET en /api/views/products- 9/5/2024, 3:26:18 AM
info: GET en /api/views/products- 9/5/2024, 3:26:18 AM
info: GET en /api/views/products- 9/5/2024, 3:26:18 AM
info: GET en /js/products.js- 9/5/2024, 3:26:18 AM
info: GET en /js/products.js- 9/5/2024, 3:26:18 AM
info: GET en /js/cart.js- 9/5/2024, 3:26:18 AM
info: GET en /js/cart.js- 9/5/2024, 3:26:18 AM
info: GET en /api/users/- 9/5/2024, 3:32:11 AM
info: GET en /api/users/- 9/5/2024, 3:32:11 AM
info: GET en /api/users/- 9/5/2024, 3:33:48 AM
info: GET en /api/users/- 9/5/2024, 3:33:48 AM
info: GET en /favicon.ico- 9/5/2024, 3:33:48 AM
info: GET en /favicon.ico- 9/5/2024, 3:33:48 AM
info: GET en /favicon.ico- 9/5/2024, 3:37:39 AM
info: GET en /favicon.ico- 9/5/2024, 3:37:39 AM
info: GET en /api/sessions/login- 9/5/2024, 3:38:15 AM
info: GET en /api/sessions/login- 9/5/2024, 3:38:15 AM
info: GET en /js/login.js- 9/5/2024, 3:38:15 AM
info: GET en /js/login.js- 9/5/2024, 3:38:15 AM
info: GET en /favicon.ico- 9/5/2024, 3:38:15 AM
info: GET en /favicon.ico- 9/5/2024, 3:38:15 AM
info: POST en /api/sessions/login- 9/5/2024, 3:38:20 AM
info: POST en /api/sessions/login- 9/5/2024, 3:38:20 AM
info: Inicio sesion correctamente, usuario email : gonzaloismael@gmail.com
info: Inicio sesion correctamente, usuario email : gonzaloismael@gmail.com
info: GET en /api/views/products- 9/5/2024, 3:38:21 AM
info: GET en /api/views/products- 9/5/2024, 3:38:21 AM
info: GET en /api/views/products- 9/5/2024, 3:38:21 AM
info: GET en /api/views/products- 9/5/2024, 3:38:21 AM
info: GET en /js/products.js- 9/5/2024, 3:38:21 AM
info: GET en /js/products.js- 9/5/2024, 3:38:21 AM
info: GET en /js/cart.js- 9/5/2024, 3:38:21 AM
info: GET en /js/cart.js- 9/5/2024, 3:38:21 AM
info: GET en /api/users/premium/66b6d51d6d5f8bd5d3c9a083- 9/5/2024, 3:38:24 AM
info: GET en /api/users/premium/66b6d51d6d5f8bd5d3c9a083- 9/5/2024, 3:38:24 AM
info: GET en /api/views/admin/products- 9/5/2024, 3:38:35 AM
info: GET en /api/views/admin/products- 9/5/2024, 3:38:35 AM
info: GET en /js/admin/adminProducts.js- 9/5/2024, 3:38:35 AM
info: GET en /js/admin/adminProducts.js- 9/5/2024, 3:38:35 AM
info: POST en /api/views/products- 9/5/2024, 3:39:31 AM
info: POST en /api/views/products- 9/5/2024, 3:39:31 AM
info: GET en /products/code/66d95223866170594feffb97- 9/5/2024, 3:39:43 AM
info: GET en /products/code/66d95223866170594feffb97- 9/5/2024, 3:39:43 AM
info: GET en /products/code/ABC123ABC- 9/5/2024, 3:39:57 AM
info: GET en /products/code/ABC123ABC- 9/5/2024, 3:39:57 AM
info: GET en /api/views/update/66d95223866170594feffb97- 9/5/2024, 3:40:00 AM
info: GET en /api/views/update/66d95223866170594feffb97- 9/5/2024, 3:40:00 AM
info: [object Object]
info: [object Object]
info: GET en /api/views/update/URL_DE_LA_IMAGEN- 9/5/2024, 3:40:00 AM
info: GET en /api/views/update/URL_DE_LA_IMAGEN- 9/5/2024, 3:40:00 AM
info: GET en /js/admin/editProduct.js- 9/5/2024, 3:40:00 AM
info: GET en /js/admin/editProduct.js- 9/5/2024, 3:40:00 AM
info: GET en /api/views/products- 9/5/2024, 3:40:09 AM
info: GET en /api/views/products- 9/5/2024, 3:40:09 AM
info: GET en /api/views/products- 9/5/2024, 3:40:09 AM
info: GET en /api/views/products- 9/5/2024, 3:40:09 AM
info: GET en /js/products.js- 9/5/2024, 3:40:09 AM
info: GET en /js/products.js- 9/5/2024, 3:40:09 AM
info: GET en /js/cart.js- 9/5/2024, 3:40:09 AM
info: GET en /js/cart.js- 9/5/2024, 3:40:09 AM
info: GET en /api/views/products- 9/5/2024, 3:40:17 AM
info: GET en /api/views/products- 9/5/2024, 3:40:17 AM
info: GET en /api/views/products- 9/5/2024, 3:40:17 AM
info: GET en /api/views/products- 9/5/2024, 3:40:17 AM
info: GET en /js/products.js- 9/5/2024, 3:40:17 AM
info: GET en /js/products.js- 9/5/2024, 3:40:17 AM
info: GET en /js/cart.js- 9/5/2024, 3:40:17 AM
info: GET en /js/cart.js- 9/5/2024, 3:40:17 AM
info: GET en /api/users/premium/66b6d51d6d5f8bd5d3c9a083- 9/5/2024, 3:40:22 AM
info: GET en /api/users/premium/66b6d51d6d5f8bd5d3c9a083- 9/5/2024, 3:40:22 AM
info: GET en /api/views/admin/products- 9/5/2024, 3:40:23 AM
info: GET en /api/views/admin/products- 9/5/2024, 3:40:23 AM
info: GET en /api/views/admin/products- 9/5/2024, 3:40:23 AM
info: GET en /api/views/admin/products- 9/5/2024, 3:40:23 AM
info: GET en /js/admin/adminProducts.js- 9/5/2024, 3:40:23 AM
info: GET en /js/admin/adminProducts.js- 9/5/2024, 3:40:23 AM
info: GET en /api/views/products- 9/5/2024, 3:40:33 AM
info: GET en /api/views/products- 9/5/2024, 3:40:33 AM
info: GET en /api/views/products- 9/5/2024, 3:40:33 AM
info: GET en /api/views/products- 9/5/2024, 3:40:33 AM
info: GET en /js/cart.js- 9/5/2024, 3:40:33 AM
info: GET en /js/cart.js- 9/5/2024, 3:40:33 AM
info: GET en /js/products.js- 9/5/2024, 3:40:33 AM
info: GET en /js/products.js- 9/5/2024, 3:40:33 AM
info: GET en /api/sessions/logout- 9/5/2024, 3:40:37 AM
info: GET en /api/sessions/logout- 9/5/2024, 3:40:37 AM
info: GET en /- 9/5/2024, 3:40:37 AM
info: GET en /- 9/5/2024, 3:40:37 AM
info: GET en /js/login.js- 9/5/2024, 3:40:38 AM
info: GET en /js/login.js- 9/5/2024, 3:40:38 AM
info: POST en /api/sessions/login- 9/5/2024, 3:40:44 AM
info: POST en /api/sessions/login- 9/5/2024, 3:40:44 AM
info: Inicio sesion correctamente, usuario email : gonzaloismael@gmail.com
info: Inicio sesion correctamente, usuario email : gonzaloismael@gmail.com
info: GET en /api/views/products- 9/5/2024, 3:40:44 AM
info: GET en /api/views/products- 9/5/2024, 3:40:44 AM
info: GET en /api/views/products- 9/5/2024, 3:40:44 AM
info: GET en /api/views/products- 9/5/2024, 3:40:44 AM
info: GET en /js/products.js- 9/5/2024, 3:40:44 AM
info: GET en /js/products.js- 9/5/2024, 3:40:44 AM
info: GET en /js/cart.js- 9/5/2024, 3:40:44 AM
info: GET en /js/cart.js- 9/5/2024, 3:40:44 AM
info: POST en /api/carts/66b6d51c6d5f8bd5d3c9a081/product/664b0207bda9e82892bdbcae- 9/5/2024, 3:40:47 AM
info: POST en /api/carts/66b6d51c6d5f8bd5d3c9a081/product/664b0207bda9e82892bdbcae- 9/5/2024, 3:40:47 AM
info: POST en /api/carts/66b6d51c6d5f8bd5d3c9a081/product/664b0292bda9e82892bdbcd4- 9/5/2024, 3:40:49 AM
info: POST en /api/carts/66b6d51c6d5f8bd5d3c9a081/product/664b0292bda9e82892bdbcd4- 9/5/2024, 3:40:49 AM
info: POST en /api/carts/66b6d51c6d5f8bd5d3c9a081/product/664b0220bda9e82892bdbcb8- 9/5/2024, 3:40:51 AM
info: POST en /api/carts/66b6d51c6d5f8bd5d3c9a081/product/664b0220bda9e82892bdbcb8- 9/5/2024, 3:40:51 AM
info: GET en /api/views/purchase- 9/5/2024, 3:40:54 AM
info: GET en /api/views/purchase- 9/5/2024, 3:40:54 AM
info: GET en /js/ticket.js- 9/5/2024, 3:40:55 AM
info: GET en /js/ticket.js- 9/5/2024, 3:40:55 AM
info: GET en /api/users/premium/- 9/6/2024, 3:05:51 AM
info: GET en /api/users/premium/- 9/6/2024, 3:05:51 AM
info: GET en /api/sessions/logout- 9/6/2024, 3:05:56 AM
info: GET en /api/sessions/logout- 9/6/2024, 3:05:56 AM
info: GET en /- 9/6/2024, 3:05:56 AM
info: GET en /- 9/6/2024, 3:05:56 AM
info: GET en /api/views/products- 9/6/2024, 3:05:56 AM
info: GET en /api/views/products- 9/6/2024, 3:05:56 AM
info: GET en /api/views/products- 9/6/2024, 3:05:58 AM
info: GET en /api/views/products- 9/6/2024, 3:05:58 AM
info: GET en /js/cart.js- 9/6/2024, 3:05:58 AM
info: GET en /js/cart.js- 9/6/2024, 3:05:58 AM
info: GET en /js/products.js- 9/6/2024, 3:05:58 AM
info: GET en /js/products.js- 9/6/2024, 3:05:58 AM
info: GET en /favicon.ico- 9/6/2024, 3:05:58 AM
info: GET en /favicon.ico- 9/6/2024, 3:05:58 AM
info: GET en /api/sessions/logout- 9/6/2024, 3:06:02 AM
info: GET en /api/sessions/logout- 9/6/2024, 3:06:02 AM
info: GET en /- 9/6/2024, 3:06:02 AM
info: GET en /- 9/6/2024, 3:06:02 AM
info: GET en /js/login.js- 9/6/2024, 3:06:02 AM
info: GET en /js/login.js- 9/6/2024, 3:06:02 AM
info: GET en /api/sessions/register- 9/6/2024, 3:06:22 AM
info: GET en /api/sessions/register- 9/6/2024, 3:06:22 AM
info: GET en /js/register.js- 9/6/2024, 3:06:22 AM
info: GET en /js/register.js- 9/6/2024, 3:06:22 AM
info: POST en /api/sessions/register- 9/6/2024, 3:06:32 AM
info: POST en /api/sessions/register- 9/6/2024, 3:06:32 AM
info: POST en /api/sessions/register- 9/6/2024, 3:06:34 AM
info: POST en /api/sessions/register- 9/6/2024, 3:06:34 AM
info: POST en /api/sessions/login- 9/6/2024, 3:09:31 AM
info: POST en /api/sessions/login- 9/6/2024, 3:09:31 AM
info: Inicio sesion correctamente, usuario email : admin@gmail.com
info: Inicio sesion correctamente, usuario email : admin@gmail.com
info: GET en /api/views/products- 9/6/2024, 3:09:31 AM
info: GET en /api/views/products- 9/6/2024, 3:09:31 AM
info: GET en /api/views/products- 9/6/2024, 3:09:32 AM
info: GET en /api/views/products- 9/6/2024, 3:09:32 AM
info: GET en /js/products.js- 9/6/2024, 3:09:32 AM
info: GET en /js/products.js- 9/6/2024, 3:09:32 AM
info: GET en /js/cart.js- 9/6/2024, 3:09:32 AM
info: GET en /js/cart.js- 9/6/2024, 3:09:32 AM
info: GET en /api/users/premium/66da9be8866170594feffbf3- 9/6/2024, 3:09:47 AM
info: GET en /api/users/premium/66da9be8866170594feffbf3- 9/6/2024, 3:09:47 AM
info: GET en /api/views/admin/products- 9/6/2024, 3:09:49 AM
info: GET en /api/views/admin/products- 9/6/2024, 3:09:49 AM
info: GET en /js/admin/adminProducts.js- 9/6/2024, 3:09:49 AM
info: GET en /js/admin/adminProducts.js- 9/6/2024, 3:09:49 AM
info: DELETE en /products- 9/6/2024, 3:11:19 AM
info: DELETE en /products- 9/6/2024, 3:11:19 AM
info: No es propietario del producto que intenta eliminar
info: No es propietario del producto que intenta eliminar
info: DELETE en /products- 9/6/2024, 3:11:31 AM
info: DELETE en /products- 9/6/2024, 3:11:31 AM
info: No es propietario del producto que intenta eliminar
info: No es propietario del producto que intenta eliminar
info: DELETE en /products- 9/6/2024, 3:11:43 AM
info: DELETE en /products- 9/6/2024, 3:11:43 AM
info: No es propietario del producto que intenta eliminar
info: No es propietario del producto que intenta eliminar
info: DELETE en /products- 9/6/2024, 3:15:23 AM
info: DELETE en /products- 9/6/2024, 3:15:23 AM
info: DELETE en /products- 9/6/2024, 3:15:25 AM
info: DELETE en /products- 9/6/2024, 3:15:25 AM
info: DELETE en /products- 9/6/2024, 3:15:40 AM
info: DELETE en /products- 9/6/2024, 3:15:40 AM
info: No es propietario del producto que intenta eliminar
info: No es propietario del producto que intenta eliminar
info: DELETE en /products- 9/6/2024, 3:17:26 AM
info: DELETE en /products- 9/6/2024, 3:17:26 AM
info: No es propietario del producto que intenta eliminar
info: No es propietario del producto que intenta eliminar
info: GET en /api/views/products- 9/6/2024, 3:19:09 AM
info: GET en /api/views/products- 9/6/2024, 3:19:09 AM
info: GET en /api/views/products- 9/6/2024, 3:19:09 AM
info: GET en /api/views/products- 9/6/2024, 3:19:09 AM
info: GET en /js/cart.js- 9/6/2024, 3:19:09 AM
info: GET en /js/cart.js- 9/6/2024, 3:19:09 AM
info: GET en /js/products.js- 9/6/2024, 3:19:09 AM
info: GET en /js/products.js- 9/6/2024, 3:19:09 AM
info: GET en /favicon.ico- 9/6/2024, 3:19:10 AM
info: GET en /favicon.ico- 9/6/2024, 3:19:10 AM
info: GET en /api/sessions/logout- 9/6/2024, 3:19:12 AM
info: GET en /api/sessions/logout- 9/6/2024, 3:19:12 AM
info: GET en /- 9/6/2024, 3:19:12 AM
info: GET en /- 9/6/2024, 3:19:12 AM
info: GET en /js/login.js- 9/6/2024, 3:19:12 AM
info: GET en /js/login.js- 9/6/2024, 3:19:12 AM
info: GET en /favicon.ico- 9/6/2024, 3:19:12 AM
info: GET en /favicon.ico- 9/6/2024, 3:19:12 AM
info: POST en /api/sessions/login- 9/6/2024, 3:19:18 AM
info: POST en /api/sessions/login- 9/6/2024, 3:19:18 AM
info: Inicio sesion correctamente, usuario email : admin@gmail.com
info: Inicio sesion correctamente, usuario email : admin@gmail.com
info: GET en /api/views/admin- 9/6/2024, 3:19:18 AM
info: GET en /api/views/admin- 9/6/2024, 3:19:18 AM
info: GET en /api/views/admin- 9/6/2024, 3:19:19 AM
info: GET en /api/views/admin- 9/6/2024, 3:19:19 AM
info: GET en /api/views/admin/products- 9/6/2024, 3:19:22 AM
info: GET en /api/views/admin/products- 9/6/2024, 3:19:22 AM
info: GET en /js/admin/adminProducts.js- 9/6/2024, 3:19:22 AM
info: GET en /js/admin/adminProducts.js- 9/6/2024, 3:19:22 AM
info: DELETE en /products- 9/6/2024, 3:19:27 AM
info: DELETE en /products- 9/6/2024, 3:19:27 AM
info: DELETE en /products- 9/6/2024, 3:23:28 AM
info: DELETE en /products- 9/6/2024, 3:23:28 AM
info: GET en /api/sessions/logout- 9/6/2024, 3:23:54 AM
info: GET en /api/sessions/logout- 9/6/2024, 3:23:54 AM
info: GET en /- 9/6/2024, 3:23:54 AM
info: GET en /- 9/6/2024, 3:23:54 AM
info: GET en /js/login.js- 9/6/2024, 3:23:54 AM
info: GET en /js/login.js- 9/6/2024, 3:23:54 AM
info: GET en /favicon.ico- 9/6/2024, 3:23:55 AM
info: GET en /favicon.ico- 9/6/2024, 3:23:55 AM
info: GET en /api/sessions/register- 9/6/2024, 3:23:57 AM
info: GET en /api/sessions/register- 9/6/2024, 3:23:57 AM
info: GET en /js/register.js- 9/6/2024, 3:23:57 AM
info: GET en /js/register.js- 9/6/2024, 3:23:57 AM
info: POST en /api/sessions/register- 9/6/2024, 3:24:25 AM
info: POST en /api/sessions/register- 9/6/2024, 3:24:25 AM
info: POST en /api/sessions/register- 9/6/2024, 3:24:30 AM
info: POST en /api/sessions/register- 9/6/2024, 3:24:30 AM
info: POST en /api/sessions/register- 9/6/2024, 3:32:32 AM
info: POST en /api/sessions/register- 9/6/2024, 3:32:32 AM
info: POST en /api/sessions/register- 9/6/2024, 3:33:05 AM
info: POST en /api/sessions/register- 9/6/2024, 3:33:05 AM
info: POST en /api/sessions/register- 9/6/2024, 3:34:17 AM
info: POST en /api/sessions/register- 9/6/2024, 3:34:17 AM
info: POST en /api/sessions/register- 9/6/2024, 3:34:21 AM
info: POST en /api/sessions/register- 9/6/2024, 3:34:21 AM
info: POST en /api/sessions/register- 9/6/2024, 3:34:54 AM
info: POST en /api/sessions/register- 9/6/2024, 3:34:54 AM
info: POST en /api/sessions/register- 9/6/2024, 3:36:36 AM
info: POST en /api/sessions/register- 9/6/2024, 3:36:36 AM
info: GET en /api/views/products- 9/6/2024, 3:36:37 AM
info: GET en /api/views/products- 9/6/2024, 3:36:37 AM
info: GET en /api/views/products- 9/6/2024, 3:36:38 AM
info: GET en /api/views/products- 9/6/2024, 3:36:38 AM
info: GET en /js/products.js- 9/6/2024, 3:36:38 AM
info: GET en /js/products.js- 9/6/2024, 3:36:38 AM
info: GET en /js/cart.js- 9/6/2024, 3:36:38 AM
info: GET en /js/cart.js- 9/6/2024, 3:36:38 AM
info: GET en /favicon.ico- 9/6/2024, 3:36:38 AM
info: GET en /favicon.ico- 9/6/2024, 3:36:38 AM
info: GET en /api/views/products- 9/6/2024, 3:36:49 AM
info: GET en /api/views/products- 9/6/2024, 3:36:49 AM
info: GET en /api/views/products- 9/6/2024, 3:36:50 AM
info: GET en /api/views/products- 9/6/2024, 3:36:50 AM
info: GET en /js/cart.js- 9/6/2024, 3:36:50 AM
info: GET en /js/cart.js- 9/6/2024, 3:36:50 AM
info: GET en /js/products.js- 9/6/2024, 3:36:50 AM
info: GET en /js/products.js- 9/6/2024, 3:36:50 AM
info: GET en /favicon.ico- 9/6/2024, 3:36:50 AM
info: GET en /favicon.ico- 9/6/2024, 3:36:50 AM
info: GET en /api/users/premium/66daa2f444dac6c551c3ed4c- 9/6/2024, 3:36:52 AM
info: GET en /api/users/premium/66daa2f444dac6c551c3ed4c- 9/6/2024, 3:36:52 AM
info: GET en /api/sessions/logout- 9/6/2024, 3:36:55 AM
info: GET en /api/sessions/logout- 9/6/2024, 3:36:55 AM
info: GET en /- 9/6/2024, 3:36:55 AM
info: GET en /- 9/6/2024, 3:36:55 AM
info: GET en /js/login.js- 9/6/2024, 3:36:55 AM
info: GET en /js/login.js- 9/6/2024, 3:36:55 AM
info: GET en /- 9/12/2024, 9:20:45 PM
info: GET en /- 9/12/2024, 9:20:45 PM
info: GET en /js/login.js- 9/12/2024, 9:20:46 PM
info: GET en /js/login.js- 9/12/2024, 9:20:46 PM
info: GET en /favicon.ico- 9/12/2024, 9:20:46 PM
info: GET en /favicon.ico- 9/12/2024, 9:20:46 PM
info: GET en /api/sessions/register- 9/12/2024, 9:20:51 PM
info: GET en /api/sessions/register- 9/12/2024, 9:20:51 PM
info: GET en /js/register.js- 9/12/2024, 9:20:51 PM
info: GET en /js/register.js- 9/12/2024, 9:20:51 PM
info: POST en /api/sessions/register- 9/12/2024, 9:22:53 PM
info: POST en /api/sessions/register- 9/12/2024, 9:22:53 PM
info: GET en /- 9/12/2024, 9:29:56 PM
info: GET en /- 9/12/2024, 9:29:56 PM
info: GET en /js/login.js- 9/12/2024, 9:29:56 PM
info: GET en /js/login.js- 9/12/2024, 9:29:56 PM
info: GET en /api/sessions/login- 9/12/2024, 9:29:58 PM
info: GET en /api/sessions/login- 9/12/2024, 9:29:58 PM
info: GET en /js/login.js- 9/12/2024, 9:29:58 PM
info: GET en /js/login.js- 9/12/2024, 9:29:58 PM
info: GET en /api/sessions/login- 9/12/2024, 9:30:00 PM
info: GET en /api/sessions/login- 9/12/2024, 9:30:00 PM
info: GET en /js/login.js- 9/12/2024, 9:30:00 PM
info: GET en /js/login.js- 9/12/2024, 9:30:00 PM
info: GET en /api/sessions/register- 9/12/2024, 9:31:05 PM
info: GET en /api/sessions/register- 9/12/2024, 9:31:05 PM
info: GET en /js/register.js- 9/12/2024, 9:31:06 PM
info: GET en /js/register.js- 9/12/2024, 9:31:06 PM
info: POST en /api/sessions/register- 9/12/2024, 9:31:21 PM
info: POST en /api/sessions/register- 9/12/2024, 9:31:21 PM
info: POST en /api/sessions/register- 9/12/2024, 9:31:52 PM
info: POST en /api/sessions/register- 9/12/2024, 9:31:52 PM
info: POST en /api/sessions/register- 9/12/2024, 9:31:56 PM
info: POST en /api/sessions/register- 9/12/2024, 9:31:56 PM
info: POST en /api/sessions/register- 9/12/2024, 9:32:12 PM
info: POST en /api/sessions/register- 9/12/2024, 9:32:12 PM
info: POST en /api/sessions/register- 9/12/2024, 9:32:15 PM
info: POST en /api/sessions/register- 9/12/2024, 9:32:15 PM
info: POST en /api/sessions/register- 9/12/2024, 9:32:30 PM
info: POST en /api/sessions/register- 9/12/2024, 9:32:30 PM
info: POST en /api/sessions/register- 9/12/2024, 9:33:32 PM
info: POST en /api/sessions/register- 9/12/2024, 9:33:32 PM
info: POST en /api/sessions/register- 9/12/2024, 9:33:53 PM
info: POST en /api/sessions/register- 9/12/2024, 9:33:53 PM
info: POST en /api/sessions/register- 9/12/2024, 9:35:15 PM
info: POST en /api/sessions/register- 9/12/2024, 9:35:15 PM
info: POST en /api/sessions/register- 9/12/2024, 9:41:40 PM
info: POST en /api/sessions/register- 9/12/2024, 9:41:40 PM
info: GET en /api/views/products- 9/12/2024, 9:41:42 PM
info: GET en /api/views/products- 9/12/2024, 9:41:42 PM
info: GET en /api/views/products- 9/12/2024, 9:41:43 PM
info: GET en /api/views/products- 9/12/2024, 9:41:43 PM
info: GET en /js/products.js- 9/12/2024, 9:41:43 PM
info: GET en /js/products.js- 9/12/2024, 9:41:43 PM
info: GET en /js/cart.js- 9/12/2024, 9:41:43 PM
info: GET en /js/cart.js- 9/12/2024, 9:41:43 PM
info: GET en /favicon.ico- 9/12/2024, 9:41:43 PM
info: GET en /favicon.ico- 9/12/2024, 9:41:43 PM
info: GET en /api/sessions/logout- 9/12/2024, 10:06:58 PM
info: GET en /api/sessions/logout- 9/12/2024, 10:06:58 PM
info: GET en /- 9/12/2024, 10:06:58 PM
info: GET en /- 9/12/2024, 10:06:58 PM
info: GET en /js/login.js- 9/12/2024, 10:06:58 PM
info: GET en /js/login.js- 9/12/2024, 10:06:58 PM
info: GET en /favicon.ico- 9/12/2024, 10:06:59 PM
info: GET en /favicon.ico- 9/12/2024, 10:06:59 PM
info: GET en /api/sessions/register- 9/12/2024, 10:07:00 PM
info: GET en /api/sessions/register- 9/12/2024, 10:07:00 PM
info: GET en /js/register.js- 9/12/2024, 10:07:00 PM
info: GET en /js/register.js- 9/12/2024, 10:07:00 PM
info: POST en /api/sessions/register- 9/12/2024, 10:07:09 PM
info: POST en /api/sessions/register- 9/12/2024, 10:07:09 PM
info: GET en /api/views/products- 9/12/2024, 10:07:12 PM
info: GET en /api/views/products- 9/12/2024, 10:07:12 PM
info: GET en /api/views/products- 9/12/2024, 10:07:12 PM
info: GET en /api/views/products- 9/12/2024, 10:07:12 PM
info: GET en /js/products.js- 9/12/2024, 10:07:12 PM
info: GET en /js/products.js- 9/12/2024, 10:07:12 PM
info: GET en /js/cart.js- 9/12/2024, 10:07:12 PM
info: GET en /js/cart.js- 9/12/2024, 10:07:12 PM
info: GET en /favicon.ico- 9/12/2024, 10:07:12 PM
info: GET en /favicon.ico- 9/12/2024, 10:07:12 PM
info: GET en /api/sessions/logout- 9/12/2024, 10:23:25 PM
info: GET en /api/sessions/logout- 9/12/2024, 10:23:25 PM
info: GET en /- 9/12/2024, 10:23:25 PM
info: GET en /- 9/12/2024, 10:23:25 PM
info: GET en /js/login.js- 9/12/2024, 10:23:26 PM
info: GET en /js/login.js- 9/12/2024, 10:23:26 PM
info: GET en /favicon.ico- 9/12/2024, 10:23:26 PM
info: GET en /favicon.ico- 9/12/2024, 10:23:26 PM
info: GET en /- 9/13/2024, 12:59:25 AM
info: GET en /- 9/13/2024, 12:59:25 AM
info: GET en /js/login.js- 9/13/2024, 12:59:25 AM
info: GET en /js/login.js- 9/13/2024, 12:59:25 AM
info: GET en /favicon.ico- 9/13/2024, 12:59:26 AM
info: GET en /favicon.ico- 9/13/2024, 12:59:26 AM
info: POST en /api/sessions/login- 9/13/2024, 12:59:36 AM
info: POST en /api/sessions/login- 9/13/2024, 12:59:36 AM
info: Inicio sesion correctamente, usuario email : gonzaloismael@gmail.com
info: Inicio sesion correctamente, usuario email : gonzaloismael@gmail.com
info: GET en /api/views/products- 9/13/2024, 12:59:36 AM
info: GET en /api/views/products- 9/13/2024, 12:59:36 AM
info: GET en /api/views/products- 9/13/2024, 12:59:37 AM
info: GET en /api/views/products- 9/13/2024, 12:59:37 AM
info: GET en /js/products.js- 9/13/2024, 12:59:37 AM
info: GET en /js/products.js- 9/13/2024, 12:59:37 AM
info: GET en /js/cart.js- 9/13/2024, 12:59:37 AM
info: GET en /js/cart.js- 9/13/2024, 12:59:37 AM
info: GET en /favicon.ico- 9/13/2024, 12:59:37 AM
info: GET en /favicon.ico- 9/13/2024, 12:59:37 AM
info: GET en /- 9/13/2024, 8:59:55 AM
info: GET en /- 9/13/2024, 8:59:55 AM
info: GET en /api/views/products- 9/13/2024, 8:59:55 AM
info: GET en /api/views/products- 9/13/2024, 8:59:55 AM
info: GET en /api/views/products- 9/13/2024, 8:59:55 AM
info: GET en /api/views/products- 9/13/2024, 8:59:55 AM
info: GET en /js/products.js- 9/13/2024, 8:59:55 AM
info: GET en /js/products.js- 9/13/2024, 8:59:55 AM
info: GET en /js/cart.js- 9/13/2024, 8:59:55 AM
info: GET en /js/cart.js- 9/13/2024, 8:59:55 AM
info: GET en /favicon.ico- 9/13/2024, 8:59:56 AM
info: GET en /favicon.ico- 9/13/2024, 8:59:56 AM
info: GET en /api/users/- 9/13/2024, 9:00:05 AM
info: GET en /api/users/- 9/13/2024, 9:00:05 AM
info: GET en /api/views/products- 9/13/2024, 9:02:46 AM
info: GET en /api/views/products- 9/13/2024, 9:02:46 AM
info: GET en /favicon.ico- 9/13/2024, 9:02:46 AM
info: GET en /favicon.ico- 9/13/2024, 9:02:46 AM
info: GET en /api/sessions/logout- 9/13/2024, 9:02:49 AM
info: GET en /api/sessions/logout- 9/13/2024, 9:02:49 AM
info: GET en /- 9/13/2024, 9:02:49 AM
info: GET en /- 9/13/2024, 9:02:49 AM
info: GET en /js/login.js- 9/13/2024, 9:02:49 AM
info: GET en /js/login.js- 9/13/2024, 9:02:49 AM
info: POST en /api/sessions/login- 9/13/2024, 9:03:09 AM
info: POST en /api/sessions/login- 9/13/2024, 9:03:09 AM
info: Inicio sesion correctamente, usuario email : admin@gmail.com
info: Inicio sesion correctamente, usuario email : admin@gmail.com
info: GET en /api/views/admin- 9/13/2024, 9:03:10 AM
info: GET en /api/views/admin- 9/13/2024, 9:03:10 AM
info: GET en /api/views/admin- 9/13/2024, 9:03:10 AM
info: GET en /api/views/admin- 9/13/2024, 9:03:10 AM
info: GET en /favicon.ico- 9/13/2024, 9:03:10 AM
info: GET en /favicon.ico- 9/13/2024, 9:03:10 AM
info: GET en /api/users/- 9/13/2024, 9:03:28 AM
info: GET en /api/users/- 9/13/2024, 9:03:28 AM
info: GET en /- 9/14/2024, 9:40:27 AM
info: GET en /- 9/14/2024, 9:40:27 AM
info: GET en /js/login.js- 9/14/2024, 9:40:27 AM
info: GET en /js/login.js- 9/14/2024, 9:40:27 AM
info: GET en /favicon.ico- 9/14/2024, 9:40:27 AM
info: GET en /favicon.ico- 9/14/2024, 9:40:27 AM
info: POST en /api/sessions/login- 9/14/2024, 9:40:53 AM
info: POST en /api/sessions/login- 9/14/2024, 9:40:53 AM
info: Inicio sesion correctamente, usuario email : admin@gmail.com
info: Inicio sesion correctamente, usuario email : admin@gmail.com
info: GET en /api/views/admin- 9/14/2024, 9:40:53 AM
info: GET en /api/views/admin- 9/14/2024, 9:40:53 AM
info: GET en /api/views/admin- 9/14/2024, 9:40:54 AM
info: GET en /api/views/admin- 9/14/2024, 9:40:54 AM
info: GET en /api/users/- 9/14/2024, 9:41:02 AM
info: GET en /api/users/- 9/14/2024, 9:41:02 AM
info: GET en /api/users/- 9/14/2024, 11:06:30 AM
info: GET en /api/users/- 9/14/2024, 11:06:30 AM
info: GET en /api/users/- 9/14/2024, 11:07:06 AM
info: GET en /api/users/- 9/14/2024, 11:07:06 AM
info: GET en /api/users/- 9/14/2024, 11:19:45 AM
info: GET en /api/users/- 9/14/2024, 11:19:45 AM
info: GET en /api/users/deleteUsers- 9/14/2024, 11:54:06 AM
info: GET en /api/users/deleteUsers- 9/14/2024, 11:54:06 AM
info: GET en /api/users/deleteUsers- 9/14/2024, 11:55:08 AM
info: GET en /api/users/deleteUsers- 9/14/2024, 11:55:08 AM
info: GET en /api/users/deleteUsers- 9/14/2024, 12:02:09 PM
info: GET en /api/users/deleteUsers- 9/14/2024, 12:02:09 PM
info: GET en /api/users/deleteUsers- 9/14/2024, 12:02:11 PM
info: GET en /api/users/deleteUsers- 9/14/2024, 12:02:11 PM
info: GET en /api/users/deleteUsers- 9/14/2024, 12:02:12 PM
info: GET en /api/users/deleteUsers- 9/14/2024, 12:02:12 PM
info: GET en /api/users/deleteUsers- 9/14/2024, 12:02:23 PM
info: GET en /api/users/deleteUsers- 9/14/2024, 12:02:23 PM
info: GET en /api/users/deleteUsers- 9/14/2024, 12:02:29 PM
info: GET en /api/users/deleteUsers- 9/14/2024, 12:02:29 PM
info: GET en /- 9/14/2024, 12:04:23 PM
info: GET en /- 9/14/2024, 12:04:23 PM
info: GET en /api/views/admin- 9/14/2024, 12:04:23 PM
info: GET en /api/views/admin- 9/14/2024, 12:04:23 PM
info: GET en /api/views/admin- 9/14/2024, 12:04:23 PM
info: GET en /api/views/admin- 9/14/2024, 12:04:23 PM
info: GET en /favicon.ico- 9/14/2024, 12:04:23 PM
info: GET en /favicon.ico- 9/14/2024, 12:04:23 PM
info: GET en /api/sessions/logout- 9/14/2024, 12:04:46 PM
info: GET en /api/sessions/logout- 9/14/2024, 12:04:46 PM
info: GET en /- 9/14/2024, 12:04:46 PM
info: GET en /- 9/14/2024, 12:04:46 PM
info: GET en /js/login.js- 9/14/2024, 12:04:46 PM
info: GET en /js/login.js- 9/14/2024, 12:04:46 PM
info: GET en /favicon.ico- 9/14/2024, 12:04:46 PM
info: GET en /favicon.ico- 9/14/2024, 12:04:46 PM
info: POST en /api/sessions/login- 9/14/2024, 12:04:57 PM
info: POST en /api/sessions/login- 9/14/2024, 12:04:57 PM
warning: Ingreso un email no valido
warning: Ingreso un email no valido
error: undefined {"cause":"Credenciales invalidas","code":2,"name":"Error al iniciar sesion"}
error: undefined {"cause":"Credenciales invalidas","code":2,"name":"Error al iniciar sesion"}
info: POST en /api/sessions/login- 9/14/2024, 12:05:43 PM
info: POST en /api/sessions/login- 9/14/2024, 12:05:43 PM
warning: Ingreso email valido,password incorrecto
warning: Ingreso email valido,password incorrecto
info: POST en /api/sessions/login- 9/14/2024, 12:05:48 PM
info: POST en /api/sessions/login- 9/14/2024, 12:05:48 PM
warning: Ingreso email valido,password incorrecto
warning: Ingreso email valido,password incorrecto
info: POST en /api/sessions/login- 9/14/2024, 12:06:10 PM
info: POST en /api/sessions/login- 9/14/2024, 12:06:10 PM
warning: Ingreso email valido,password incorrecto
warning: Ingreso email valido,password incorrecto
info: POST en /api/sessions/login- 9/14/2024, 12:06:15 PM
info: POST en /api/sessions/login- 9/14/2024, 12:06:15 PM
warning: Ingreso email valido,password incorrecto
warning: Ingreso email valido,password incorrecto
info: POST en /api/sessions/login- 9/14/2024, 12:06:19 PM
info: POST en /api/sessions/login- 9/14/2024, 12:06:19 PM
warning: Ingreso email valido,password incorrecto
warning: Ingreso email valido,password incorrecto
info: POST en /api/sessions/login- 9/14/2024, 12:06:50 PM
info: POST en /api/sessions/login- 9/14/2024, 12:06:50 PM
info: Inicio sesion correctamente, usuario email : 1234s56ss@gmail.com
info: Inicio sesion correctamente, usuario email : 1234s56ss@gmail.com
info: GET en /api/views/products- 9/14/2024, 12:06:50 PM
info: GET en /api/views/products- 9/14/2024, 12:06:50 PM
info: GET en /api/views/products- 9/14/2024, 12:06:50 PM
info: GET en /api/views/products- 9/14/2024, 12:06:50 PM
info: GET en /js/products.js- 9/14/2024, 12:06:50 PM
info: GET en /js/products.js- 9/14/2024, 12:06:50 PM
info: GET en /js/cart.js- 9/14/2024, 12:06:50 PM
info: GET en /js/cart.js- 9/14/2024, 12:06:50 PM
info: GET en /favicon.ico- 9/14/2024, 12:06:50 PM
info: GET en /favicon.ico- 9/14/2024, 12:06:50 PM
info: GET en /api/sessions/logout- 9/14/2024, 12:07:19 PM
info: GET en /api/sessions/logout- 9/14/2024, 12:07:19 PM
info: GET en /- 9/14/2024, 12:07:19 PM
info: GET en /- 9/14/2024, 12:07:19 PM
info: GET en /js/login.js- 9/14/2024, 12:07:19 PM
info: GET en /js/login.js- 9/14/2024, 12:07:19 PM
info: GET en /favicon.ico- 9/14/2024, 12:07:19 PM
info: GET en /favicon.ico- 9/14/2024, 12:07:19 PM
info: POST en /api/sessions/login- 9/14/2024, 12:07:52 PM
info: POST en /api/sessions/login- 9/14/2024, 12:07:52 PM
info: Inicio sesion correctamente, usuario email : 1234sasd56ss@gmail.com
info: Inicio sesion correctamente, usuario email : 1234sasd56ss@gmail.com
info: GET en /api/views/products- 9/14/2024, 12:07:52 PM
info: GET en /api/views/products- 9/14/2024, 12:07:52 PM
info: GET en /api/views/products- 9/14/2024, 12:07:53 PM
info: GET en /api/views/products- 9/14/2024, 12:07:53 PM
info: GET en /js/products.js- 9/14/2024, 12:07:53 PM
info: GET en /js/products.js- 9/14/2024, 12:07:53 PM
info: GET en /js/cart.js- 9/14/2024, 12:07:53 PM
info: GET en /js/cart.js- 9/14/2024, 12:07:53 PM
info: GET en /favicon.ico- 9/14/2024, 12:07:53 PM
info: GET en /favicon.ico- 9/14/2024, 12:07:53 PM
info: GET en /api/sessions/logout- 9/14/2024, 12:10:42 PM
info: GET en /api/sessions/logout- 9/14/2024, 12:10:42 PM
info: GET en /- 9/14/2024, 12:10:42 PM
info: GET en /- 9/14/2024, 12:10:42 PM
info: GET en /js/login.js- 9/14/2024, 12:10:42 PM
info: GET en /js/login.js- 9/14/2024, 12:10:42 PM
info: GET en /favicon.ico- 9/14/2024, 12:10:42 PM
info: GET en /favicon.ico- 9/14/2024, 12:10:42 PM
info: GET en /api/sessions/register- 9/14/2024, 12:30:31 PM
info: GET en /api/sessions/register- 9/14/2024, 12:30:31 PM
info: GET en /js/register.js- 9/14/2024, 12:30:31 PM
info: GET en /js/register.js- 9/14/2024, 12:30:31 PM
info: GET en /favicon.ico- 9/14/2024, 12:30:31 PM
info: GET en /favicon.ico- 9/14/2024, 12:30:31 PM
info: POST en /api/sessions/register- 9/14/2024, 12:30:49 PM
info: POST en /api/sessions/register- 9/14/2024, 12:30:49 PM
info: GET en /api/views/products- 9/14/2024, 12:30:51 PM
info: GET en /api/views/products- 9/14/2024, 12:30:51 PM
info: GET en /api/views/products- 9/14/2024, 12:30:51 PM
info: GET en /api/views/products- 9/14/2024, 12:30:51 PM
info: GET en /js/products.js- 9/14/2024, 12:30:51 PM
info: GET en /js/products.js- 9/14/2024, 12:30:51 PM
info: GET en /js/cart.js- 9/14/2024, 12:30:51 PM
info: GET en /js/cart.js- 9/14/2024, 12:30:51 PM
info: GET en /favicon.ico- 9/14/2024, 12:30:52 PM
info: GET en /favicon.ico- 9/14/2024, 12:30:52 PM
info: GET en /api/sessions/logout- 9/14/2024, 12:31:06 PM
info: GET en /api/sessions/logout- 9/14/2024, 12:31:06 PM
info: GET en /- 9/14/2024, 12:31:06 PM
info: GET en /- 9/14/2024, 12:31:06 PM
info: GET en /js/login.js- 9/14/2024, 12:31:06 PM
info: GET en /js/login.js- 9/14/2024, 12:31:06 PM
info: GET en /favicon.ico- 9/14/2024, 12:31:06 PM
info: GET en /favicon.ico- 9/14/2024, 12:31:06 PM
info: GET en /api/sessions/register- 9/14/2024, 12:31:09 PM
info: GET en /api/sessions/register- 9/14/2024, 12:31:09 PM
info: GET en /js/register.js- 9/14/2024, 12:31:09 PM
info: GET en /js/register.js- 9/14/2024, 12:31:09 PM
info: GET en /favicon.ico- 9/14/2024, 12:31:09 PM
info: GET en /favicon.ico- 9/14/2024, 12:31:09 PM
info: POST en /api/sessions/register- 9/14/2024, 12:31:26 PM
info: POST en /api/sessions/register- 9/14/2024, 12:31:26 PM
info: GET en /api/views/products- 9/14/2024, 12:31:27 PM
info: GET en /api/views/products- 9/14/2024, 12:31:27 PM
info: GET en /api/views/products- 9/14/2024, 12:31:28 PM
info: GET en /api/views/products- 9/14/2024, 12:31:28 PM
info: GET en /js/products.js- 9/14/2024, 12:31:28 PM
info: GET en /js/products.js- 9/14/2024, 12:31:28 PM
info: GET en /js/cart.js- 9/14/2024, 12:31:28 PM
info: GET en /js/cart.js- 9/14/2024, 12:31:28 PM
info: GET en /favicon.ico- 9/14/2024, 12:31:28 PM
info: GET en /favicon.ico- 9/14/2024, 12:31:28 PM
info: GET en /api/views/products- 9/14/2024, 12:32:48 PM
info: GET en /api/views/products- 9/14/2024, 12:32:48 PM
info: GET en /api/views/products- 9/14/2024, 12:32:49 PM
info: GET en /api/views/products- 9/14/2024, 12:32:49 PM
info: GET en /js/products.js- 9/14/2024, 12:32:49 PM
info: GET en /js/products.js- 9/14/2024, 12:32:49 PM
info: GET en /js/cart.js- 9/14/2024, 12:32:49 PM
info: GET en /js/cart.js- 9/14/2024, 12:32:49 PM
info: GET en /favicon.ico- 9/14/2024, 12:32:49 PM
info: GET en /favicon.ico- 9/14/2024, 12:32:49 PM
info: GET en /api/sessions/logout- 9/14/2024, 12:32:53 PM
info: GET en /api/sessions/logout- 9/14/2024, 12:32:53 PM
info: GET en /- 9/14/2024, 12:32:53 PM
info: GET en /- 9/14/2024, 12:32:53 PM
info: GET en /js/login.js- 9/14/2024, 12:32:53 PM
info: GET en /js/login.js- 9/14/2024, 12:32:53 PM
info: GET en /favicon.ico- 9/14/2024, 12:32:53 PM
info: GET en /favicon.ico- 9/14/2024, 12:32:53 PM
info: POST en /api/sessions/login- 9/14/2024, 12:33:00 PM
info: POST en /api/sessions/login- 9/14/2024, 12:33:00 PM
info: Inicio sesion correctamente, usuario email : admin@gmail.com
info: Inicio sesion correctamente, usuario email : admin@gmail.com
info: GET en /api/views/admin- 9/14/2024, 12:33:00 PM
info: GET en /api/views/admin- 9/14/2024, 12:33:00 PM
info: GET en /api/views/admin- 9/14/2024, 12:33:01 PM
info: GET en /api/views/admin- 9/14/2024, 12:33:01 PM
info: GET en /api/sessions/admin/users- 9/14/2024, 12:33:09 PM
info: GET en /api/sessions/admin/users- 9/14/2024, 12:33:09 PM
info: GET en /api/users/deleteUsers- 9/14/2024, 12:33:27 PM
info: GET en /api/users/deleteUsers- 9/14/2024, 12:33:27 PM
info: GET en /api/sessions/logout- 9/14/2024, 12:36:09 PM
info: GET en /api/sessions/logout- 9/14/2024, 12:36:09 PM
info: GET en /- 9/14/2024, 12:36:09 PM
info: GET en /- 9/14/2024, 12:36:09 PM
info: GET en /js/login.js- 9/14/2024, 12:36:09 PM
info: GET en /js/login.js- 9/14/2024, 12:36:09 PM
info: GET en /api/sessions/register- 9/14/2024, 12:36:16 PM
info: GET en /api/sessions/register- 9/14/2024, 12:36:16 PM
info: GET en /js/register.js- 9/14/2024, 12:36:16 PM
info: GET en /js/register.js- 9/14/2024, 12:36:16 PM
info: GET en /favicon.ico- 9/14/2024, 12:36:16 PM
info: GET en /favicon.ico- 9/14/2024, 12:36:16 PM
info: POST en /api/sessions/register- 9/14/2024, 12:36:41 PM
info: POST en /api/sessions/register- 9/14/2024, 12:36:41 PM
info: GET en /api/views/products- 9/14/2024, 12:36:43 PM
info: GET en /api/views/products- 9/14/2024, 12:36:43 PM
info: GET en /api/views/products- 9/14/2024, 12:36:43 PM
info: GET en /api/views/products- 9/14/2024, 12:36:43 PM
info: GET en /js/products.js- 9/14/2024, 12:36:43 PM
info: GET en /js/products.js- 9/14/2024, 12:36:43 PM
info: GET en /js/cart.js- 9/14/2024, 12:36:43 PM
info: GET en /js/cart.js- 9/14/2024, 12:36:43 PM
info: GET en /favicon.ico- 9/14/2024, 12:36:44 PM
info: GET en /favicon.ico- 9/14/2024, 12:36:44 PM
info: GET en /api/sessions/logout- 9/14/2024, 12:36:45 PM
info: GET en /api/sessions/logout- 9/14/2024, 12:36:45 PM
info: GET en /- 9/14/2024, 12:36:45 PM
info: GET en /- 9/14/2024, 12:36:45 PM
info: GET en /js/login.js- 9/14/2024, 12:36:45 PM
info: GET en /js/login.js- 9/14/2024, 12:36:45 PM
info: GET en /api/sessions/register- 9/14/2024, 12:36:47 PM
info: GET en /api/sessions/register- 9/14/2024, 12:36:47 PM
info: GET en /js/register.js- 9/14/2024, 12:36:47 PM
info: GET en /js/register.js- 9/14/2024, 12:36:47 PM
info: POST en /api/sessions/register- 9/14/2024, 12:37:01 PM
info: POST en /api/sessions/register- 9/14/2024, 12:37:01 PM
info: GET en /api/views/products- 9/14/2024, 12:37:03 PM
info: GET en /api/views/products- 9/14/2024, 12:37:03 PM
info: GET en /api/views/products- 9/14/2024, 12:37:03 PM
info: GET en /api/views/products- 9/14/2024, 12:37:03 PM
info: GET en /js/cart.js- 9/14/2024, 12:37:03 PM
info: GET en /js/cart.js- 9/14/2024, 12:37:03 PM
info: GET en /js/products.js- 9/14/2024, 12:37:03 PM
info: GET en /js/products.js- 9/14/2024, 12:37:03 PM
info: GET en /favicon.ico- 9/14/2024, 12:37:04 PM
info: GET en /favicon.ico- 9/14/2024, 12:37:04 PM
info: GET en /api/sessions/logout- 9/14/2024, 12:37:11 PM
info: GET en /api/sessions/logout- 9/14/2024, 12:37:11 PM
info: GET en /- 9/14/2024, 12:37:11 PM
info: GET en /- 9/14/2024, 12:37:11 PM
info: GET en /js/login.js- 9/14/2024, 12:37:11 PM
info: GET en /js/login.js- 9/14/2024, 12:37:11 PM
info: GET en /favicon.ico- 9/14/2024, 12:37:11 PM
info: GET en /favicon.ico- 9/14/2024, 12:37:11 PM
info: POST en /api/sessions/login- 9/14/2024, 12:38:10 PM
info: POST en /api/sessions/login- 9/14/2024, 12:38:10 PM
info: Inicio sesion correctamente, usuario email : admin@gmail.com
info: Inicio sesion correctamente, usuario email : admin@gmail.com
info: GET en /api/views/admin- 9/14/2024, 12:38:10 PM
info: GET en /api/views/admin- 9/14/2024, 12:38:10 PM
info: GET en /api/views/admin- 9/14/2024, 12:38:10 PM
info: GET en /api/views/admin- 9/14/2024, 12:38:10 PM
info: GET en /favicon.ico- 9/14/2024, 12:38:10 PM
info: GET en /favicon.ico- 9/14/2024, 12:38:10 PM
info: GET en /api/users/deleteUsers- 9/14/2024, 12:38:18 PM
info: GET en /api/users/deleteUsers- 9/14/2024, 12:38:18 PM
info: GET en /favicon.ico- 9/14/2024, 12:38:23 PM
info: GET en /favicon.ico- 9/14/2024, 12:38:23 PM
info: GET en /api/sessions/logout- 9/14/2024, 12:41:22 PM
info: GET en /api/sessions/logout- 9/14/2024, 12:41:22 PM
info: GET en /- 9/14/2024, 12:41:22 PM
info: GET en /- 9/14/2024, 12:41:22 PM
info: GET en /js/login.js- 9/14/2024, 12:41:22 PM
info: GET en /js/login.js- 9/14/2024, 12:41:22 PM
info: GET en /favicon.ico- 9/14/2024, 12:41:22 PM
info: GET en /favicon.ico- 9/14/2024, 12:41:22 PM
info: GET en /api/sessions/register- 9/14/2024, 12:41:27 PM
info: GET en /api/sessions/register- 9/14/2024, 12:41:27 PM
info: GET en /js/register.js- 9/14/2024, 12:41:27 PM
info: GET en /js/register.js- 9/14/2024, 12:41:27 PM
info: POST en /api/sessions/register- 9/14/2024, 12:41:44 PM
info: POST en /api/sessions/register- 9/14/2024, 12:41:44 PM
info: GET en /api/views/products- 9/14/2024, 12:41:46 PM
info: GET en /api/views/products- 9/14/2024, 12:41:46 PM
info: GET en /api/views/products- 9/14/2024, 12:41:46 PM
info: GET en /api/views/products- 9/14/2024, 12:41:46 PM
info: GET en /js/products.js- 9/14/2024, 12:41:46 PM
info: GET en /js/products.js- 9/14/2024, 12:41:46 PM
info: GET en /js/cart.js- 9/14/2024, 12:41:46 PM
info: GET en /js/cart.js- 9/14/2024, 12:41:46 PM
info: GET en /favicon.ico- 9/14/2024, 12:41:46 PM
info: GET en /favicon.ico- 9/14/2024, 12:41:46 PM
info: GET en /api/sessions/logout- 9/14/2024, 12:41:49 PM
info: GET en /api/sessions/logout- 9/14/2024, 12:41:49 PM
info: GET en /- 9/14/2024, 12:41:49 PM
info: GET en /- 9/14/2024, 12:41:49 PM
info: GET en /js/login.js- 9/14/2024, 12:41:50 PM
info: GET en /js/login.js- 9/14/2024, 12:41:50 PM
info: GET en /api/sessions/register- 9/14/2024, 12:41:58 PM
info: GET en /api/sessions/register- 9/14/2024, 12:41:58 PM
info: GET en /js/register.js- 9/14/2024, 12:41:58 PM
info: GET en /js/register.js- 9/14/2024, 12:41:58 PM
info: GET en /favicon.ico- 9/14/2024, 12:41:58 PM
info: GET en /favicon.ico- 9/14/2024, 12:41:58 PM
info: POST en /api/sessions/register- 9/14/2024, 12:42:10 PM
info: POST en /api/sessions/register- 9/14/2024, 12:42:10 PM
info: GET en /api/views/products- 9/14/2024, 12:42:12 PM
info: GET en /api/views/products- 9/14/2024, 12:42:12 PM
info: GET en /api/views/products- 9/14/2024, 12:42:12 PM
info: GET en /api/views/products- 9/14/2024, 12:42:12 PM
info: GET en /js/products.js- 9/14/2024, 12:42:12 PM
info: GET en /js/products.js- 9/14/2024, 12:42:12 PM
info: GET en /js/cart.js- 9/14/2024, 12:42:12 PM
info: GET en /js/cart.js- 9/14/2024, 12:42:12 PM
info: GET en /favicon.ico- 9/14/2024, 12:42:13 PM
info: GET en /favicon.ico- 9/14/2024, 12:42:13 PM
info: GET en /api/sessions/logout- 9/14/2024, 12:42:14 PM
info: GET en /api/sessions/logout- 9/14/2024, 12:42:14 PM
info: GET en /- 9/14/2024, 12:42:14 PM
info: GET en /- 9/14/2024, 12:42:14 PM
info: GET en /js/login.js- 9/14/2024, 12:42:14 PM
info: GET en /js/login.js- 9/14/2024, 12:42:14 PM
info: POST en /api/sessions/login- 9/14/2024, 12:42:56 PM
info: POST en /api/sessions/login- 9/14/2024, 12:42:56 PM
info: Inicio sesion correctamente, usuario email : admin@gmail.com
info: Inicio sesion correctamente, usuario email : admin@gmail.com
info: GET en /api/views/admin- 9/14/2024, 12:42:57 PM
info: GET en /api/views/admin- 9/14/2024, 12:42:57 PM
info: GET en /api/views/admin- 9/14/2024, 12:42:57 PM
info: GET en /api/views/admin- 9/14/2024, 12:42:57 PM
info: GET en /favicon.ico- 9/14/2024, 12:42:57 PM
info: GET en /favicon.ico- 9/14/2024, 12:42:57 PM
info: GET en /api/users/deleteUsers- 9/14/2024, 12:43:06 PM
info: GET en /api/users/deleteUsers- 9/14/2024, 12:43:06 PM
info: GET en /api/users/deleteUsers- 9/14/2024, 12:45:33 PM
info: GET en /api/users/deleteUsers- 9/14/2024, 12:45:33 PM
info: GET en /api/users/deleteUsers- 9/14/2024, 12:50:57 PM
info: GET en /api/users/deleteUsers- 9/14/2024, 12:50:57 PM
info: GET en /api/users/deleteUsers- 9/14/2024, 12:51:26 PM
info: GET en /api/users/deleteUsers- 9/14/2024, 12:51:26 PM
info: GET en /api/sessions/logout- 9/14/2024, 12:53:09 PM
info: GET en /api/sessions/logout- 9/14/2024, 12:53:09 PM
info: GET en /- 9/14/2024, 12:53:09 PM
info: GET en /- 9/14/2024, 12:53:09 PM
info: GET en /js/login.js- 9/14/2024, 12:53:09 PM
info: GET en /js/login.js- 9/14/2024, 12:53:09 PM
info: GET en /api/sessions/register- 9/14/2024, 12:53:11 PM
info: GET en /api/sessions/register- 9/14/2024, 12:53:11 PM
info: GET en /js/register.js- 9/14/2024, 12:53:12 PM
info: GET en /js/register.js- 9/14/2024, 12:53:12 PM
info: GET en /favicon.ico- 9/14/2024, 12:53:12 PM
info: GET en /favicon.ico- 9/14/2024, 12:53:12 PM
info: POST en /api/sessions/register- 9/14/2024, 12:53:20 PM
info: POST en /api/sessions/register- 9/14/2024, 12:53:20 PM
info: GET en /api/views/products- 9/14/2024, 12:53:22 PM
info: GET en /api/views/products- 9/14/2024, 12:53:22 PM
info: GET en /api/views/products- 9/14/2024, 12:53:23 PM
info: GET en /api/views/products- 9/14/2024, 12:53:23 PM
info: GET en /js/products.js- 9/14/2024, 12:53:23 PM
info: GET en /js/products.js- 9/14/2024, 12:53:23 PM
info: GET en /js/cart.js- 9/14/2024, 12:53:23 PM
info: GET en /js/cart.js- 9/14/2024, 12:53:23 PM
info: GET en /favicon.ico- 9/14/2024, 12:53:23 PM
info: GET en /favicon.ico- 9/14/2024, 12:53:23 PM
info: GET en /api/sessions/logout- 9/14/2024, 12:54:38 PM
info: GET en /api/sessions/logout- 9/14/2024, 12:54:38 PM
info: GET en /- 9/14/2024, 12:54:38 PM
info: GET en /- 9/14/2024, 12:54:38 PM
info: GET en /js/login.js- 9/14/2024, 12:54:38 PM
info: GET en /js/login.js- 9/14/2024, 12:54:38 PM
info: GET en /favicon.ico- 9/14/2024, 12:54:38 PM
info: GET en /favicon.ico- 9/14/2024, 12:54:38 PM
info: GET en /api/sessions/register- 9/14/2024, 12:54:44 PM
info: GET en /api/sessions/register- 9/14/2024, 12:54:44 PM
info: GET en /js/register.js- 9/14/2024, 12:54:44 PM
info: GET en /js/register.js- 9/14/2024, 12:54:44 PM
info: GET en /favicon.ico- 9/14/2024, 12:54:44 PM
info: GET en /favicon.ico- 9/14/2024, 12:54:44 PM
info: POST en /api/sessions/register- 9/14/2024, 12:54:55 PM
info: POST en /api/sessions/register- 9/14/2024, 12:54:55 PM
info: GET en /api/views/products- 9/14/2024, 12:54:56 PM
info: GET en /api/views/products- 9/14/2024, 12:54:56 PM
info: GET en /api/views/products- 9/14/2024, 12:54:57 PM
info: GET en /api/views/products- 9/14/2024, 12:54:57 PM
info: GET en /js/products.js- 9/14/2024, 12:54:57 PM
info: GET en /js/products.js- 9/14/2024, 12:54:57 PM
info: GET en /js/cart.js- 9/14/2024, 12:54:57 PM
info: GET en /js/cart.js- 9/14/2024, 12:54:57 PM
info: GET en /favicon.ico- 9/14/2024, 12:54:57 PM
info: GET en /favicon.ico- 9/14/2024, 12:54:57 PM
info: GET en /api/sessions/logout- 9/14/2024, 12:56:05 PM
info: GET en /api/sessions/logout- 9/14/2024, 12:56:05 PM
info: GET en /- 9/14/2024, 12:56:05 PM
info: GET en /- 9/14/2024, 12:56:05 PM
info: GET en /js/login.js- 9/14/2024, 12:56:05 PM
info: GET en /js/login.js- 9/14/2024, 12:56:05 PM
info: GET en /favicon.ico- 9/14/2024, 12:56:05 PM
info: GET en /favicon.ico- 9/14/2024, 12:56:05 PM
info: GET en /api/sessions/login- 9/14/2024, 12:56:07 PM
info: GET en /api/sessions/login- 9/14/2024, 12:56:07 PM
info: GET en /js/login.js- 9/14/2024, 12:56:07 PM
info: GET en /js/login.js- 9/14/2024, 12:56:07 PM
info: GET en /favicon.ico- 9/14/2024, 12:56:07 PM
info: GET en /favicon.ico- 9/14/2024, 12:56:07 PM
info: GET en /api/sessions/register- 9/14/2024, 12:56:08 PM
info: GET en /api/sessions/register- 9/14/2024, 12:56:08 PM
info: GET en /js/register.js- 9/14/2024, 12:56:08 PM
info: GET en /js/register.js- 9/14/2024, 12:56:08 PM
info: POST en /api/sessions/register- 9/14/2024, 12:56:19 PM
info: POST en /api/sessions/register- 9/14/2024, 12:56:19 PM
info: GET en /api/views/products- 9/14/2024, 12:56:21 PM
info: GET en /api/views/products- 9/14/2024, 12:56:21 PM
info: GET en /api/views/products- 9/14/2024, 12:56:21 PM
info: GET en /api/views/products- 9/14/2024, 12:56:21 PM
info: GET en /js/products.js- 9/14/2024, 12:56:21 PM
info: GET en /js/products.js- 9/14/2024, 12:56:21 PM
info: GET en /js/cart.js- 9/14/2024, 12:56:21 PM
info: GET en /js/cart.js- 9/14/2024, 12:56:21 PM
info: GET en /favicon.ico- 9/14/2024, 12:56:21 PM
info: GET en /favicon.ico- 9/14/2024, 12:56:21 PM
info: GET en /api/sessions/logout- 9/14/2024, 12:57:00 PM
info: GET en /api/sessions/logout- 9/14/2024, 12:57:00 PM
info: GET en /- 9/14/2024, 12:57:00 PM
info: GET en /- 9/14/2024, 12:57:00 PM
info: GET en /js/login.js- 9/14/2024, 12:57:00 PM
info: GET en /js/login.js- 9/14/2024, 12:57:00 PM
info: GET en /favicon.ico- 9/14/2024, 12:57:00 PM
info: GET en /favicon.ico- 9/14/2024, 12:57:00 PM
info: POST en /api/sessions/login- 9/14/2024, 12:57:22 PM
info: POST en /api/sessions/login- 9/14/2024, 12:57:22 PM
info: Inicio sesion correctamente, usuario email : registrarse@gmail.com
info: Inicio sesion correctamente, usuario email : registrarse@gmail.com
info: GET en /api/views/products- 9/14/2024, 12:57:22 PM
info: GET en /api/views/products- 9/14/2024, 12:57:22 PM
info: GET en /api/views/products- 9/14/2024, 12:57:22 PM
info: GET en /api/views/products- 9/14/2024, 12:57:22 PM
info: GET en /js/products.js- 9/14/2024, 12:57:22 PM
info: GET en /js/products.js- 9/14/2024, 12:57:22 PM
info: GET en /js/cart.js- 9/14/2024, 12:57:22 PM
info: GET en /js/cart.js- 9/14/2024, 12:57:22 PM
info: GET en /favicon.ico- 9/14/2024, 12:57:23 PM
info: GET en /favicon.ico- 9/14/2024, 12:57:23 PM
info: GET en /api/sessions/logout- 9/14/2024, 1:01:14 PM
info: GET en /api/sessions/logout- 9/14/2024, 1:01:14 PM
info: GET en /- 9/14/2024, 1:01:15 PM
info: GET en /- 9/14/2024, 1:01:15 PM
info: GET en /js/login.js- 9/14/2024, 1:01:15 PM
info: GET en /js/login.js- 9/14/2024, 1:01:15 PM
info: GET en /favicon.ico- 9/14/2024, 1:01:15 PM
info: GET en /favicon.ico- 9/14/2024, 1:01:15 PM
info: POST en /api/sessions/login- 9/14/2024, 1:01:22 PM
info: POST en /api/sessions/login- 9/14/2024, 1:01:22 PM
info: Inicio sesion correctamente, usuario email : registrarse@gmail.com
info: Inicio sesion correctamente, usuario email : registrarse@gmail.com
info: GET en /api/views/products- 9/14/2024, 1:01:22 PM
info: GET en /api/views/products- 9/14/2024, 1:01:22 PM
info: GET en /api/views/products- 9/14/2024, 1:01:22 PM
info: GET en /api/views/products- 9/14/2024, 1:01:22 PM
info: GET en /js/products.js- 9/14/2024, 1:01:22 PM
info: GET en /js/products.js- 9/14/2024, 1:01:22 PM
info: GET en /js/cart.js- 9/14/2024, 1:01:22 PM
info: GET en /js/cart.js- 9/14/2024, 1:01:22 PM
info: GET en /api/sessions/logout- 9/14/2024, 1:02:28 PM
info: GET en /api/sessions/logout- 9/14/2024, 1:02:28 PM
info: GET en /- 9/14/2024, 1:02:28 PM
info: GET en /- 9/14/2024, 1:02:28 PM
info: GET en /js/login.js- 9/14/2024, 1:02:28 PM
info: GET en /js/login.js- 9/14/2024, 1:02:28 PM
info: GET en /favicon.ico- 9/14/2024, 1:02:28 PM
info: GET en /favicon.ico- 9/14/2024, 1:02:28 PM
info: POST en /api/sessions/login- 9/14/2024, 1:03:19 PM
info: POST en /api/sessions/login- 9/14/2024, 1:03:19 PM
info: Inicio sesion correctamente, usuario email : registrarse@gmail.com
info: Inicio sesion correctamente, usuario email : registrarse@gmail.com
info: GET en /api/views/products- 9/14/2024, 1:03:19 PM
info: GET en /api/views/products- 9/14/2024, 1:03:19 PM
info: GET en /api/views/products- 9/14/2024, 1:03:20 PM
info: GET en /api/views/products- 9/14/2024, 1:03:20 PM
info: GET en /js/products.js- 9/14/2024, 1:03:20 PM
info: GET en /js/products.js- 9/14/2024, 1:03:20 PM
info: GET en /js/cart.js- 9/14/2024, 1:03:20 PM
info: GET en /js/cart.js- 9/14/2024, 1:03:20 PM
info: GET en /favicon.ico- 9/14/2024, 1:03:20 PM
info: GET en /favicon.ico- 9/14/2024, 1:03:20 PM
info: GET en /api/sessions/logout- 9/14/2024, 1:03:48 PM
info: GET en /api/sessions/logout- 9/14/2024, 1:03:48 PM
info: GET en /- 9/14/2024, 1:03:48 PM
info: GET en /- 9/14/2024, 1:03:48 PM
info: GET en /js/login.js- 9/14/2024, 1:03:48 PM
info: GET en /js/login.js- 9/14/2024, 1:03:48 PM
info: GET en /favicon.ico- 9/14/2024, 1:03:48 PM
info: GET en /favicon.ico- 9/14/2024, 1:03:48 PM
info: POST en /api/sessions/login- 9/14/2024, 1:04:01 PM
info: POST en /api/sessions/login- 9/14/2024, 1:04:01 PM
info: Inicio sesion correctamente, usuario email : admin@gmail.com
info: Inicio sesion correctamente, usuario email : admin@gmail.com
info: GET en /api/views/admin- 9/14/2024, 1:04:01 PM
info: GET en /api/views/admin- 9/14/2024, 1:04:01 PM
info: GET en /api/views/admin- 9/14/2024, 1:04:01 PM
info: GET en /api/views/admin- 9/14/2024, 1:04:01 PM
info: GET en /favicon.ico- 9/14/2024, 1:04:01 PM
info: GET en /favicon.ico- 9/14/2024, 1:04:01 PM
info: GET en /api/users/deleteUsers- 9/14/2024, 1:04:10 PM
info: GET en /api/users/deleteUsers- 9/14/2024, 1:04:10 PM
info: GET en /api/users/deleteUsers- 9/14/2024, 1:12:00 PM
info: GET en /api/users/deleteUsers- 9/14/2024, 1:12:00 PM
info: GET en /api/views/products- 9/14/2024, 2:03:02 PM
info: GET en /api/views/products- 9/14/2024, 2:03:02 PM
info: GET en /api/views/products- 9/14/2024, 2:03:02 PM
info: GET en /api/views/products- 9/14/2024, 2:03:02 PM
info: GET en /js/products.js- 9/14/2024, 2:03:02 PM
info: GET en /js/products.js- 9/14/2024, 2:03:02 PM
info: GET en /js/cart.js- 9/14/2024, 2:03:02 PM
info: GET en /js/cart.js- 9/14/2024, 2:03:02 PM
info: GET en /api/views/products- 9/14/2024, 2:03:17 PM
info: GET en /api/views/products- 9/14/2024, 2:03:17 PM
info: GET en /api/sessions/user- 9/14/2024, 2:03:29 PM
info: GET en /api/sessions/user- 9/14/2024, 2:03:29 PM
info: GET en /favicon.ico- 9/14/2024, 2:03:35 PM
info: GET en /favicon.ico- 9/14/2024, 2:03:35 PM
info: GET en /api/views/editPerfil- 9/14/2024, 2:03:36 PM
info: GET en /api/views/editPerfil- 9/14/2024, 2:03:36 PM
info: GET en /api/users/premium/66e5ac4ec28c85b8525846a8- 9/14/2024, 2:03:59 PM
info: GET en /api/users/premium/66e5ac4ec28c85b8525846a8- 9/14/2024, 2:03:59 PM
info: GET en /- 9/14/2024, 2:04:02 PM
info: GET en /- 9/14/2024, 2:04:02 PM
info: GET en /api/views/admin- 9/14/2024, 2:04:02 PM
info: GET en /api/views/admin- 9/14/2024, 2:04:02 PM
info: GET en /api/views/admin- 9/14/2024, 2:04:03 PM
info: GET en /api/views/admin- 9/14/2024, 2:04:03 PM
info: GET en /api/sessions/admin/users- 9/14/2024, 2:04:06 PM
info: GET en /api/sessions/admin/users- 9/14/2024, 2:04:06 PM
info: GET en /api/views/admin- 9/14/2024, 3:00:22 PM
info: GET en /api/views/admin- 9/14/2024, 3:00:22 PM
info: GET en /api/views/admin- 9/14/2024, 3:00:22 PM
info: GET en /api/views/admin- 9/14/2024, 3:00:22 PM
info: GET en /api/views/users- 9/14/2024, 3:00:23 PM
info: GET en /api/views/users- 9/14/2024, 3:00:23 PM
info: GET en /api/views/users- 9/14/2024, 3:01:29 PM
info: GET en /api/views/users- 9/14/2024, 3:01:29 PM
info: GET en /api/views/users- 9/14/2024, 3:01:30 PM
info: GET en /api/views/users- 9/14/2024, 3:01:30 PM
info: GET en /api/views/users- 9/14/2024, 3:01:54 PM
info: GET en /api/views/users- 9/14/2024, 3:01:54 PM
info: GET en /api/views/users- 9/14/2024, 3:01:55 PM
info: GET en /api/views/users- 9/14/2024, 3:01:55 PM
info: GET en /api/views/users- 9/14/2024, 3:02:00 PM
info: GET en /api/views/users- 9/14/2024, 3:02:00 PM
info: GET en /api/views/users- 9/14/2024, 3:13:26 PM
info: GET en /api/views/users- 9/14/2024, 3:13:26 PM
info: GET en /api/views/users- 9/14/2024, 3:14:37 PM
info: GET en /api/views/users- 9/14/2024, 3:14:37 PM
info: GET en /api/views/users- 9/14/2024, 3:14:48 PM
info: GET en /api/views/users- 9/14/2024, 3:14:48 PM
info: GET en /api/views/users- 9/14/2024, 3:14:48 PM
info: GET en /api/views/users- 9/14/2024, 3:14:48 PM
info: GET en /api/views/users- 9/14/2024, 3:16:09 PM
info: GET en /api/views/users- 9/14/2024, 3:16:09 PM
info: GET en /api/views/users- 9/14/2024, 3:16:45 PM
info: GET en /api/views/users- 9/14/2024, 3:16:45 PM
info: GET en /api/views/users- 9/14/2024, 3:17:44 PM
info: GET en /api/views/users- 9/14/2024, 3:17:44 PM
info: GET en /api/views/users- 9/14/2024, 3:18:04 PM
info: GET en /api/views/users- 9/14/2024, 3:18:04 PM
info: GET en /api/views/users- 9/14/2024, 3:18:09 PM
info: GET en /api/views/users- 9/14/2024, 3:18:09 PM
info: GET en /api/views/users- 9/14/2024, 3:18:26 PM
info: GET en /api/views/users- 9/14/2024, 3:18:26 PM
info: GET en /api/views/users- 9/14/2024, 3:27:59 PM
info: GET en /api/views/users- 9/14/2024, 3:27:59 PM
info: GET en /api/views/users- 9/14/2024, 3:31:47 PM
info: GET en /api/views/users- 9/14/2024, 3:31:47 PM
info: GET en /api/views/users- 9/14/2024, 3:37:44 PM
info: GET en /api/views/users- 9/14/2024, 3:37:44 PM
info: GET en /api/views/users- 9/14/2024, 3:41:27 PM
info: GET en /api/views/users- 9/14/2024, 3:41:27 PM
info: GET en /api/views/users- 9/14/2024, 3:44:47 PM
info: GET en /api/views/users- 9/14/2024, 3:44:47 PM
info: GET en /api/views/users- 9/14/2024, 3:45:04 PM
info: GET en /api/views/users- 9/14/2024, 3:45:04 PM
info: GET en /api/views/users- 9/14/2024, 3:48:07 PM
info: GET en /api/views/users- 9/14/2024, 3:48:07 PM
info: GET en /api/views/users- 9/14/2024, 3:48:08 PM
info: GET en /api/views/users- 9/14/2024, 3:48:08 PM
info: GET en /api/views/users- 9/14/2024, 3:48:09 PM
info: GET en /api/views/users- 9/14/2024, 3:48:09 PM
info: GET en /api/views/users- 9/14/2024, 3:48:22 PM
info: GET en /api/views/users- 9/14/2024, 3:48:22 PM
info: GET en /api/views/users- 9/14/2024, 3:48:23 PM
info: GET en /api/views/users- 9/14/2024, 3:48:23 PM
info: GET en /api/views/users- 9/14/2024, 3:49:49 PM
info: GET en /api/views/users- 9/14/2024, 3:49:49 PM
info: GET en /api/views/users- 9/14/2024, 4:00:09 PM
info: GET en /api/views/users- 9/14/2024, 4:00:09 PM
info: DELETE en /api/users/deleteUsers- 9/14/2024, 4:00:13 PM
info: DELETE en /api/users/deleteUsers- 9/14/2024, 4:00:13 PM
info: GET en /api/views/users- 9/14/2024, 4:00:19 PM
info: GET en /api/views/users- 9/14/2024, 4:00:19 PM
info: GET en /api/sessions/logout- 9/14/2024, 4:00:26 PM
info: GET en /api/sessions/logout- 9/14/2024, 4:00:26 PM
info: GET en /- 9/14/2024, 4:00:26 PM
info: GET en /- 9/14/2024, 4:00:26 PM
info: GET en /js/login.js- 9/14/2024, 4:00:27 PM
info: GET en /js/login.js- 9/14/2024, 4:00:27 PM
info: GET en /- 9/14/2024, 9:29:11 PM
info: GET en /- 9/14/2024, 9:29:11 PM
info: GET en /js/login.js- 9/14/2024, 9:29:11 PM
info: GET en /js/login.js- 9/14/2024, 9:29:11 PM
info: GET en /favicon.ico- 9/14/2024, 9:29:12 PM
info: GET en /favicon.ico- 9/14/2024, 9:29:12 PM
info: GET en /api/sessions/register- 9/14/2024, 9:29:15 PM
info: GET en /api/sessions/register- 9/14/2024, 9:29:15 PM
info: GET en /js/register.js- 9/14/2024, 9:29:15 PM
info: GET en /js/register.js- 9/14/2024, 9:29:15 PM
info: POST en /api/sessions/register- 9/14/2024, 9:29:40 PM
info: POST en /api/sessions/register- 9/14/2024, 9:29:40 PM
info: GET en /api/views/products- 9/14/2024, 9:29:42 PM
info: GET en /api/views/products- 9/14/2024, 9:29:42 PM
info: GET en /api/views/products- 9/14/2024, 9:29:42 PM
info: GET en /api/views/products- 9/14/2024, 9:29:42 PM
info: GET en /js/products.js- 9/14/2024, 9:29:42 PM
info: GET en /js/products.js- 9/14/2024, 9:29:42 PM
info: GET en /js/cart.js- 9/14/2024, 9:29:42 PM
info: GET en /js/cart.js- 9/14/2024, 9:29:42 PM
info: GET en /favicon.ico- 9/14/2024, 9:29:42 PM
info: GET en /favicon.ico- 9/14/2024, 9:29:42 PM
info: GET en /api/sessions/logout- 9/14/2024, 9:29:44 PM
info: GET en /api/sessions/logout- 9/14/2024, 9:29:44 PM
info: GET en /- 9/14/2024, 9:29:44 PM
info: GET en /- 9/14/2024, 9:29:44 PM
info: GET en /js/login.js- 9/14/2024, 9:29:44 PM
info: GET en /js/login.js- 9/14/2024, 9:29:44 PM
info: POST en /api/sessions/login- 9/14/2024, 9:30:29 PM
info: POST en /api/sessions/login- 9/14/2024, 9:30:29 PM
info: Inicio sesion correctamente, usuario email : gonzaloismaelcasimiro@gmail.com
info: Inicio sesion correctamente, usuario email : gonzaloismaelcasimiro@gmail.com
info: GET en /api/views/products- 9/14/2024, 9:30:29 PM
info: GET en /api/views/products- 9/14/2024, 9:30:29 PM
info: GET en /api/views/products- 9/14/2024, 9:30:29 PM
info: GET en /api/views/products- 9/14/2024, 9:30:29 PM
info: GET en /js/cart.js- 9/14/2024, 9:30:29 PM
info: GET en /js/cart.js- 9/14/2024, 9:30:29 PM
info: GET en /js/products.js- 9/14/2024, 9:30:29 PM
info: GET en /js/products.js- 9/14/2024, 9:30:29 PM
info: GET en /favicon.ico- 9/14/2024, 9:30:30 PM
info: GET en /favicon.ico- 9/14/2024, 9:30:30 PM
info: GET en /api/users/premium/66e62a745e4689c339010698- 9/14/2024, 9:30:38 PM
info: GET en /api/users/premium/66e62a745e4689c339010698- 9/14/2024, 9:30:38 PM
info: GET en /api/views/admin/products- 9/14/2024, 9:30:40 PM
info: GET en /api/views/admin/products- 9/14/2024, 9:30:40 PM
info: GET en /js/admin/adminProducts.js- 9/14/2024, 9:30:40 PM
info: GET en /js/admin/adminProducts.js- 9/14/2024, 9:30:40 PM
info: POST en /api/views/products- 9/14/2024, 9:33:05 PM
info: POST en /api/views/products- 9/14/2024, 9:33:05 PM
info: GET en /api/views/products- 9/14/2024, 10:00:43 PM
info: GET en /api/views/products- 9/14/2024, 10:00:43 PM
info: GET en /api/views/products- 9/14/2024, 10:00:43 PM
info: GET en /api/views/products- 9/14/2024, 10:00:43 PM
info: GET en /js/products.js- 9/14/2024, 10:00:43 PM
info: GET en /js/products.js- 9/14/2024, 10:00:43 PM
info: GET en /js/cart.js- 9/14/2024, 10:00:43 PM
info: GET en /js/cart.js- 9/14/2024, 10:00:43 PM
info: GET en /favicon.ico- 9/14/2024, 10:00:44 PM
info: GET en /favicon.ico- 9/14/2024, 10:00:44 PM
info: GET en /api/sessions/logout- 9/14/2024, 10:00:45 PM
info: GET en /api/sessions/logout- 9/14/2024, 10:00:45 PM
info: GET en /- 9/14/2024, 10:00:45 PM
info: GET en /- 9/14/2024, 10:00:45 PM
info: GET en /js/login.js- 9/14/2024, 10:00:46 PM
info: GET en /js/login.js- 9/14/2024, 10:00:46 PM
info: POST en /api/sessions/login- 9/14/2024, 10:00:54 PM
info: POST en /api/sessions/login- 9/14/2024, 10:00:54 PM
info: Inicio sesion correctamente, usuario email : admin@gmail.com
info: Inicio sesion correctamente, usuario email : admin@gmail.com
info: GET en /api/views/admin- 9/14/2024, 10:00:54 PM
info: GET en /api/views/admin- 9/14/2024, 10:00:54 PM
info: GET en /api/views/admin- 9/14/2024, 10:00:54 PM
info: GET en /api/views/admin- 9/14/2024, 10:00:54 PM
info: GET en /favicon.ico- 9/14/2024, 10:00:54 PM
info: GET en /favicon.ico- 9/14/2024, 10:00:54 PM
info: GET en /api/views/admin/products- 9/14/2024, 10:00:56 PM
info: GET en /api/views/admin/products- 9/14/2024, 10:00:56 PM
info: GET en /js/admin/adminProducts.js- 9/14/2024, 10:00:56 PM
info: GET en /js/admin/adminProducts.js- 9/14/2024, 10:00:56 PM
info: GET en /favicon.ico- 9/14/2024, 10:00:56 PM
info: GET en /favicon.ico- 9/14/2024, 10:00:56 PM
info: DELETE en /products- 9/14/2024, 10:01:23 PM
info: DELETE en /products- 9/14/2024, 10:01:23 PM
info: No ha ingresado un id valido
info: No ha ingresado un id valido
info: DELETE en /products- 9/14/2024, 10:01:30 PM
info: DELETE en /products- 9/14/2024, 10:01:30 PM
info: No ha ingresado un id valido
info: No ha ingresado un id valido
info: DELETE en /products- 9/14/2024, 10:01:54 PM
info: DELETE en /products- 9/14/2024, 10:01:54 PM
info: DELETE en /products- 9/14/2024, 10:01:59 PM
info: DELETE en /products- 9/14/2024, 10:01:59 PM
info: DELETE en /products- 9/14/2024, 10:03:20 PM
info: DELETE en /products- 9/14/2024, 10:03:20 PM
info: DELETE en /products- 9/14/2024, 10:03:42 PM
info: DELETE en /products- 9/14/2024, 10:03:42 PM
info: DELETE en /products- 9/14/2024, 10:04:38 PM
info: DELETE en /products- 9/14/2024, 10:04:38 PM
info: DELETE en /products- 9/14/2024, 10:05:14 PM
info: DELETE en /products- 9/14/2024, 10:05:14 PM
info: DELETE en /products- 9/14/2024, 10:12:06 PM
info: DELETE en /products- 9/14/2024, 10:12:06 PM
info: No es propietario del producto que intenta eliminar
info: No es propietario del producto que intenta eliminar
info: GET en /api/sessions/logout- 9/14/2024, 10:13:01 PM
info: GET en /api/sessions/logout- 9/14/2024, 10:13:01 PM
info: GET en /- 9/14/2024, 10:13:01 PM
info: GET en /- 9/14/2024, 10:13:01 PM
info: GET en /js/login.js- 9/14/2024, 10:13:01 PM
info: GET en /js/login.js- 9/14/2024, 10:13:01 PM
info: GET en /favicon.ico- 9/14/2024, 10:13:02 PM
info: GET en /favicon.ico- 9/14/2024, 10:13:02 PM
info: POST en /api/sessions/login- 9/14/2024, 10:13:31 PM
info: POST en /api/sessions/login- 9/14/2024, 10:13:31 PM
info: Inicio sesion correctamente, usuario email : gonzaloismaelcasimiro@gmail.com
info: Inicio sesion correctamente, usuario email : gonzaloismaelcasimiro@gmail.com
info: GET en /api/views/products- 9/14/2024, 10:13:31 PM
info: GET en /api/views/products- 9/14/2024, 10:13:31 PM
info: GET en /api/views/products- 9/14/2024, 10:13:31 PM
info: GET en /api/views/products- 9/14/2024, 10:13:31 PM
info: GET en /js/products.js- 9/14/2024, 10:13:31 PM
info: GET en /js/products.js- 9/14/2024, 10:13:31 PM
info: GET en /js/cart.js- 9/14/2024, 10:13:31 PM
info: GET en /js/cart.js- 9/14/2024, 10:13:31 PM
info: GET en /api/views/products- 9/14/2024, 10:13:32 PM
info: GET en /api/views/products- 9/14/2024, 10:13:32 PM
info: GET en /favicon.ico- 9/14/2024, 10:13:32 PM
info: GET en /favicon.ico- 9/14/2024, 10:13:32 PM
info: GET en /api/users/premium/66e62a745e4689c339010698- 9/14/2024, 10:13:34 PM
info: GET en /api/users/premium/66e62a745e4689c339010698- 9/14/2024, 10:13:34 PM
info: GET en /api/views/admin/products- 9/14/2024, 10:13:35 PM
info: GET en /api/views/admin/products- 9/14/2024, 10:13:35 PM
info: GET en /api/views/admin/products- 9/14/2024, 10:13:35 PM
info: GET en /api/views/admin/products- 9/14/2024, 10:13:35 PM
info: GET en /js/admin/adminProducts.js- 9/14/2024, 10:13:35 PM
info: GET en /js/admin/adminProducts.js- 9/14/2024, 10:13:35 PM
info: GET en /favicon.ico- 9/14/2024, 10:13:36 PM
info: GET en /favicon.ico- 9/14/2024, 10:13:36 PM
info: DELETE en /products- 9/14/2024, 10:13:54 PM
info: DELETE en /products- 9/14/2024, 10:13:54 PM
info: Producto eliminado {"$__":{"activePaths":{"paths":{"__v":"init","_id":"init","category":"init","code":"init","description":"init","owner":"init","price":"init","stock":"init","thumbnail":"init","title":"init"},"states":{"default":{},"init":{"__v":true,"_id":true,"category":true,"code":true,"description":true,"owner":true,"price":true,"stock":true,"thumbnail":true,"title":true},"require":{}}},"skipId":true},"$isNew":false,"_doc":{"__v":0,"_id":"66e62b415e4689c3390106a9","category":"samsung","code":"123CCCC","description":"Alfombra Gamer ultra resistente","owner":"gonzaloismaelcasimiro@gmail.com","price":99,"stock":5,"thumbnail":"#","title":"Alfombra Gamer"}}
info: Producto eliminado {"$__":{"activePaths":{"paths":{"__v":"init","_id":"init","category":"init","code":"init","description":"init","owner":"init","price":"init","stock":"init","thumbnail":"init","title":"init"},"states":{"default":{},"init":{"__v":true,"_id":true,"category":true,"code":true,"description":true,"owner":true,"price":true,"stock":true,"thumbnail":true,"title":true},"require":{}}},"skipId":true},"$isNew":false,"_doc":{"__v":0,"_id":"66e62b415e4689c3390106a9","category":"samsung","code":"123CCCC","description":"Alfombra Gamer ultra resistente","owner":"gonzaloismaelcasimiro@gmail.com","price":99,"stock":5,"thumbnail":"#","title":"Alfombra Gamer"}}
info: DELETE en /products- 9/14/2024, 10:14:36 PM
info: DELETE en /products- 9/14/2024, 10:14:36 PM
info: DELETE en /products- 9/14/2024, 10:14:42 PM
info: DELETE en /products- 9/14/2024, 10:14:42 PM
info: DELETE en /products- 9/14/2024, 10:16:44 PM
info: DELETE en /products- 9/14/2024, 10:16:44 PM
info: DELETE en /products- 9/14/2024, 10:17:13 PM
info: DELETE en /products- 9/14/2024, 10:17:13 PM
info: DELETE en /products- 9/14/2024, 10:18:46 PM
info: DELETE en /products- 9/14/2024, 10:18:46 PM
info: DELETE en /products- 9/14/2024, 10:18:48 PM
info: DELETE en /products- 9/14/2024, 10:18:48 PM
info: DELETE en /products- 9/14/2024, 10:19:23 PM
info: DELETE en /products- 9/14/2024, 10:19:23 PM
info: DELETE en /products- 9/14/2024, 10:20:31 PM
info: DELETE en /products- 9/14/2024, 10:20:31 PM
info: DELETE en /products- 9/14/2024, 10:29:45 PM
info: DELETE en /products- 9/14/2024, 10:29:45 PM
info: DELETE en /products- 9/14/2024, 10:30:10 PM
info: DELETE en /products- 9/14/2024, 10:30:10 PM
info: POST en /api/views/products- 9/14/2024, 10:31:24 PM
info: POST en /api/views/products- 9/14/2024, 10:31:24 PM
info: DELETE en /products- 9/14/2024, 10:32:28 PM
info: DELETE en /products- 9/14/2024, 10:32:28 PM
info: Producto eliminado {"$__":{"activePaths":{"paths":{"__v":"init","_id":"init","category":"init","code":"init","description":"init","owner":"init","price":"init","stock":"init","thumbnail":"init","title":"init"},"states":{"default":{},"init":{"__v":true,"_id":true,"category":true,"code":true,"description":true,"owner":true,"price":true,"stock":true,"thumbnail":true,"title":true},"require":{}}},"skipId":true},"$isNew":false,"_doc":{"__v":0,"_id":"66e638ecaa25ccb2e60e65d4","category":"samsung","code":"444ABCD","description":"akjsfhsajkfh123","owner":"gonzaloismaelcasimiro@gmail.com","price":22,"stock":22,"thumbnail":"#","title":"asdasd"}}
info: Producto eliminado {"$__":{"activePaths":{"paths":{"__v":"init","_id":"init","category":"init","code":"init","description":"init","owner":"init","price":"init","stock":"init","thumbnail":"init","title":"init"},"states":{"default":{},"init":{"__v":true,"_id":true,"category":true,"code":true,"description":true,"owner":true,"price":true,"stock":true,"thumbnail":true,"title":true},"require":{}}},"skipId":true},"$isNew":false,"_doc":{"__v":0,"_id":"66e638ecaa25ccb2e60e65d4","category":"samsung","code":"444ABCD","description":"akjsfhsajkfh123","owner":"gonzaloismaelcasimiro@gmail.com","price":22,"stock":22,"thumbnail":"#","title":"asdasd"}}
info: DELETE en /products- 9/14/2024, 10:34:27 PM
info: DELETE en /products- 9/14/2024, 10:34:27 PM
info: DELETE en /products- 9/14/2024, 10:34:50 PM
info: DELETE en /products- 9/14/2024, 10:34:50 PM
info: DELETE en /products- 9/14/2024, 10:36:21 PM
info: DELETE en /products- 9/14/2024, 10:36:21 PM
info: POST en /api/views/products- 9/14/2024, 10:40:06 PM
info: POST en /api/views/products- 9/14/2024, 10:40:06 PM
info: DELETE en /products- 9/14/2024, 10:41:49 PM
info: DELETE en /products- 9/14/2024, 10:41:49 PM
info: DELETE en /products- 9/14/2024, 10:43:23 PM
info: DELETE en /products- 9/14/2024, 10:43:23 PM
info: DELETE en /products- 9/14/2024, 10:43:26 PM
info: DELETE en /products- 9/14/2024, 10:43:26 PM
info: DELETE en /products- 9/14/2024, 10:43:26 PM
info: DELETE en /products- 9/14/2024, 10:43:26 PM
info: DELETE en /products- 9/14/2024, 10:44:22 PM
info: DELETE en /products- 9/14/2024, 10:44:22 PM
info: DELETE en /products- 9/14/2024, 10:45:12 PM
info: DELETE en /products- 9/14/2024, 10:45:12 PM
info: Producto eliminado
info: Producto eliminado
info: DELETE en /products- 9/14/2024, 10:45:16 PM
info: DELETE en /products- 9/14/2024, 10:45:16 PM
info: Producto eliminado
info: Producto eliminado
info: DELETE en /products- 9/14/2024, 10:46:33 PM
info: DELETE en /products- 9/14/2024, 10:46:33 PM
info: DELETE en /products- 9/14/2024, 10:46:37 PM
info: DELETE en /products- 9/14/2024, 10:46:37 PM
info: DELETE en /products- 9/14/2024, 10:46:53 PM
info: DELETE en /products- 9/14/2024, 10:46:53 PM
info: DELETE en /products- 9/14/2024, 10:46:55 PM
info: DELETE en /products- 9/14/2024, 10:46:55 PM
info: DELETE en /products- 9/14/2024, 10:47:14 PM
info: DELETE en /products- 9/14/2024, 10:47:14 PM
info: Producto eliminado
info: Producto eliminado
info: GET en /api/views/admin/products- 9/14/2024, 10:48:29 PM
info: GET en /api/views/admin/products- 9/14/2024, 10:48:29 PM
info: GET en /js/admin/adminProducts.js- 9/14/2024, 10:48:29 PM
info: GET en /js/admin/adminProducts.js- 9/14/2024, 10:48:29 PM
info: GET en /api/views/admin/products- 9/14/2024, 10:48:30 PM
info: GET en /api/views/admin/products- 9/14/2024, 10:48:30 PM
info: GET en /favicon.ico- 9/14/2024, 10:48:30 PM
info: GET en /favicon.ico- 9/14/2024, 10:48:30 PM
info: DELETE en /products- 9/14/2024, 10:48:35 PM
info: DELETE en /products- 9/14/2024, 10:48:35 PM
info: Producto eliminado {"$__":{"activePaths":{"paths":{"__v":"init","_id":"init","category":"init","code":"init","description":"init","owner":"init","price":"init","stock":"init","thumbnail":"init","title":"init"},"states":{"default":{},"init":{"__v":true,"_id":true,"category":true,"code":true,"description":true,"owner":true,"price":true,"stock":true,"thumbnail":true,"title":true},"require":{}}},"skipId":true},"$isNew":false,"_doc":{"__v":0,"_id":"66e63af6ac03aeeaaa179309","category":"samsung","code":"444ABCD","description":"akjsfhsajkfh123","owner":"gonzaloismaelcasimiro@gmail.com","price":22,"stock":22,"thumbnail":"#","title":"asdasd"}}
info: Producto eliminado {"$__":{"activePaths":{"paths":{"__v":"init","_id":"init","category":"init","code":"init","description":"init","owner":"init","price":"init","stock":"init","thumbnail":"init","title":"init"},"states":{"default":{},"init":{"__v":true,"_id":true,"category":true,"code":true,"description":true,"owner":true,"price":true,"stock":true,"thumbnail":true,"title":true},"require":{}}},"skipId":true},"$isNew":false,"_doc":{"__v":0,"_id":"66e63af6ac03aeeaaa179309","category":"samsung","code":"444ABCD","description":"akjsfhsajkfh123","owner":"gonzaloismaelcasimiro@gmail.com","price":22,"stock":22,"thumbnail":"#","title":"asdasd"}}
info: GET en /api/views/products- 9/14/2024, 10:48:56 PM
info: GET en /api/views/products- 9/14/2024, 10:48:56 PM
info: GET en /api/views/products- 9/14/2024, 10:48:57 PM
info: GET en /api/views/products- 9/14/2024, 10:48:57 PM
info: GET en /js/products.js- 9/14/2024, 10:48:57 PM
info: GET en /js/products.js- 9/14/2024, 10:48:57 PM
info: GET en /js/cart.js- 9/14/2024, 10:48:57 PM
info: GET en /js/cart.js- 9/14/2024, 10:48:57 PM
info: GET en /api/views/products- 9/14/2024, 10:48:58 PM
info: GET en /api/views/products- 9/14/2024, 10:48:58 PM
info: GET en /favicon.ico- 9/14/2024, 10:48:59 PM
info: GET en /favicon.ico- 9/14/2024, 10:48:59 PM
info: GET en /api/sessions/logout- 9/14/2024, 10:49:03 PM
info: GET en /api/sessions/logout- 9/14/2024, 10:49:03 PM
info: GET en /- 9/14/2024, 10:49:03 PM
info: GET en /- 9/14/2024, 10:49:03 PM
info: GET en /js/login.js- 9/14/2024, 10:49:03 PM
info: GET en /js/login.js- 9/14/2024, 10:49:03 PM
info: GET en /favicon.ico- 9/14/2024, 10:49:03 PM
info: GET en /favicon.ico- 9/14/2024, 10:49:03 PM
info: GET en /- 9/15/2024, 4:50:41 PM
info: GET en /- 9/15/2024, 4:50:41 PM
info: GET en /js/login.js- 9/15/2024, 4:50:41 PM
info: GET en /js/login.js- 9/15/2024, 4:50:41 PM
info: GET en /favicon.ico- 9/15/2024, 4:50:41 PM
info: GET en /favicon.ico- 9/15/2024, 4:50:41 PM
info: GET en /api/sessions/register- 9/15/2024, 4:50:59 PM
info: GET en /api/sessions/register- 9/15/2024, 4:50:59 PM
info: GET en /js/register.js- 9/15/2024, 4:50:59 PM
info: GET en /js/register.js- 9/15/2024, 4:50:59 PM
info: POST en /api/sessions/register- 9/15/2024, 4:51:13 PM
info: POST en /api/sessions/register- 9/15/2024, 4:51:13 PM
info: GET en /api/views/products- 9/15/2024, 4:51:14 PM
info: GET en /api/views/products- 9/15/2024, 4:51:14 PM
info: GET en /api/views/products- 9/15/2024, 4:51:15 PM
info: GET en /api/views/products- 9/15/2024, 4:51:15 PM
info: GET en /js/products.js- 9/15/2024, 4:51:15 PM
info: GET en /js/products.js- 9/15/2024, 4:51:15 PM
info: GET en /js/cart.js- 9/15/2024, 4:51:15 PM
info: GET en /js/cart.js- 9/15/2024, 4:51:15 PM
info: POST en /api/carts/66e73ab1d93f567edbd95f4e/product/664b0207bda9e82892bdbcae- 9/15/2024, 4:51:21 PM
info: POST en /api/carts/66e73ab1d93f567edbd95f4e/product/664b0207bda9e82892bdbcae- 9/15/2024, 4:51:21 PM
info: POST en /api/carts/66e73ab1d93f567edbd95f4e/product/664b0292bda9e82892bdbcd4- 9/15/2024, 4:51:23 PM
info: POST en /api/carts/66e73ab1d93f567edbd95f4e/product/664b0292bda9e82892bdbcd4- 9/15/2024, 4:51:23 PM
info: POST en /api/carts/66e73ab1d93f567edbd95f4e/product/664b0220bda9e82892bdbcb8- 9/15/2024, 4:51:25 PM
info: POST en /api/carts/66e73ab1d93f567edbd95f4e/product/664b0220bda9e82892bdbcb8- 9/15/2024, 4:51:25 PM
info: POST en /api/carts/66e73ab1d93f567edbd95f4e/product/664b0207bda9e82892bdbcaf- 9/15/2024, 4:51:28 PM
info: POST en /api/carts/66e73ab1d93f567edbd95f4e/product/664b0207bda9e82892bdbcaf- 9/15/2024, 4:51:28 PM
info: GET en /api/views/purchase- 9/15/2024, 4:51:32 PM
info: GET en /api/views/purchase- 9/15/2024, 4:51:32 PM
info: GET en /js/ticket.js- 9/15/2024, 4:51:33 PM
info: GET en /js/ticket.js- 9/15/2024, 4:51:33 PM
info: POST en /api/carts/purchase- 9/15/2024, 4:59:43 PM
info: POST en /api/carts/purchase- 9/15/2024, 4:59:43 PM
info: GET en /- 9/15/2024, 4:59:47 PM
info: GET en /- 9/15/2024, 4:59:47 PM
info: GET en /api/views/products- 9/15/2024, 4:59:47 PM
info: GET en /api/views/products- 9/15/2024, 4:59:47 PM
info: GET en /api/views/products- 9/15/2024, 4:59:47 PM
info: GET en /api/views/products- 9/15/2024, 4:59:47 PM
info: GET en /js/products.js- 9/15/2024, 4:59:47 PM
info: GET en /js/products.js- 9/15/2024, 4:59:47 PM
info: GET en /js/cart.js- 9/15/2024, 4:59:47 PM
info: GET en /js/cart.js- 9/15/2024, 4:59:47 PM
info: GET en /favicon.ico- 9/15/2024, 4:59:48 PM
info: GET en /favicon.ico- 9/15/2024, 4:59:48 PM
info: GET en /api/sessions/logout- 9/15/2024, 5:01:15 PM
info: GET en /api/sessions/logout- 9/15/2024, 5:01:15 PM
info: GET en /- 9/15/2024, 5:01:15 PM
info: GET en /- 9/15/2024, 5:01:15 PM
info: GET en /api/views/products- 9/15/2024, 5:01:16 PM
info: GET en /api/views/products- 9/15/2024, 5:01:16 PM
info: GET en /api/views/products- 9/15/2024, 5:01:16 PM
info: GET en /api/views/products- 9/15/2024, 5:01:16 PM
info: GET en /js/products.js- 9/15/2024, 5:01:16 PM
info: GET en /js/products.js- 9/15/2024, 5:01:16 PM
info: GET en /js/cart.js- 9/15/2024, 5:01:16 PM
info: GET en /js/cart.js- 9/15/2024, 5:01:16 PM
info: GET en /api/sessions/logout- 9/15/2024, 5:01:19 PM
info: GET en /api/sessions/logout- 9/15/2024, 5:01:19 PM
info: GET en /- 9/15/2024, 5:01:19 PM
info: GET en /- 9/15/2024, 5:01:19 PM
info: GET en /js/login.js- 9/15/2024, 5:01:19 PM
info: GET en /js/login.js- 9/15/2024, 5:01:19 PM
info: GET en /api/sessions/github- 9/15/2024, 5:01:21 PM
info: GET en /api/sessions/github- 9/15/2024, 5:01:21 PM
info: GET en /api/sessions/githubcallback?code=9bb12e2f70be2af6e3cf- 9/15/2024, 5:01:25 PM
info: GET en /api/sessions/githubcallback?code=9bb12e2f70be2af6e3cf- 9/15/2024, 5:01:25 PM
info: GET en /- 9/15/2024, 5:01:27 PM
info: GET en /- 9/15/2024, 5:01:27 PM
info: GET en /api/views/products- 9/15/2024, 5:01:27 PM
info: GET en /api/views/products- 9/15/2024, 5:01:27 PM
info: GET en /js/products.js- 9/15/2024, 5:01:27 PM
info: GET en /js/products.js- 9/15/2024, 5:01:27 PM
info: GET en /js/cart.js- 9/15/2024, 5:01:27 PM
info: GET en /js/cart.js- 9/15/2024, 5:01:27 PM
info: GET en /api/views/products- 9/15/2024, 5:01:27 PM
info: GET en /api/views/products- 9/15/2024, 5:01:27 PM
info: GET en /favicon.ico- 9/15/2024, 5:01:28 PM
info: GET en /favicon.ico- 9/15/2024, 5:01:28 PM
info: GET en /api/views/products- 9/15/2024, 5:01:31 PM
info: GET en /api/views/products- 9/15/2024, 5:01:31 PM
info: GET en /api/views/products- 9/15/2024, 5:01:32 PM
info: GET en /api/views/products- 9/15/2024, 5:01:32 PM
info: GET en /js/products.js- 9/15/2024, 5:01:32 PM
info: GET en /js/products.js- 9/15/2024, 5:01:32 PM
info: GET en /js/cart.js- 9/15/2024, 5:01:32 PM
info: GET en /js/cart.js- 9/15/2024, 5:01:32 PM
info: GET en /favicon.ico- 9/15/2024, 5:01:32 PM
info: GET en /favicon.ico- 9/15/2024, 5:01:32 PM
info: GET en /- 9/15/2024, 5:01:38 PM
info: GET en /- 9/15/2024, 5:01:38 PM
info: GET en /api/views/products- 9/15/2024, 5:01:38 PM
info: GET en /api/views/products- 9/15/2024, 5:01:38 PM
info: GET en /api/views/products- 9/15/2024, 5:01:38 PM
info: GET en /api/views/products- 9/15/2024, 5:01:38 PM
info: GET en /js/products.js- 9/15/2024, 5:01:39 PM
info: GET en /js/products.js- 9/15/2024, 5:01:39 PM
info: GET en /js/cart.js- 9/15/2024, 5:01:39 PM
info: GET en /js/cart.js- 9/15/2024, 5:01:39 PM
info: GET en /favicon.ico- 9/15/2024, 5:01:39 PM
info: GET en /favicon.ico- 9/15/2024, 5:01:39 PM
info: GET en /api/sessions/logout- 9/15/2024, 5:01:40 PM
info: GET en /api/sessions/logout- 9/15/2024, 5:01:40 PM
info: GET en /- 9/15/2024, 5:01:40 PM
info: GET en /- 9/15/2024, 5:01:40 PM
info: GET en /js/login.js- 9/15/2024, 5:01:40 PM
info: GET en /js/login.js- 9/15/2024, 5:01:40 PM
info: GET en /api/sessions/github- 9/15/2024, 5:01:42 PM
info: GET en /api/sessions/github- 9/15/2024, 5:01:42 PM
info: GET en /api/sessions/githubcallback?code=f6a1cc098766ac17e7d9- 9/15/2024, 5:01:42 PM
info: GET en /api/sessions/githubcallback?code=f6a1cc098766ac17e7d9- 9/15/2024, 5:01:42 PM
info: GET en /- 9/15/2024, 5:01:44 PM
info: GET en /- 9/15/2024, 5:01:44 PM
info: GET en /api/views/products- 9/15/2024, 5:01:44 PM
info: GET en /api/views/products- 9/15/2024, 5:01:44 PM
info: GET en /js/products.js- 9/15/2024, 5:01:44 PM
info: GET en /js/products.js- 9/15/2024, 5:01:44 PM
info: GET en /js/cart.js- 9/15/2024, 5:01:44 PM
info: GET en /js/cart.js- 9/15/2024, 5:01:44 PM
info: GET en /api/views/products- 9/15/2024, 5:01:44 PM
info: GET en /api/views/products- 9/15/2024, 5:01:44 PM
info: GET en /favicon.ico- 9/15/2024, 5:01:44 PM
info: GET en /favicon.ico- 9/15/2024, 5:01:44 PM
info: GET en /api/sessions/logout- 9/15/2024, 5:01:49 PM
info: GET en /api/sessions/logout- 9/15/2024, 5:01:49 PM
info: GET en /- 9/15/2024, 5:01:49 PM
info: GET en /- 9/15/2024, 5:01:49 PM
info: GET en /js/login.js- 9/15/2024, 5:01:49 PM
info: GET en /js/login.js- 9/15/2024, 5:01:49 PM
info: GET en /favicon.ico- 9/15/2024, 5:01:49 PM
info: GET en /favicon.ico- 9/15/2024, 5:01:49 PM
info: GET en /- 9/15/2024, 5:01:53 PM
info: GET en /- 9/15/2024, 5:01:53 PM
info: GET en /js/login.js- 9/15/2024, 5:01:53 PM
info: GET en /js/login.js- 9/15/2024, 5:01:53 PM
info: GET en /api/sessions/github- 9/15/2024, 5:01:54 PM
info: GET en /api/sessions/github- 9/15/2024, 5:01:54 PM
info: GET en /api/sessions/githubcallback?code=fbf15b02df7b7f628d92- 9/15/2024, 5:01:54 PM
info: GET en /api/sessions/githubcallback?code=fbf15b02df7b7f628d92- 9/15/2024, 5:01:54 PM
info: GET en /- 9/15/2024, 5:01:56 PM
info: GET en /- 9/15/2024, 5:01:56 PM
info: GET en /api/views/products- 9/15/2024, 5:01:56 PM
info: GET en /api/views/products- 9/15/2024, 5:01:56 PM
info: GET en /js/products.js- 9/15/2024, 5:01:56 PM
info: GET en /js/products.js- 9/15/2024, 5:01:56 PM
info: GET en /js/cart.js- 9/15/2024, 5:01:56 PM
info: GET en /js/cart.js- 9/15/2024, 5:01:56 PM
info: GET en /api/views/products- 9/15/2024, 5:01:56 PM
info: GET en /api/views/products- 9/15/2024, 5:01:56 PM
info: GET en /api/sessions/logout- 9/15/2024, 5:02:01 PM
info: GET en /api/sessions/logout- 9/15/2024, 5:02:01 PM
info: GET en /- 9/15/2024, 5:02:01 PM
info: GET en /- 9/15/2024, 5:02:01 PM
info: GET en /js/login.js- 9/15/2024, 5:02:01 PM
info: GET en /js/login.js- 9/15/2024, 5:02:01 PM
info: GET en /- 9/15/2024, 5:03:30 PM
info: GET en /- 9/15/2024, 5:03:30 PM
info: GET en /js/login.js- 9/15/2024, 5:03:30 PM
info: GET en /js/login.js- 9/15/2024, 5:03:30 PM
info: GET en /favicon.ico- 9/15/2024, 5:03:30 PM
info: GET en /favicon.ico- 9/15/2024, 5:03:30 PM
info: GET en /api/sessions/github- 9/15/2024, 5:03:31 PM
info: GET en /api/sessions/github- 9/15/2024, 5:03:31 PM
info: GET en /api/sessions/githubcallback?code=6d7ede265c9c68ffe115- 9/15/2024, 5:03:32 PM
info: GET en /api/sessions/githubcallback?code=6d7ede265c9c68ffe115- 9/15/2024, 5:03:32 PM
info: GET en /api/views/products- 9/15/2024, 5:03:37 PM
info: GET en /api/views/products- 9/15/2024, 5:03:37 PM
info: GET en /favicon.ico- 9/15/2024, 5:03:38 PM
info: GET en /favicon.ico- 9/15/2024, 5:03:38 PM
info: GET en /- 9/15/2024, 5:03:39 PM
info: GET en /- 9/15/2024, 5:03:39 PM
info: GET en /js/login.js- 9/15/2024, 5:03:40 PM
info: GET en /js/login.js- 9/15/2024, 5:03:40 PM
info: GET en /api/sessions/github- 9/15/2024, 5:03:41 PM
info: GET en /api/sessions/github- 9/15/2024, 5:03:41 PM
info: GET en /api/sessions/githubcallback?code=cc1a43b8312b0f9865f9- 9/15/2024, 5:03:41 PM
info: GET en /api/sessions/githubcallback?code=cc1a43b8312b0f9865f9- 9/15/2024, 5:03:41 PM
info: GET en /- 9/15/2024, 5:05:44 PM
info: GET en /- 9/15/2024, 5:05:44 PM
info: GET en /js/login.js- 9/15/2024, 5:05:44 PM
info: GET en /js/login.js- 9/15/2024, 5:05:44 PM
info: GET en /api/sessions/login- 9/15/2024, 5:05:59 PM
info: GET en /api/sessions/login- 9/15/2024, 5:05:59 PM
info: GET en /js/login.js- 9/15/2024, 5:05:59 PM
info: GET en /js/login.js- 9/15/2024, 5:05:59 PM
info: GET en /api/views/products- 9/15/2024, 5:06:37 PM
info: GET en /api/views/products- 9/15/2024, 5:06:37 PM
info: GET en /js/cart.js- 9/15/2024, 5:06:37 PM
info: GET en /js/cart.js- 9/15/2024, 5:06:37 PM
info: GET en /js/products.js- 9/15/2024, 5:06:37 PM
info: GET en /js/products.js- 9/15/2024, 5:06:37 PM
info: GET en /api/views/products- 9/15/2024, 5:06:37 PM
info: GET en /api/views/products- 9/15/2024, 5:06:37 PM
info: GET en /api/views/products- 9/15/2024, 5:06:38 PM
info: GET en /api/views/products- 9/15/2024, 5:06:38 PM
info: POST en /api/sessions/login- 9/15/2024, 5:51:16 PM
info: POST en /api/sessions/login- 9/15/2024, 5:51:16 PM
warning: Ingreso un email no valido
warning: Ingreso un email no valido
error: undefined {"cause":"Credenciales invalidas","code":2,"name":"Error al iniciar sesion"}
error: undefined {"cause":"Credenciales invalidas","code":2,"name":"Error al iniciar sesion"}
info: POST en /api/sessions/login- 9/15/2024, 5:51:22 PM
info: POST en /api/sessions/login- 9/15/2024, 5:51:22 PM
warning: Ingreso un email no valido
warning: Ingreso un email no valido
error: undefined {"cause":"Credenciales invalidas","code":2,"name":"Error al iniciar sesion"}
error: undefined {"cause":"Credenciales invalidas","code":2,"name":"Error al iniciar sesion"}
info: POST en /api/sessions/login- 9/15/2024, 5:51:29 PM
info: POST en /api/sessions/login- 9/15/2024, 5:51:29 PM
warning: Ingreso un email no valido
warning: Ingreso un email no valido
error: undefined {"cause":"Credenciales invalidas","code":2,"name":"Error al iniciar sesion"}
error: undefined {"cause":"Credenciales invalidas","code":2,"name":"Error al iniciar sesion"}
info: GET en /api/sessions/register- 9/15/2024, 5:51:59 PM
info: GET en /api/sessions/register- 9/15/2024, 5:51:59 PM
info: GET en /js/register.js- 9/15/2024, 5:51:59 PM
info: GET en /js/register.js- 9/15/2024, 5:51:59 PM
info: POST en /api/sessions/register- 9/15/2024, 5:52:26 PM
info: POST en /api/sessions/register- 9/15/2024, 5:52:26 PM
info: GET en /api/views/products- 9/15/2024, 5:52:27 PM
info: GET en /api/views/products- 9/15/2024, 5:52:27 PM
info: GET en /api/views/products- 9/15/2024, 5:52:28 PM
info: GET en /api/views/products- 9/15/2024, 5:52:28 PM
info: GET en /js/products.js- 9/15/2024, 5:52:28 PM
info: GET en /js/products.js- 9/15/2024, 5:52:28 PM
info: GET en /js/cart.js- 9/15/2024, 5:52:28 PM
info: GET en /js/cart.js- 9/15/2024, 5:52:28 PM
info: GET en /favicon.ico- 9/15/2024, 5:52:28 PM
info: GET en /favicon.ico- 9/15/2024, 5:52:28 PM
info: POST en /api/carts/66e7490ae1ddf777105d37b3/product/664b0207bda9e82892bdbcaf- 9/15/2024, 5:52:31 PM
info: POST en /api/carts/66e7490ae1ddf777105d37b3/product/664b0207bda9e82892bdbcaf- 9/15/2024, 5:52:31 PM
info: POST en /api/carts/66e7490ae1ddf777105d37b3/product/664b0220bda9e82892bdbcb8- 9/15/2024, 5:52:33 PM
info: POST en /api/carts/66e7490ae1ddf777105d37b3/product/664b0220bda9e82892bdbcb8- 9/15/2024, 5:52:33 PM
info: POST en /api/carts/66e7490ae1ddf777105d37b3/product/664b0292bda9e82892bdbcd4- 9/15/2024, 5:52:35 PM
info: POST en /api/carts/66e7490ae1ddf777105d37b3/product/664b0292bda9e82892bdbcd4- 9/15/2024, 5:52:35 PM
info: POST en /api/carts/66e7490ae1ddf777105d37b3/product/664b0207bda9e82892bdbcae- 9/15/2024, 5:52:37 PM
info: POST en /api/carts/66e7490ae1ddf777105d37b3/product/664b0207bda9e82892bdbcae- 9/15/2024, 5:52:37 PM
info: GET en /api/views/purchase- 9/15/2024, 5:52:40 PM
info: GET en /api/views/purchase- 9/15/2024, 5:52:40 PM
info: GET en /js/ticket.js- 9/15/2024, 5:52:41 PM
info: GET en /js/ticket.js- 9/15/2024, 5:52:41 PM
info: GET en /favicon.ico- 9/15/2024, 5:52:41 PM
info: GET en /favicon.ico- 9/15/2024, 5:52:41 PM
info: POST en /api/carts/purchase- 9/15/2024, 5:53:06 PM
info: POST en /api/carts/purchase- 9/15/2024, 5:53:06 PM
info: POST en /api/carts/purchase- 9/15/2024, 5:53:11 PM
info: POST en /api/carts/purchase- 9/15/2024, 5:53:11 PM
info: GET en /- 9/15/2024, 5:53:13 PM
info: GET en /- 9/15/2024, 5:53:13 PM
info: GET en /api/views/products- 9/15/2024, 5:53:13 PM
info: GET en /api/views/products- 9/15/2024, 5:53:13 PM
info: GET en /api/views/products- 9/15/2024, 5:53:13 PM
info: GET en /api/views/products- 9/15/2024, 5:53:13 PM
info: GET en /js/products.js- 9/15/2024, 5:53:13 PM
info: GET en /js/products.js- 9/15/2024, 5:53:13 PM
info: GET en /js/cart.js- 9/15/2024, 5:53:13 PM
info: GET en /js/cart.js- 9/15/2024, 5:53:13 PM
info: GET en /favicon.ico- 9/15/2024, 5:53:14 PM
info: GET en /favicon.ico- 9/15/2024, 5:53:14 PM
info: POST en /api/carts/66e7490ae1ddf777105d37b3/product/664b0292bda9e82892bdbcd4- 9/15/2024, 5:54:24 PM
info: POST en /api/carts/66e7490ae1ddf777105d37b3/product/664b0292bda9e82892bdbcd4- 9/15/2024, 5:54:24 PM
info: POST en /api/carts/66e7490ae1ddf777105d37b3/product/664b0207bda9e82892bdbcae- 9/15/2024, 5:54:26 PM
info: POST en /api/carts/66e7490ae1ddf777105d37b3/product/664b0207bda9e82892bdbcae- 9/15/2024, 5:54:26 PM
info: POST en /api/carts/66e7490ae1ddf777105d37b3/product/664b0220bda9e82892bdbcb8- 9/15/2024, 5:54:28 PM
info: POST en /api/carts/66e7490ae1ddf777105d37b3/product/664b0220bda9e82892bdbcb8- 9/15/2024, 5:54:28 PM
info: POST en /api/carts/66e7490ae1ddf777105d37b3/product/664b0207bda9e82892bdbcaf- 9/15/2024, 5:54:29 PM
info: POST en /api/carts/66e7490ae1ddf777105d37b3/product/664b0207bda9e82892bdbcaf- 9/15/2024, 5:54:29 PM
info: GET en /api/views/purchase- 9/15/2024, 5:54:33 PM
info: GET en /api/views/purchase- 9/15/2024, 5:54:33 PM
info: GET en /js/ticket.js- 9/15/2024, 5:54:34 PM
info: GET en /js/ticket.js- 9/15/2024, 5:54:34 PM
info: GET en /favicon.ico- 9/15/2024, 5:54:34 PM
info: GET en /favicon.ico- 9/15/2024, 5:54:34 PM
info: POST en /api/carts/purchase- 9/15/2024, 5:54:44 PM
info: POST en /api/carts/purchase- 9/15/2024, 5:54:44 PM
info: GET en /- 9/15/2024, 5:55:35 PM
info: GET en /- 9/15/2024, 5:55:35 PM
info: GET en /api/views/products- 9/15/2024, 5:55:35 PM
info: GET en /api/views/products- 9/15/2024, 5:55:35 PM
info: GET en /api/views/products- 9/15/2024, 5:55:36 PM
info: GET en /api/views/products- 9/15/2024, 5:55:36 PM
info: GET en /js/cart.js- 9/15/2024, 5:55:36 PM
info: GET en /js/cart.js- 9/15/2024, 5:55:36 PM
info: GET en /js/products.js- 9/15/2024, 5:55:36 PM
info: GET en /js/products.js- 9/15/2024, 5:55:36 PM
info: GET en /favicon.ico- 9/15/2024, 5:55:36 PM
info: GET en /favicon.ico- 9/15/2024, 5:55:36 PM
info: POST en /api/carts/66e7490ae1ddf777105d37b3/product/664b0220bda9e82892bdbcb8- 9/15/2024, 5:55:38 PM
info: POST en /api/carts/66e7490ae1ddf777105d37b3/product/664b0220bda9e82892bdbcb8- 9/15/2024, 5:55:38 PM
info: POST en /api/carts/66e7490ae1ddf777105d37b3/product/664b0292bda9e82892bdbcd4- 9/15/2024, 5:55:39 PM
info: POST en /api/carts/66e7490ae1ddf777105d37b3/product/664b0292bda9e82892bdbcd4- 9/15/2024, 5:55:39 PM
info: GET en /api/views/purchase- 9/15/2024, 5:55:42 PM
info: GET en /api/views/purchase- 9/15/2024, 5:55:42 PM
info: GET en /js/ticket.js- 9/15/2024, 5:55:44 PM
info: GET en /js/ticket.js- 9/15/2024, 5:55:44 PM
info: GET en /favicon.ico- 9/15/2024, 5:55:44 PM
info: GET en /favicon.ico- 9/15/2024, 5:55:44 PM
info: POST en /api/carts/purchase- 9/15/2024, 5:55:57 PM
info: POST en /api/carts/purchase- 9/15/2024, 5:55:57 PM
info: GET en /- 9/15/2024, 5:57:21 PM
info: GET en /- 9/15/2024, 5:57:21 PM
info: GET en /api/views/products- 9/15/2024, 5:57:21 PM
info: GET en /api/views/products- 9/15/2024, 5:57:21 PM
info: GET en /favicon.ico- 9/15/2024, 5:57:25 PM
info: GET en /favicon.ico- 9/15/2024, 5:57:25 PM
info: GET en /api/views/products- 9/15/2024, 5:57:28 PM
info: GET en /api/views/products- 9/15/2024, 5:57:28 PM
info: GET en /js/products.js- 9/15/2024, 5:57:29 PM
info: GET en /js/products.js- 9/15/2024, 5:57:29 PM
info: GET en /js/cart.js- 9/15/2024, 5:57:29 PM
info: GET en /js/cart.js- 9/15/2024, 5:57:29 PM
info: GET en /api/views/products- 9/15/2024, 5:57:29 PM
info: GET en /api/views/products- 9/15/2024, 5:57:29 PM
info: GET en /api/views/product/664b0220bda9e82892bdbcb8- 9/15/2024, 5:57:30 PM
info: GET en /api/views/product/664b0220bda9e82892bdbcb8- 9/15/2024, 5:57:30 PM
info: GET en /favicon.ico- 9/15/2024, 5:57:30 PM
info: GET en /favicon.ico- 9/15/2024, 5:57:30 PM
info: GET en /api/views/products- 9/15/2024, 5:57:32 PM
info: GET en /api/views/products- 9/15/2024, 5:57:32 PM
info: GET en /api/views/products- 9/15/2024, 5:57:32 PM
info: GET en /api/views/products- 9/15/2024, 5:57:32 PM
info: GET en /favicon.ico- 9/15/2024, 5:57:33 PM
info: GET en /favicon.ico- 9/15/2024, 5:57:33 PM
info: POST en /api/carts/66e7490ae1ddf777105d37b3/product/664b0220bda9e82892bdbcb8- 9/15/2024, 5:57:33 PM
info: POST en /api/carts/66e7490ae1ddf777105d37b3/product/664b0220bda9e82892bdbcb8- 9/15/2024, 5:57:33 PM
info: POST en /api/carts/66e7490ae1ddf777105d37b3/product/664b0207bda9e82892bdbcaf- 9/15/2024, 5:57:36 PM
info: POST en /api/carts/66e7490ae1ddf777105d37b3/product/664b0207bda9e82892bdbcaf- 9/15/2024, 5:57:36 PM
info: POST en /api/carts/66e7490ae1ddf777105d37b3/product/664b0292bda9e82892bdbcd4- 9/15/2024, 5:57:38 PM
info: POST en /api/carts/66e7490ae1ddf777105d37b3/product/664b0292bda9e82892bdbcd4- 9/15/2024, 5:57:38 PM
info: GET en /api/views/purchase- 9/15/2024, 5:57:41 PM
info: GET en /api/views/purchase- 9/15/2024, 5:57:41 PM
info: GET en /js/ticket.js- 9/15/2024, 5:57:43 PM
info: GET en /js/ticket.js- 9/15/2024, 5:57:43 PM
info: GET en /favicon.ico- 9/15/2024, 5:57:43 PM
info: GET en /favicon.ico- 9/15/2024, 5:57:43 PM
info: POST en /api/carts/purchase- 9/15/2024, 5:58:04 PM
info: POST en /api/carts/purchase- 9/15/2024, 5:58:04 PM
info: GET en /- 9/15/2024, 5:58:16 PM
info: GET en /- 9/15/2024, 5:58:16 PM
info: GET en /api/views/products- 9/15/2024, 5:58:16 PM
info: GET en /api/views/products- 9/15/2024, 5:58:16 PM
info: GET en /api/views/products- 9/15/2024, 5:58:16 PM
info: GET en /api/views/products- 9/15/2024, 5:58:16 PM
info: GET en /js/products.js- 9/15/2024, 5:58:16 PM
info: GET en /js/products.js- 9/15/2024, 5:58:16 PM
info: GET en /js/cart.js- 9/15/2024, 5:58:16 PM
info: GET en /js/cart.js- 9/15/2024, 5:58:16 PM
info: GET en /favicon.ico- 9/15/2024, 5:58:17 PM
info: GET en /favicon.ico- 9/15/2024, 5:58:17 PM
info: GET en /api/views/purchase- 9/15/2024, 5:58:21 PM
info: GET en /api/views/purchase- 9/15/2024, 5:58:21 PM
info: GET en /js/ticket.js- 9/15/2024, 5:58:22 PM
info: GET en /js/ticket.js- 9/15/2024, 5:58:22 PM
info: GET en /favicon.ico- 9/15/2024, 5:58:22 PM
info: GET en /favicon.ico- 9/15/2024, 5:58:22 PM
info: GET en /- 9/15/2024, 5:58:24 PM
info: GET en /- 9/15/2024, 5:58:24 PM
info: GET en /api/views/products- 9/15/2024, 5:58:24 PM
info: GET en /api/views/products- 9/15/2024, 5:58:24 PM
info: GET en /api/views/products- 9/15/2024, 5:58:25 PM
info: GET en /api/views/products- 9/15/2024, 5:58:25 PM
info: GET en /js/products.js- 9/15/2024, 5:58:25 PM
info: GET en /js/products.js- 9/15/2024, 5:58:25 PM
info: GET en /js/cart.js- 9/15/2024, 5:58:25 PM
info: GET en /js/cart.js- 9/15/2024, 5:58:25 PM
info: GET en /api/views/products- 9/15/2024, 6:00:43 PM
info: GET en /api/views/products- 9/15/2024, 6:00:43 PM
info: GET en /js/products.js- 9/15/2024, 6:00:43 PM
info: GET en /js/products.js- 9/15/2024, 6:00:43 PM
info: GET en /js/cart.js- 9/15/2024, 6:00:43 PM
info: GET en /js/cart.js- 9/15/2024, 6:00:43 PM
info: GET en /api/views/products- 9/15/2024, 6:00:43 PM
info: GET en /api/views/products- 9/15/2024, 6:00:43 PM
info: GET en /favicon.ico- 9/15/2024, 6:00:44 PM
info: GET en /favicon.ico- 9/15/2024, 6:00:44 PM
info: DELETE en /api/carts/66e7490ae1ddf777105d37b3- 9/15/2024, 6:00:49 PM
info: DELETE en /api/carts/66e7490ae1ddf777105d37b3- 9/15/2024, 6:00:49 PM
info: GET en /api/views/products- 9/15/2024, 6:00:55 PM
info: GET en /api/views/products- 9/15/2024, 6:00:55 PM
info: GET en /js/products.js- 9/15/2024, 6:00:55 PM
info: GET en /js/products.js- 9/15/2024, 6:00:55 PM
info: GET en /js/cart.js- 9/15/2024, 6:00:55 PM
info: GET en /js/cart.js- 9/15/2024, 6:00:55 PM
info: GET en /api/views/products- 9/15/2024, 6:00:55 PM
info: GET en /api/views/products- 9/15/2024, 6:00:55 PM
info: GET en /favicon.ico- 9/15/2024, 6:00:55 PM
info: GET en /favicon.ico- 9/15/2024, 6:00:55 PM
info: GET en /api/views/purchase- 9/15/2024, 6:00:58 PM
info: GET en /api/views/purchase- 9/15/2024, 6:00:58 PM
info: GET en /js/ticket.js- 9/15/2024, 6:00:59 PM
info: GET en /js/ticket.js- 9/15/2024, 6:00:59 PM
info: GET en /favicon.ico- 9/15/2024, 6:00:59 PM
info: GET en /favicon.ico- 9/15/2024, 6:00:59 PM
info: GET en /api/views/products- 9/15/2024, 6:01:01 PM
info: GET en /api/views/products- 9/15/2024, 6:01:01 PM
info: GET en /api/views/products- 9/15/2024, 6:01:01 PM
info: GET en /api/views/products- 9/15/2024, 6:01:01 PM
info: GET en /api/sessions/logout- 9/15/2024, 6:07:02 PM
info: GET en /api/sessions/logout- 9/15/2024, 6:07:02 PM
info: GET en /- 9/15/2024, 6:07:02 PM
info: GET en /- 9/15/2024, 6:07:02 PM
info: GET en /api/views/products- 9/15/2024, 6:07:02 PM
info: GET en /api/views/products- 9/15/2024, 6:07:02 PM
info: GET en /api/views/products- 9/15/2024, 6:07:03 PM
info: GET en /api/views/products- 9/15/2024, 6:07:03 PM
info: GET en /js/products.js- 9/15/2024, 6:07:03 PM
info: GET en /js/products.js- 9/15/2024, 6:07:03 PM
info: GET en /js/cart.js- 9/15/2024, 6:07:03 PM
info: GET en /js/cart.js- 9/15/2024, 6:07:03 PM
info: GET en /favicon.ico- 9/15/2024, 6:07:03 PM
info: GET en /favicon.ico- 9/15/2024, 6:07:03 PM
info: GET en /api/sessions/logout- 9/15/2024, 6:07:06 PM
info: GET en /api/sessions/logout- 9/15/2024, 6:07:06 PM
info: GET en /- 9/15/2024, 6:07:06 PM
info: GET en /- 9/15/2024, 6:07:06 PM
info: GET en /js/login.js- 9/15/2024, 6:07:06 PM
info: GET en /js/login.js- 9/15/2024, 6:07:06 PM
info: GET en /- 9/15/2024, 6:07:08 PM
info: GET en /- 9/15/2024, 6:07:08 PM
info: GET en /js/login.js- 9/15/2024, 6:07:08 PM
info: GET en /js/login.js- 9/15/2024, 6:07:08 PM
info: GET en /- 9/15/2024, 6:07:10 PM
info: GET en /- 9/15/2024, 6:07:10 PM
info: GET en /js/login.js- 9/15/2024, 6:07:10 PM
info: GET en /js/login.js- 9/15/2024, 6:07:10 PM
info: POST en /api/sessions/login- 9/15/2024, 6:07:15 PM
info: POST en /api/sessions/login- 9/15/2024, 6:07:15 PM
info: Inicio sesion correctamente, usuario email : gonzaloismaelcasimiro@gmail.com
info: Inicio sesion correctamente, usuario email : gonzaloismaelcasimiro@gmail.com
info: GET en /api/views/products- 9/15/2024, 6:07:16 PM
info: GET en /api/views/products- 9/15/2024, 6:07:16 PM
info: GET en /api/views/products- 9/15/2024, 6:07:16 PM
info: GET en /api/views/products- 9/15/2024, 6:07:16 PM
info: GET en /js/products.js- 9/15/2024, 6:07:16 PM
info: GET en /js/products.js- 9/15/2024, 6:07:16 PM
info: GET en /js/cart.js- 9/15/2024, 6:07:16 PM
info: GET en /js/cart.js- 9/15/2024, 6:07:16 PM
info: GET en /api/views/purchase- 9/15/2024, 6:07:20 PM
info: GET en /api/views/purchase- 9/15/2024, 6:07:20 PM
info: GET en /js/ticket.js- 9/15/2024, 6:07:20 PM
info: GET en /js/ticket.js- 9/15/2024, 6:07:20 PM
info: GET en /favicon.ico- 9/15/2024, 6:07:21 PM
info: GET en /favicon.ico- 9/15/2024, 6:07:21 PM
info: GET en /api/views/products- 9/15/2024, 6:07:22 PM
info: GET en /api/views/products- 9/15/2024, 6:07:22 PM
info: GET en /favicon.ico- 9/15/2024, 6:07:23 PM
info: GET en /favicon.ico- 9/15/2024, 6:07:23 PM
info: POST en /api/carts/66e7490ae1ddf777105d37b3/product/664b0292bda9e82892bdbcd4- 9/15/2024, 6:07:25 PM
info: POST en /api/carts/66e7490ae1ddf777105d37b3/product/664b0292bda9e82892bdbcd4- 9/15/2024, 6:07:25 PM
info: POST en /api/carts/66e7490ae1ddf777105d37b3/product/664b0207bda9e82892bdbcae- 9/15/2024, 6:07:28 PM
info: POST en /api/carts/66e7490ae1ddf777105d37b3/product/664b0207bda9e82892bdbcae- 9/15/2024, 6:07:28 PM
info: GET en /api/views/purchase- 9/15/2024, 6:07:32 PM
info: GET en /api/views/purchase- 9/15/2024, 6:07:32 PM
info: GET en /js/ticket.js- 9/15/2024, 6:07:33 PM
info: GET en /js/ticket.js- 9/15/2024, 6:07:33 PM
info: GET en /favicon.ico- 9/15/2024, 6:07:33 PM
info: GET en /favicon.ico- 9/15/2024, 6:07:33 PM
info: POST en /api/carts/purchase- 9/15/2024, 6:07:53 PM
info: POST en /api/carts/purchase- 9/15/2024, 6:07:53 PM
info: GET en /- 9/15/2024, 6:08:00 PM
info: GET en /- 9/15/2024, 6:08:00 PM
info: GET en /api/views/products- 9/15/2024, 6:08:00 PM
info: GET en /api/views/products- 9/15/2024, 6:08:00 PM
info: GET en /api/views/products- 9/15/2024, 6:08:00 PM
info: GET en /api/views/products- 9/15/2024, 6:08:00 PM
info: GET en /js/products.js- 9/15/2024, 6:08:00 PM
info: GET en /js/products.js- 9/15/2024, 6:08:00 PM
info: GET en /js/cart.js- 9/15/2024, 6:08:00 PM
info: GET en /js/cart.js- 9/15/2024, 6:08:00 PM
info: GET en /favicon.ico- 9/15/2024, 6:08:01 PM
info: GET en /favicon.ico- 9/15/2024, 6:08:01 PM
info: GET en /api/views/products- 9/15/2024, 6:08:04 PM
info: GET en /api/views/products- 9/15/2024, 6:08:04 PM
info: GET en /js/products.js- 9/15/2024, 6:08:05 PM
info: GET en /js/products.js- 9/15/2024, 6:08:05 PM
info: GET en /js/cart.js- 9/15/2024, 6:08:05 PM
info: GET en /js/cart.js- 9/15/2024, 6:08:05 PM
info: GET en /api/views/products- 9/15/2024, 6:08:05 PM
info: GET en /api/views/products- 9/15/2024, 6:08:05 PM
info: GET en /favicon.ico- 9/15/2024, 6:08:05 PM
info: GET en /favicon.ico- 9/15/2024, 6:08:05 PM
info: POST en /api/carts/66e7490ae1ddf777105d37b3/product/664b0220bda9e82892bdbcb8- 9/15/2024, 6:08:38 PM
info: POST en /api/carts/66e7490ae1ddf777105d37b3/product/664b0220bda9e82892bdbcb8- 9/15/2024, 6:08:38 PM
info: POST en /api/carts/66e7490ae1ddf777105d37b3/product/664b0207bda9e82892bdbcaf- 9/15/2024, 6:08:43 PM
info: POST en /api/carts/66e7490ae1ddf777105d37b3/product/664b0207bda9e82892bdbcaf- 9/15/2024, 6:08:43 PM
info: GET en /api/views/purchase- 9/15/2024, 6:08:45 PM
info: GET en /api/views/purchase- 9/15/2024, 6:08:45 PM
info: GET en /js/ticket.js- 9/15/2024, 6:08:47 PM
info: GET en /js/ticket.js- 9/15/2024, 6:08:47 PM
info: GET en /favicon.ico- 9/15/2024, 6:08:47 PM
info: GET en /favicon.ico- 9/15/2024, 6:08:47 PM
info: POST en /api/carts/purchase- 9/15/2024, 6:09:01 PM
info: POST en /api/carts/purchase- 9/15/2024, 6:09:01 PM
info: GET en /- 9/15/2024, 6:09:05 PM
info: GET en /- 9/15/2024, 6:09:05 PM
info: GET en /api/views/products- 9/15/2024, 6:09:05 PM
info: GET en /api/views/products- 9/15/2024, 6:09:05 PM
info: GET en /js/products.js- 9/15/2024, 6:09:05 PM
info: GET en /js/products.js- 9/15/2024, 6:09:05 PM
info: GET en /js/cart.js- 9/15/2024, 6:09:05 PM
info: GET en /js/cart.js- 9/15/2024, 6:09:05 PM
info: GET en /api/views/products- 9/15/2024, 6:09:05 PM
info: GET en /api/views/products- 9/15/2024, 6:09:05 PM
info: GET en /favicon.ico- 9/15/2024, 6:09:06 PM
info: GET en /favicon.ico- 9/15/2024, 6:09:06 PM
info: GET en /api/views/products- 9/15/2024, 6:11:18 PM
info: GET en /api/views/products- 9/15/2024, 6:11:18 PM
info: GET en /js/cart.js- 9/15/2024, 6:11:19 PM
info: GET en /js/cart.js- 9/15/2024, 6:11:19 PM
info: GET en /js/products.js- 9/15/2024, 6:11:19 PM
info: GET en /js/products.js- 9/15/2024, 6:11:19 PM
info: GET en /api/views/products- 9/15/2024, 6:11:19 PM
info: GET en /api/views/products- 9/15/2024, 6:11:19 PM
info: GET en /api/views/products- 9/15/2024, 6:11:22 PM
info: GET en /api/views/products- 9/15/2024, 6:11:22 PM
info: GET en /js/products.js- 9/15/2024, 6:11:22 PM
info: GET en /js/products.js- 9/15/2024, 6:11:22 PM
info: GET en /js/cart.js- 9/15/2024, 6:11:22 PM
info: GET en /js/cart.js- 9/15/2024, 6:11:22 PM
info: GET en /api/views/products- 9/15/2024, 6:11:22 PM
info: GET en /api/views/products- 9/15/2024, 6:11:22 PM
info: POST en /api/carts/66e7490ae1ddf777105d37b3/product/664b0207bda9e82892bdbcae- 9/15/2024, 6:11:25 PM
info: POST en /api/carts/66e7490ae1ddf777105d37b3/product/664b0207bda9e82892bdbcae- 9/15/2024, 6:11:25 PM
info: GET en /api/views/purchase- 9/15/2024, 6:11:28 PM
info: GET en /api/views/purchase- 9/15/2024, 6:11:28 PM
info: GET en /js/ticket.js- 9/15/2024, 6:11:29 PM
info: GET en /js/ticket.js- 9/15/2024, 6:11:29 PM
info: GET en /favicon.ico- 9/15/2024, 6:11:29 PM
info: GET en /favicon.ico- 9/15/2024, 6:11:29 PM
info: GET en /api/sessions/logout- 9/15/2024, 6:13:57 PM
info: GET en /api/sessions/logout- 9/15/2024, 6:13:57 PM
info: GET en /- 9/15/2024, 6:13:57 PM
info: GET en /- 9/15/2024, 6:13:57 PM
info: GET en /api/views/products- 9/15/2024, 6:13:57 PM
info: GET en /api/views/products- 9/15/2024, 6:13:57 PM
info: GET en /api/views/purchase- 9/15/2024, 6:14:00 PM
info: GET en /api/views/purchase- 9/15/2024, 6:14:00 PM
info: GET en /api/sessions/logout- 9/15/2024, 6:14:05 PM
info: GET en /api/sessions/logout- 9/15/2024, 6:14:05 PM
info: GET en /- 9/15/2024, 6:14:05 PM
info: GET en /- 9/15/2024, 6:14:05 PM
info: GET en /api/views/products- 9/15/2024, 6:14:05 PM
info: GET en /api/views/products- 9/15/2024, 6:14:05 PM
info: GET en /api/views/products- 9/15/2024, 6:14:09 PM
info: GET en /api/views/products- 9/15/2024, 6:14:09 PM
info: GET en /api/views/products- 9/15/2024, 6:14:26 PM
info: GET en /api/views/products- 9/15/2024, 6:14:26 PM
info: GET en /api/views/products- 9/15/2024, 6:14:43 PM
info: GET en /api/views/products- 9/15/2024, 6:14:43 PM
info: GET en /js/products.js- 9/15/2024, 6:14:44 PM
info: GET en /js/products.js- 9/15/2024, 6:14:44 PM
info: GET en /js/cart.js- 9/15/2024, 6:14:44 PM
info: GET en /js/cart.js- 9/15/2024, 6:14:44 PM
info: GET en /api/views/products- 9/15/2024, 6:14:44 PM
info: GET en /api/views/products- 9/15/2024, 6:14:44 PM
info: GET en /api/views/products- 9/15/2024, 6:14:44 PM
info: GET en /api/views/products- 9/15/2024, 6:14:44 PM
info: GET en /favicon.ico- 9/15/2024, 6:14:45 PM
info: GET en /favicon.ico- 9/15/2024, 6:14:45 PM
info: GET en /api/sessions/login- 9/15/2024, 6:14:47 PM
info: GET en /api/sessions/login- 9/15/2024, 6:14:47 PM
info: GET en /js/login.js- 9/15/2024, 6:14:47 PM
info: GET en /js/login.js- 9/15/2024, 6:14:47 PM
info: GET en /api/sessions/register- 9/15/2024, 6:14:50 PM
info: GET en /api/sessions/register- 9/15/2024, 6:14:50 PM
info: GET en /js/register.js- 9/15/2024, 6:14:50 PM
info: GET en /js/register.js- 9/15/2024, 6:14:50 PM
info: POST en /api/sessions/register- 9/15/2024, 6:15:04 PM
info: POST en /api/sessions/register- 9/15/2024, 6:15:04 PM
info: GET en /api/views/products- 9/15/2024, 6:15:06 PM
info: GET en /api/views/products- 9/15/2024, 6:15:06 PM
info: GET en /api/views/products- 9/15/2024, 6:15:06 PM
info: GET en /api/views/products- 9/15/2024, 6:15:06 PM
info: GET en /js/products.js- 9/15/2024, 6:15:06 PM
info: GET en /js/products.js- 9/15/2024, 6:15:06 PM
info: GET en /js/cart.js- 9/15/2024, 6:15:06 PM
info: GET en /js/cart.js- 9/15/2024, 6:15:06 PM
info: POST en /api/carts/66e74e580569effd729b96ae/product/664b0207bda9e82892bdbcae- 9/15/2024, 6:15:36 PM
info: POST en /api/carts/66e74e580569effd729b96ae/product/664b0207bda9e82892bdbcae- 9/15/2024, 6:15:36 PM
info: POST en /api/carts/66e74e580569effd729b96ae/product/664b0292bda9e82892bdbcd4- 9/15/2024, 6:15:37 PM
info: POST en /api/carts/66e74e580569effd729b96ae/product/664b0292bda9e82892bdbcd4- 9/15/2024, 6:15:37 PM
info: GET en /api/views/purchase- 9/15/2024, 6:15:40 PM
info: GET en /api/views/purchase- 9/15/2024, 6:15:40 PM
info: GET en /js/ticket.js- 9/15/2024, 6:15:41 PM
info: GET en /js/ticket.js- 9/15/2024, 6:15:41 PM
info: POST en /api/carts/purchase- 9/15/2024, 6:15:53 PM
info: POST en /api/carts/purchase- 9/15/2024, 6:15:53 PM
info: GET en /- 9/15/2024, 6:15:56 PM
info: GET en /- 9/15/2024, 6:15:56 PM
info: GET en /api/views/products- 9/15/2024, 6:15:56 PM
info: GET en /api/views/products- 9/15/2024, 6:15:56 PM
info: GET en /api/views/products- 9/15/2024, 6:15:56 PM
info: GET en /api/views/products- 9/15/2024, 6:15:56 PM
info: GET en /js/products.js- 9/15/2024, 6:15:56 PM
info: GET en /js/products.js- 9/15/2024, 6:15:56 PM
info: GET en /js/cart.js- 9/15/2024, 6:15:56 PM
info: GET en /js/cart.js- 9/15/2024, 6:15:56 PM
info: GET en /favicon.ico- 9/15/2024, 6:15:56 PM
info: GET en /favicon.ico- 9/15/2024, 6:15:56 PM
info: GET en /- 9/15/2024, 6:16:16 PM
info: GET en /- 9/15/2024, 6:16:16 PM
info: GET en /api/views/products- 9/15/2024, 6:16:16 PM
info: GET en /api/views/products- 9/15/2024, 6:16:16 PM
info: GET en /api/views/products- 9/15/2024, 6:16:17 PM
info: GET en /api/views/products- 9/15/2024, 6:16:17 PM
info: GET en /js/products.js- 9/15/2024, 6:16:17 PM
info: GET en /js/products.js- 9/15/2024, 6:16:17 PM
info: GET en /js/cart.js- 9/15/2024, 6:16:17 PM
info: GET en /js/cart.js- 9/15/2024, 6:16:17 PM
info: GET en /favicon.ico- 9/15/2024, 6:16:17 PM
info: GET en /favicon.ico- 9/15/2024, 6:16:17 PM
info: POST en /api/carts/66e74e580569effd729b96ae/product/664b0292bda9e82892bdbcd4- 9/15/2024, 6:16:20 PM
info: POST en /api/carts/66e74e580569effd729b96ae/product/664b0292bda9e82892bdbcd4- 9/15/2024, 6:16:20 PM
info: GET en /api/views/purchase- 9/15/2024, 6:16:28 PM
info: GET en /api/views/purchase- 9/15/2024, 6:16:28 PM
info: GET en /js/ticket.js- 9/15/2024, 6:16:29 PM
info: GET en /js/ticket.js- 9/15/2024, 6:16:29 PM
info: GET en /favicon.ico- 9/15/2024, 6:16:30 PM
info: GET en /favicon.ico- 9/15/2024, 6:16:30 PM
